-- phpMyAdmin SQL Dump
-- version 4.9.0.1
-- https://www.phpmyadmin.net/
--
-- Хост: 127.0.0.1:3306
-- Время создания: Янв 05 2021 г., 15:50
-- Версия сервера: 8.0.15
-- Версия PHP: 7.3.9

SET SQL_MODE = "NO_AUTO_VALUE_ON_ZERO";
SET AUTOCOMMIT = 0;
START TRANSACTION;
SET time_zone = "+00:00";


/*!40101 SET @OLD_CHARACTER_SET_CLIENT=@@CHARACTER_SET_CLIENT */;
/*!40101 SET @OLD_CHARACTER_SET_RESULTS=@@CHARACTER_SET_RESULTS */;
/*!40101 SET @OLD_COLLATION_CONNECTION=@@COLLATION_CONNECTION */;
/*!40101 SET NAMES utf8mb4 */;

--
-- База данных: `forges`
--

-- --------------------------------------------------------

--
-- Структура таблицы `account_statuses`
--

CREATE TABLE `account_statuses` (
  `id` int(11) NOT NULL,
  `name` char(17) NOT NULL
) ENGINE=InnoDB DEFAULT CHARSET=utf8;

--
-- Дамп данных таблицы `account_statuses`
--

INSERT INTO `account_statuses` (`id`, `name`) VALUES
(1, 'активен'),
(2, 'не активен');

-- --------------------------------------------------------

--
-- Структура таблицы `additioninorder`
--

CREATE TABLE `additioninorder` (
  `id` int(11) NOT NULL,
  `id_addition` int(11) NOT NULL,
  `id_order` int(11) NOT NULL
) ENGINE=InnoDB DEFAULT CHARSET=utf8;

--
-- Дамп данных таблицы `additioninorder`
--

INSERT INTO `additioninorder` (`id`, `id_addition`, `id_order`) VALUES
(5, 2, 11),
(6, 2, 13),
(7, 2, 14),
(8, 3, 17),
(9, 3, 18),
(10, 3, 19),
(11, 3, 20),
(12, 2, 22),
(13, 3, 26),
(14, 2, 27),
(15, 3, 27),
(16, 3, 28),
(17, 3, 34),
(19, 3, 38),
(20, 3, 39),
(21, 3, 41),
(22, 3, 42),
(23, 3, 43),
(24, 2, 46),
(25, 3, 49),
(26, 2, 55),
(27, 3, 55),
(28, 3, 60),
(29, 3, 67),
(30, 2, 68),
(31, 3, 68),
(32, 3, 71),
(33, 3, 72),
(34, 3, 77),
(35, 3, 80),
(36, 3, 89),
(37, 2, 91),
(38, 3, 92),
(39, 2, 93),
(40, 3, 95),
(41, 3, 97),
(42, 2, 98),
(43, 2, 99),
(44, 2, 100),
(45, 3, 100),
(46, 2, 101),
(47, 3, 101),
(48, 3, 102),
(49, 3, 107),
(50, 2, 108),
(51, 3, 108),
(52, 2, 110),
(53, 3, 110),
(54, 2, 111),
(55, 3, 112),
(56, 2, 113),
(57, 3, 113),
(58, 3, 115),
(59, 3, 117),
(60, 2, 118),
(61, 2, 119),
(62, 2, 121),
(63, 3, 121),
(64, 2, 122),
(65, 3, 122),
(66, 3, 125),
(67, 2, 129),
(68, 3, 130);

-- --------------------------------------------------------

--
-- Структура таблицы `additionofblade`
--

CREATE TABLE `additionofblade` (
  `id` int(11) NOT NULL,
  `name` char(30) NOT NULL,
  `description` text NOT NULL,
  `image` char(30) DEFAULT NULL,
  `image_description` char(30) DEFAULT NULL,
  `damask` int(11) NOT NULL DEFAULT '1',
  `viewable` int(11) DEFAULT '1',
  `price` int(11) NOT NULL DEFAULT '0'
) ENGINE=InnoDB DEFAULT CHARSET=utf8;

--
-- Дамп данных таблицы `additionofblade`
--

INSERT INTO `additionofblade` (`id`, `name`, `description`, `image`, `image_description`, `damask`, `viewable`, `price`) VALUES
(1, 'Дол', 'Дол представляет собой продолговатое углубление чуть ниже обуха. Служит для облегчения клинка.', NULL, 'dol.svg', 1, 2, 0),
(2, 'Следы ковки', 'Следы ковки добавляют \"живости\" ножу.', 'kovka.jpg', NULL, 2, 1, 0),
(3, 'Сквозной монтаж', 'Сквозной монтаж добавляет прочности ножу. Хвостовик проходит сквозь рукоять и закрепляется гайкой.', NULL, 'skvoz.svg', 1, 1, 300);

-- --------------------------------------------------------

--
-- Структура таблицы `areas`
--

CREATE TABLE `areas` (
  `id` int(11) NOT NULL,
  `name` char(17) NOT NULL,
  `fst_hours` int(11) NOT NULL,
  `scnd_hours` int(11) NOT NULL
) ENGINE=InnoDB DEFAULT CHARSET=utf8;

--
-- Дамп данных таблицы `areas`
--

INSERT INTO `areas` (`id`, `name`, `fst_hours`, `scnd_hours`) VALUES
(1, 'Европа', -1, 2),
(2, 'Центр', 4, 5),
(3, 'Азия', 6, 9);

-- --------------------------------------------------------

--
-- Структура таблицы `bent`
--

CREATE TABLE `bent` (
  `id` int(11) NOT NULL,
  `name` char(10) NOT NULL
) ENGINE=InnoDB DEFAULT CHARSET=utf8;

--
-- Дамп данных таблицы `bent`
--

INSERT INTO `bent` (`id`, `name`) VALUES
(1, 'Изогнут'),
(2, 'Не изогнут');

-- --------------------------------------------------------

--
-- Структура таблицы `checkchanges`
--

CREATE TABLE `checkchanges` (
  `id` int(11) NOT NULL,
  `description` text NOT NULL,
  `number_of_change` int(11) NOT NULL
) ENGINE=InnoDB DEFAULT CHARSET=utf8;

--
-- Дамп данных таблицы `checkchanges`
--

INSERT INTO `checkchanges` (`id`, `description`, `number_of_change`) VALUES
(1, 'На заказ из конструктора', 1),
(2, 'На индивидуальный заказ', 1),
(3, 'На заказ из корзины', 1),
(4, 'На изменение продуктов', 1);

-- --------------------------------------------------------

--
-- Структура таблицы `damask`
--

CREATE TABLE `damask` (
  `id` int(11) NOT NULL,
  `name` char(30) NOT NULL
) ENGINE=InnoDB DEFAULT CHARSET=utf8;

--
-- Дамп данных таблицы `damask`
--

INSERT INTO `damask` (`id`, `name`) VALUES
(1, 'нет'),
(2, 'да');

-- --------------------------------------------------------

--
-- Структура таблицы `device_information`
--

CREATE TABLE `device_information` (
  `id` bigint(20) UNSIGNED NOT NULL,
  `user_id` int(10) UNSIGNED NOT NULL,
  `date` timestamp NOT NULL DEFAULT CURRENT_TIMESTAMP,
  `orientation` text CHARACTER SET utf8 COLLATE utf8_unicode_ci NOT NULL,
  `light` text CHARACTER SET utf8 COLLATE utf8_unicode_ci NOT NULL,
  `battery` text CHARACTER SET utf8 COLLATE utf8_unicode_ci NOT NULL
) ENGINE=InnoDB DEFAULT CHARSET=utf8 COLLATE=utf8_unicode_ci;

--
-- Дамп данных таблицы `device_information`
--

INSERT INTO `device_information` (`id`, `user_id`, `orientation`, `light`, `battery`) VALUES
(1, 1, 'Горизонтально', 'Не поддерживается', '50%'),
(2, 1, 'Горизонтально', 'Не поддерживается', '50%'),
(3, 1, 'Горизонтально', 'Не поддерживается', '50%'),
(4, 1, 'Горизонтально', 'Не поддерживается', '50%'),
(5, 1, 'Горизонтально', 'Не поддерживается', '50%'),
(6, 1, 'Горизонтально', 'Не поддерживается', '50%'),
(7, 1, 'Горизонтально', 'Не поддерживается', '50%'),
(8, 2, 'Вертикально', 'Не поддерживается', '96%'),
(9, 2, 'Горизонтально', 'Не поддерживается', '96%'),
(10, 2, 'Горизонтально', 'Не поддерживается', '96%'),
(11, 2, 'Вертикально', 'Не поддерживается', '96%'),
(12, 2, 'Вертикально', 'Не поддерживается', '96%'),
(13, 2, 'Вертикально', 'Не поддерживается', '96%'),
(14, 2, 'Вертикально', 'Не поддерживается', '96%'),
(15, 2, 'Вертикально', 'Не поддерживается', '96%'),
(16, 2, 'Вертикально', 'Не поддерживается', '96%'),
(17, 2, 'Вертикально', 'Не поддерживается', '96%'),
(18, 2, 'Вертикально', 'Не поддерживается', '96%'),
(19, 2, 'Вертикально', 'Не поддерживается', '96%'),
(20, 2, 'Вертикально', 'Не поддерживается', '96%'),
(21, 2, 'Вертикально', 'Не поддерживается', '96%'),
(22, 2, 'Вертикально', 'Не поддерживается', '96%'),
(23, 2, 'Вертикально', 'Не поддерживается', '96%'),
(24, 2, 'Вертикально', 'Не поддерживается', '96%'),
(25, 2, 'Вертикально', 'Не поддерживается', '96%'),
(26, 2, 'Вертикально', 'Не поддерживается', '96%'),
(27, 2, 'Вертикально', 'Не поддерживается', '96%'),
(28, 2, 'Вертикально', 'Не поддерживается', '96%'),
(29, 2, 'Вертикально', 'Не поддерживается', '96%'),
(30, 2, 'Вертикально', 'Не поддерживается', '96%'),
(31, 2, 'Вертикально', 'Не поддерживается', '96%'),
(32, 2, 'Вертикально', 'Не поддерживается', '96%'),
(33, 2, 'Вертикально', 'Не поддерживается', '96%'),
(34, 2, 'Вертикально', 'Не поддерживается', '96%'),
(35, 2, 'Вертикально', 'Не поддерживается', '96%'),
(36, 2, 'Вертикально', 'Не поддерживается', '96%'),
(37, 2, 'Вертикально', 'Не поддерживается', '96%'),
(38, 2, 'Вертикально', 'Не поддерживается', '96%'),
(39, 2, 'Вертикально', 'Не поддерживается', '96%'),
(40, 2, 'Вертикально', 'Не поддерживается', '96%'),
(41, 2, 'Вертикально', 'Не поддерживается', '96%'),
(42, 2, 'Вертикально', 'Не поддерживается', '96%'),
(43, 2, 'Вертикально', 'Не поддерживается', '96%'),
(44, 2, 'Вертикально', 'Не поддерживается', '96%'),
(45, 2, 'Вертикально', 'Не поддерживается', '96%'),
(46, 2, 'Вертикально', 'Не поддерживается', '96%'),
(47, 2, 'Вертикально', 'Не поддерживается', '96%'),
(48, 2, 'Вертикально', 'Не поддерживается', '96%'),
(49, 2, 'Вертикально', 'Не поддерживается', '96%'),
(50, 2, 'Вертикально', 'Не поддерживается', '96%'),
(51, 2, 'Вертикально', 'Не поддерживается', '96%'),
(52, 2, 'Вертикально', 'Не поддерживается', '96%'),
(53, 2, 'Вертикально', 'Не поддерживается', '96%'),
(54, 2, 'Вертикально', 'Не поддерживается', '96%'),
(55, 2, 'Вертикально', 'Не поддерживается', '96%'),
(56, 2, 'Вертикально', 'Не поддерживается', '96%'),
(57, 2, 'Вертикально', 'Не поддерживается', '96%'),
(58, 2, 'Вертикально', 'Не поддерживается', '96%'),
(59, 2, 'Вертикально', 'Не поддерживается', '96%'),
(60, 2, 'Вертикально', 'Не поддерживается', '96%'),
(61, 2, 'Вертикально', 'Не поддерживается', '96%'),
(62, 2, 'Вертикально', 'Не поддерживается', '96%'),
(63, 2, 'Вертикально', 'Не поддерживается', '96%'),
(64, 2, 'Вертикально', 'Не поддерживается', '96%'),
(65, 2, 'Вертикально', 'Не поддерживается', '96%'),
(66, 2, 'Вертикально', 'Не поддерживается', '96%'),
(67, 2, 'Вертикально', 'Не поддерживается', '96%'),
(68, 2, 'Вертикально', 'Не поддерживается', '96%'),
(69, 2, 'Вертикально', 'Не поддерживается', '96%'),
(70, 2, 'Вертикально', 'Не поддерживается', '96%'),
(71, 2, 'Вертикально', 'Не поддерживается', '96%'),
(72, 2, 'Вертикально', 'Не поддерживается', '96%'),
(73, 2, 'Вертикально', 'Не поддерживается', '96%'),
(74, 2, 'Вертикально', 'Не поддерживается', '96%'),
(75, 2, 'Вертикально', 'Не поддерживается', '96%'),
(76, 2, 'Вертикально', 'Не поддерживается', '96%'),
(77, 2, 'Вертикально', 'Не поддерживается', '96%'),
(78, 2, 'Вертикально', 'Не поддерживается', '96%'),
(79, 2, 'Вертикально', 'Не поддерживается', '96%'),
(80, 2, 'Вертикально', 'Не поддерживается', '96%'),
(81, 2, 'Вертикально', 'Не поддерживается', '96%'),
(82, 2, 'Вертикально', 'Не поддерживается', '96%'),
(83, 2, 'Вертикально', 'Не поддерживается', '96%'),
(84, 2, 'Вертикально', 'Не поддерживается', '96%'),
(85, 2, 'Вертикально', 'Не поддерживается', '96%'),
(86, 2, 'Вертикально', 'Не поддерживается', '96%'),
(87, 2, 'Вертикально', 'Не поддерживается', '96%'),
(88, 2, 'Вертикально', 'Не поддерживается', '96%'),
(89, 2, 'Вертикально', 'Не поддерживается', '96%'),
(90, 2, 'Вертикально', 'Не поддерживается', '96%'),
(91, 2, 'Вертикально', 'Не поддерживается', '96%'),
(92, 2, 'Вертикально', 'Не поддерживается', '96%'),
(93, 2, 'Вертикально', 'Не поддерживается', '96%'),
(94, 2, 'Вертикально', 'Не поддерживается', '96%'),
(95, 2, 'Вертикально', 'Не поддерживается', '96%'),
(96, 2, 'Вертикально', 'Не поддерживается', '96%'),
(97, 2, 'Вертикально', 'Не поддерживается', '96%'),
(98, 2, 'Вертикально', 'Не поддерживается', '96%'),
(99, 2, 'Вертикально', 'Не поддерживается', '96%'),
(100, 2, 'Вертикально', 'Не поддерживается', '96%'),
(101, 2, 'Вертикально', 'Не поддерживается', '96%'),
(102, 2, 'Вертикально', 'Не поддерживается', '96%'),
(103, 2, 'Вертикально', 'Не поддерживается', '96%'),
(104, 2, 'Вертикально', 'Не поддерживается', '96%'),
(105, 2, 'Вертикально', 'Не поддерживается', '96%'),
(106, 2, 'Вертикально', 'Не поддерживается', '96%'),
(107, 2, 'Вертикально', 'Не поддерживается', '96%'),
(108, 2, 'Вертикально', 'Не поддерживается', '96%'),
(109, 2, 'Вертикально', 'Не поддерживается', '96%'),
(110, 2, 'Вертикально', 'Не поддерживается', '96%'),
(111, 2, 'Вертикально', 'Не поддерживается', '96%'),
(112, 2, 'Вертикально', 'Не поддерживается', '96%'),
(113, 2, 'Вертикально', 'Не поддерживается', '96%'),
(114, 2, 'Вертикально', 'Не поддерживается', '96%'),
(115, 2, 'Вертикально', 'Не поддерживается', '96%'),
(116, 2, 'Вертикально', 'Не поддерживается', '96%'),
(117, 2, 'Вертикально', 'Не поддерживается', '96%'),
(118, 2, 'Вертикально', 'Не поддерживается', '96%'),
(119, 2, 'Вертикально', 'Не поддерживается', '96%'),
(120, 2, 'Вертикально', 'Не поддерживается', '96%'),
(121, 2, 'Вертикально', 'Не поддерживается', '96%'),
(122, 2, 'Вертикально', 'Не поддерживается', '96%'),
(123, 2, 'Вертикально', 'Не поддерживается', '96%'),
(124, 2, 'Вертикально', 'Не поддерживается', '96%'),
(125, 2, 'Вертикально', 'Не поддерживается', '96%'),
(126, 2, 'Вертикально', 'Не поддерживается', '96%'),
(127, 2, 'Вертикально', 'Не поддерживается', '96%'),
(128, 2, 'Вертикально', 'Не поддерживается', '96%'),
(129, 2, 'Вертикально', 'Не поддерживается', '96%'),
(130, 2, 'Вертикально', 'Не поддерживается', '96%'),
(131, 2, 'Вертикально', 'Не поддерживается', '96%'),
(132, 2, 'Вертикально', 'Не поддерживается', '96%'),
(133, 2, 'Вертикально', 'Не поддерживается', '96%'),
(134, 2, 'Вертикально', 'Не поддерживается', '96%'),
(135, 2, 'Вертикально', 'Не поддерживается', '96%'),
(136, 2, 'Вертикально', 'Не поддерживается', '96%'),
(137, 2, 'Вертикально', 'Не поддерживается', '96%'),
(138, 2, 'Вертикально', 'Не поддерживается', '96%'),
(139, 2, 'Вертикально', 'Не поддерживается', '96%'),
(140, 2, 'Вертикально', 'Не поддерживается', '96%'),
(141, 2, 'Вертикально', 'Не поддерживается', '96%'),
(142, 2, 'Вертикально', 'Не поддерживается', '96%'),
(143, 2, 'Вертикально', 'Не поддерживается', '96%'),
(144, 2, 'Вертикально', 'Не поддерживается', '96%'),
(145, 2, 'Вертикально', 'Не поддерживается', '96%'),
(146, 2, 'Вертикально', 'Не поддерживается', '96%'),
(147, 2, 'Вертикально', 'Не поддерживается', '96%'),
(148, 2, 'Вертикально', 'Не поддерживается', '96%'),
(149, 2, 'Вертикально', 'Не поддерживается', '96%'),
(150, 2, 'Вертикально', 'Не поддерживается', '96%'),
(151, 2, 'Вертикально', 'Не поддерживается', '96%'),
(152, 2, 'Вертикально', 'Не поддерживается', '96%'),
(153, 2, 'Вертикально', 'Не поддерживается', '96%'),
(154, 2, 'Вертикально', 'Не поддерживается', '96%'),
(155, 2, 'Вертикально', 'Не поддерживается', '96%'),
(156, 2, 'Вертикально', 'Не поддерживается', '96%'),
(157, 2, 'Вертикально', 'Не поддерживается', '96%'),
(158, 2, 'Вертикально', 'Не поддерживается', '96%'),
(159, 2, 'Вертикально', 'Не поддерживается', '96%'),
(160, 2, 'Вертикально', 'Не поддерживается', '96%'),
(161, 2, 'Вертикально', 'Не поддерживается', '96%'),
(162, 2, 'Вертикально', 'Не поддерживается', '96%'),
(163, 2, 'Вертикально', 'Не поддерживается', '96%'),
(164, 2, 'Вертикально', 'Не поддерживается', '96%'),
(165, 2, 'Вертикально', 'Не поддерживается', '96%'),
(166, 2, 'Вертикально', 'Не поддерживается', '96%'),
(167, 2, 'Вертикально', 'Не поддерживается', '96%'),
(168, 2, 'Вертикально', 'Не поддерживается', '96%'),
(169, 2, 'Вертикально', 'Не поддерживается', '96%'),
(170, 2, 'Вертикально', 'Не поддерживается', '96%'),
(171, 2, 'Вертикально', 'Не поддерживается', '96%'),
(172, 2, 'Вертикально', 'Не поддерживается', '96%'),
(173, 2, 'Вертикально', 'Не поддерживается', '96%'),
(174, 2, 'Вертикально', 'Не поддерживается', '96%'),
(175, 2, 'Вертикально', 'Не поддерживается', '96%'),
(176, 2, 'Вертикально', 'Не поддерживается', '96%'),
(177, 2, 'Вертикально', 'Не поддерживается', '96%'),
(178, 2, 'Вертикально', 'Не поддерживается', '96%'),
(179, 2, 'Вертикально', 'Не поддерживается', '96%'),
(180, 2, 'Вертикально', 'Не поддерживается', '96%'),
(181, 2, 'Вертикально', 'Не поддерживается', '96%'),
(182, 2, 'Вертикально', 'Не поддерживается', '96%'),
(183, 2, 'Вертикально', 'Не поддерживается', '96%'),
(184, 2, 'Вертикально', 'Не поддерживается', '96%'),
(185, 2, 'Вертикально', 'Не поддерживается', '96%'),
(186, 2, 'Вертикально', 'Не поддерживается', '96%'),
(187, 2, 'Вертикально', 'Не поддерживается', '96%'),
(188, 2, 'Вертикально', 'Не поддерживается', '96%'),
(189, 2, 'Вертикально', 'Не поддерживается', '96%'),
(190, 2, 'Вертикально', 'Не поддерживается', '96%'),
(191, 2, 'Вертикально', 'Не поддерживается', '96%'),
(192, 2, 'Вертикально', 'Не поддерживается', '96%'),
(193, 2, 'Вертикально', 'Не поддерживается', '96%'),
(194, 2, 'Вертикально', 'Не поддерживается', '96%'),
(195, 2, 'Вертикально', 'Не поддерживается', '96%'),
(196, 2, 'Вертикально', 'Не поддерживается', '96%'),
(197, 2, 'Вертикально', 'Не поддерживается', '96%'),
(198, 2, 'Вертикально', 'Не поддерживается', '96%'),
(199, 2, 'Вертикально', 'Не поддерживается', '96%'),
(200, 2, 'Вертикально', 'Не поддерживается', '96%'),
(201, 2, 'Вертикально', 'Не поддерживается', '96%'),
(202, 2, 'Вертикально', 'Не поддерживается', '96%'),
(203, 2, 'Вертикально', 'Не поддерживается', '96%'),
(204, 2, 'Вертикально', 'Не поддерживается', '96%'),
(205, 2, 'Вертикально', 'Не поддерживается', '96%'),
(206, 2, 'Вертикально', 'Не поддерживается', '96%'),
(207, 2, 'Вертикально', 'Не поддерживается', '96%'),
(208, 2, 'Вертикально', 'Не поддерживается', '96%'),
(209, 2, 'Вертикально', 'Не поддерживается', '96%'),
(210, 2, 'Вертикально', 'Не поддерживается', '96%'),
(211, 2, 'Вертикально', 'Не поддерживается', '96%'),
(212, 2, 'Вертикально', 'Не поддерживается', '96%'),
(213, 2, 'Вертикально', 'Не поддерживается', '96%'),
(214, 2, 'Вертикально', 'Не поддерживается', '96%'),
(215, 2, 'Вертикально', 'Не поддерживается', '96%'),
(216, 2, 'Вертикально', 'Не поддерживается', '96%'),
(217, 2, 'Вертикально', 'Не поддерживается', '96%'),
(218, 2, 'Вертикально', 'Не поддерживается', '96%'),
(219, 2, 'Вертикально', 'Не поддерживается', '96%'),
(220, 2, 'Вертикально', 'Не поддерживается', '96%'),
(221, 2, 'Вертикально', 'Не поддерживается', '96%'),
(222, 2, 'Вертикально', 'Не поддерживается', '96%'),
(223, 2, 'Вертикально', 'Не поддерживается', '96%'),
(224, 2, 'Вертикально', 'Не поддерживается', '96%'),
(225, 2, 'Вертикально', 'Не поддерживается', '96%'),
(226, 2, 'Вертикально', 'Не поддерживается', '96%'),
(227, 2, 'Вертикально', 'Не поддерживается', '96%'),
(228, 2, 'Вертикально', 'Не поддерживается', '96%'),
(229, 2, 'Вертикально', 'Не поддерживается', '96%'),
(230, 2, 'Вертикально', 'Не поддерживается', '96%'),
(231, 2, 'Вертикально', 'Не поддерживается', '96%'),
(232, 2, 'Вертикально', 'Не поддерживается', '96%'),
(233, 2, 'Вертикально', 'Не поддерживается', '96%'),
(234, 2, 'Вертикально', 'Не поддерживается', '96%'),
(235, 2, 'Вертикально', 'Не поддерживается', '96%'),
(236, 2, 'Вертикально', 'Не поддерживается', '96%'),
(237, 2, 'Вертикально', 'Не поддерживается', '96%'),
(238, 2, 'Вертикально', 'Не поддерживается', '96%'),
(239, 2, 'Вертикально', 'Не поддерживается', '96%'),
(240, 2, 'Вертикально', 'Не поддерживается', '96%'),
(241, 2, 'Вертикально', 'Не поддерживается', '96%'),
(242, 2, 'Вертикально', 'Не поддерживается', '96%'),
(243, 2, 'Вертикально', 'Не поддерживается', '96%'),
(244, 2, 'Вертикально', 'Не поддерживается', '96%'),
(245, 2, 'Вертикально', 'Не поддерживается', '96%'),
(246, 2, 'Вертикально', 'Не поддерживается', '96%'),
(247, 2, 'Вертикально', 'Не поддерживается', '96%'),
(248, 2, 'Вертикально', 'Не поддерживается', '96%'),
(249, 2, 'Вертикально', 'Не поддерживается', '96%'),
(250, 2, 'Вертикально', 'Не поддерживается', '96%'),
(251, 2, 'Вертикально', 'Не поддерживается', '96%'),
(252, 2, 'Вертикально', 'Не поддерживается', '96%'),
(253, 2, 'Вертикально', 'Не поддерживается', '96%'),
(254, 2, 'Вертикально', 'Не поддерживается', '96%'),
(255, 2, 'Вертикально', 'Не поддерживается', '96%'),
(256, 2, 'Вертикально', 'Не поддерживается', '96%'),
(257, 2, 'Вертикально', 'Не поддерживается', '96%'),
(258, 2, 'Вертикально', 'Не поддерживается', '96%'),
(259, 2, 'Вертикально', 'Не поддерживается', '96%'),
(260, 2, 'Вертикально', 'Не поддерживается', '96%'),
(261, 2, 'Вертикально', 'Не поддерживается', '96%'),
(262, 2, 'Вертикально', 'Не поддерживается', '96%'),
(263, 2, 'Вертикально', 'Не поддерживается', '96%'),
(264, 2, 'Вертикально', 'Не поддерживается', '96%'),
(265, 2, 'Вертикально', 'Не поддерживается', '96%'),
(266, 2, 'Вертикально', 'Не поддерживается', '96%'),
(267, 2, 'Вертикально', 'Не поддерживается', '96%'),
(268, 2, 'Вертикально', 'Не поддерживается', '96%'),
(269, 2, 'Вертикально', 'Не поддерживается', '96%'),
(270, 2, 'Вертикально', 'Не поддерживается', '96%'),
(271, 2, 'Вертикально', 'Не поддерживается', '96%'),
(272, 2, 'Вертикально', 'Не поддерживается', '96%'),
(273, 2, 'Вертикально', 'Не поддерживается', '96%'),
(274, 2, 'Вертикально', 'Не поддерживается', '96%'),
(275, 2, 'Вертикально', 'Не поддерживается', '96%'),
(276, 2, 'Вертикально', 'Не поддерживается', '96%'),
(277, 2, 'Вертикально', 'Не поддерживается', '96%'),
(278, 2, 'Вертикально', 'Не поддерживается', '96%'),
(279, 2, 'Вертикально', 'Не поддерживается', '96%'),
(280, 2, 'Вертикально', 'Не поддерживается', '96%'),
(281, 2, 'Вертикально', 'Не поддерживается', '96%'),
(282, 2, 'Вертикально', 'Не поддерживается', '96%'),
(283, 2, 'Вертикально', 'Не поддерживается', '96%'),
(284, 2, 'Вертикально', 'Не поддерживается', '96%'),
(285, 2, 'Вертикально', 'Не поддерживается', '96%'),
(286, 2, 'Вертикально', 'Не поддерживается', '96%'),
(287, 2, 'Вертикально', 'Не поддерживается', '96%'),
(288, 2, 'Вертикально', 'Не поддерживается', '96%'),
(289, 2, 'Вертикально', 'Не поддерживается', '96%'),
(290, 2, 'Вертикально', 'Не поддерживается', '96%'),
(291, 2, 'Вертикально', 'Не поддерживается', '96%'),
(292, 2, 'Вертикально', 'Не поддерживается', '96%'),
(293, 2, 'Вертикально', 'Не поддерживается', '96%'),
(294, 2, 'Вертикально', 'Не поддерживается', '96%'),
(295, 2, 'Вертикально', 'Не поддерживается', '96%'),
(296, 2, 'Вертикально', 'Не поддерживается', '96%'),
(297, 2, 'Вертикально', 'Не поддерживается', '96%'),
(298, 2, 'Вертикально', 'Не поддерживается', '96%'),
(299, 2, 'Вертикально', 'Не поддерживается', '96%'),
(300, 2, 'Вертикально', 'Не поддерживается', '96%'),
(301, 2, 'Вертикально', 'Не поддерживается', '96%'),
(302, 2, 'Вертикально', 'Не поддерживается', '96%'),
(303, 2, 'Вертикально', 'Не поддерживается', '96%'),
(304, 2, 'Вертикально', 'Не поддерживается', '96%'),
(305, 2, 'Вертикально', 'Не поддерживается', '96%'),
(306, 2, 'Вертикально', 'Не поддерживается', '96%'),
(307, 2, 'Вертикально', 'Не поддерживается', '96%'),
(308, 2, 'Вертикально', 'Не поддерживается', '96%'),
(309, 2, 'Вертикально', 'Не поддерживается', '96%'),
(310, 2, 'Вертикально', 'Не поддерживается', '96%'),
(311, 2, 'Вертикально', 'Не поддерживается', '96%'),
(312, 2, 'Вертикально', 'Не поддерживается', '96%'),
(313, 2, 'Вертикально', 'Не поддерживается', '96%'),
(314, 2, 'Вертикально', 'Не поддерживается', '96%'),
(315, 2, 'Вертикально', 'Не поддерживается', '96%'),
(316, 2, 'Вертикально', 'Не поддерживается', '96%'),
(317, 2, 'Вертикально', 'Не поддерживается', '96%'),
(318, 3, 'Горизонтально', 'Не поддерживается', '46%'),
(319, 3, 'Горизонтально', 'Не поддерживается', '46%'),
(320, 3, 'Горизонтально', 'Не поддерживается', '46%'),
(321, 3, 'Горизонтально', 'Не поддерживается', '46%'),
(322, 3, 'Горизонтально', 'Не поддерживается', '46%'),
(323, 3, 'Горизонтально', 'Не поддерживается', '46%'),
(324, 3, 'Горизонтально', 'Не поддерживается', '46%'),
(325, 3, 'Горизонтально', 'Не поддерживается', '46%'),
(326, 3, 'Горизонтально', 'Не поддерживается', '46%'),
(327, 3, 'Горизонтально', 'Не поддерживается', '46%'),
(328, 3, 'Горизонтально', 'Не поддерживается', '46%'),
(329, 3, 'Горизонтально', 'Не поддерживается', '46%'),
(330, 3, 'Горизонтально', 'Не поддерживается', '46%'),
(331, 3, 'Горизонтально', 'Не поддерживается', '46%'),
(332, 3, 'Горизонтально', 'Не поддерживается', '46%'),
(333, 3, 'Горизонтально', 'Не поддерживается', '46%'),
(334, 3, 'Горизонтально', 'Не поддерживается', '46%'),
(335, 3, 'Горизонтально', 'Не поддерживается', '46%'),
(336, 3, 'Горизонтально', 'Не поддерживается', '46%'),
(337, 3, 'Горизонтально', 'Не поддерживается', '46%'),
(338, 3, 'Горизонтально', 'Не поддерживается', '46%'),
(339, 3, 'Горизонтально', 'Не поддерживается', '46%'),
(340, 3, 'Горизонтально', 'Не поддерживается', '46%'),
(341, 3, 'Горизонтально', 'Не поддерживается', '46%'),
(342, 3, 'Горизонтально', 'Не поддерживается', '46%'),
(343, 3, 'Горизонтально', 'Не поддерживается', '46%'),
(344, 3, 'Горизонтально', 'Не поддерживается', '46%'),
(345, 3, 'Горизонтально', 'Не поддерживается', '46%'),
(346, 3, 'Горизонтально', 'Не поддерживается', '46%'),
(347, 3, 'Горизонтально', 'Не поддерживается', '46%'),
(348, 3, 'Горизонтально', 'Не поддерживается', '46%'),
(349, 3, 'Горизонтально', 'Не поддерживается', '46%'),
(350, 3, 'Горизонтально', 'Не поддерживается', '46%'),
(351, 3, 'Горизонтально', 'Не поддерживается', '46%'),
(352, 3, 'Горизонтально', 'Не поддерживается', '46%'),
(353, 3, 'Горизонтально', 'Не поддерживается', '46%'),
(354, 3, 'Горизонтально', 'Не поддерживается', '46%'),
(355, 3, 'Горизонтально', 'Не поддерживается', '46%'),
(356, 3, 'Горизонтально', 'Не поддерживается', '46%'),
(357, 3, 'Горизонтально', 'Не поддерживается', '46%'),
(358, 3, 'Горизонтально', 'Не поддерживается', '46%'),
(359, 3, 'Горизонтально', 'Не поддерживается', '46%'),
(360, 3, 'Горизонтально', 'Не поддерживается', '46%'),
(361, 3, 'Горизонтально', 'Не поддерживается', '46%'),
(362, 3, 'Горизонтально', 'Не поддерживается', '46%'),
(363, 3, 'Горизонтально', 'Не поддерживается', '46%'),
(364, 3, 'Горизонтально', 'Не поддерживается', '46%'),
(365, 3, 'Горизонтально', 'Не поддерживается', '46%'),
(366, 3, 'Горизонтально', 'Не поддерживается', '46%'),
(367, 3, 'Горизонтально', 'Не поддерживается', '46%'),
(368, 3, 'Горизонтально', 'Не поддерживается', '46%'),
(369, 3, 'Горизонтально', 'Не поддерживается', '46%'),
(370, 3, 'Горизонтально', 'Не поддерживается', '46%'),
(371, 3, 'Горизонтально', 'Не поддерживается', '46%'),
(372, 3, 'Горизонтально', 'Не поддерживается', '46%'),
(373, 3, 'Горизонтально', 'Не поддерживается', '46%'),
(374, 3, 'Горизонтально', 'Не поддерживается', '46%'),
(375, 3, 'Горизонтально', 'Не поддерживается', '46%'),
(376, 3, 'Горизонтально', 'Не поддерживается', '46%'),
(377, 3, 'Горизонтально', 'Не поддерживается', '46%'),
(378, 3, 'Горизонтально', 'Не поддерживается', '46%'),
(379, 3, 'Горизонтально', 'Не поддерживается', '46%'),
(380, 3, 'Горизонтально', 'Не поддерживается', '46%'),
(381, 3, 'Горизонтально', 'Не поддерживается', '46%'),
(382, 3, 'Горизонтально', 'Не поддерживается', '46%'),
(383, 3, 'Горизонтально', 'Не поддерживается', '46%'),
(384, 3, 'Горизонтально', 'Не поддерживается', '46%'),
(385, 3, 'Горизонтально', 'Не поддерживается', '46%'),
(386, 3, 'Горизонтально', 'Не поддерживается', '46%'),
(387, 3, 'Горизонтально', 'Не поддерживается', '46%'),
(388, 3, 'Горизонтально', 'Не поддерживается', '46%'),
(389, 3, 'Горизонтально', 'Не поддерживается', '46%'),
(390, 3, 'Горизонтально', 'Не поддерживается', '46%'),
(391, 3, 'Горизонтально', 'Не поддерживается', '46%'),
(392, 3, 'Горизонтально', 'Не поддерживается', '46%'),
(393, 3, 'Горизонтально', 'Не поддерживается', '46%'),
(394, 3, 'Горизонтально', 'Не поддерживается', '46%'),
(395, 3, 'Горизонтально', 'Не поддерживается', '46%'),
(396, 3, 'Горизонтально', 'Не поддерживается', '46%'),
(397, 3, 'Горизонтально', 'Не поддерживается', '46%'),
(398, 3, 'Горизонтально', 'Не поддерживается', '46%'),
(399, 3, 'Горизонтально', 'Не поддерживается', '46%'),
(400, 3, 'Горизонтально', 'Не поддерживается', '46%'),
(401, 3, 'Горизонтально', 'Не поддерживается', '46%'),
(402, 3, 'Горизонтально', 'Не поддерживается', '46%'),
(403, 3, 'Горизонтально', 'Не поддерживается', '46%'),
(404, 3, 'Горизонтально', 'Не поддерживается', '46%'),
(405, 3, 'Горизонтально', 'Не поддерживается', '46%'),
(406, 3, 'Горизонтально', 'Не поддерживается', '46%'),
(407, 3, 'Горизонтально', 'Не поддерживается', '46%'),
(408, 3, 'Горизонтально', 'Не поддерживается', '46%'),
(409, 3, 'Горизонтально', 'Не поддерживается', '46%'),
(410, 3, 'Горизонтально', 'Не поддерживается', '46%'),
(411, 3, 'Горизонтально', 'Не поддерживается', '46%'),
(412, 3, 'Горизонтально', 'Не поддерживается', '46%'),
(413, 3, 'Горизонтально', 'Не поддерживается', '46%'),
(414, 3, 'Горизонтально', 'Не поддерживается', '46%'),
(415, 3, 'Горизонтально', 'Не поддерживается', '46%'),
(416, 3, 'Горизонтально', 'Не поддерживается', '46%'),
(417, 3, 'Горизонтально', 'Не поддерживается', '46%'),
(418, 3, 'Горизонтально', 'Не поддерживается', '46%'),
(419, 3, 'Горизонтально', 'Не поддерживается', '46%'),
(420, 3, 'Горизонтально', 'Не поддерживается', '46%'),
(421, 3, 'Горизонтально', 'Не поддерживается', '46%'),
(422, 3, 'Горизонтально', 'Не поддерживается', '46%'),
(423, 3, 'Горизонтально', 'Не поддерживается', '46%'),
(424, 3, 'Горизонтально', 'Не поддерживается', '46%'),
(425, 3, 'Горизонтально', 'Не поддерживается', '45%'),
(426, 3, 'Горизонтально', 'Не поддерживается', '45%'),
(427, 3, 'Горизонтально', 'Не поддерживается', '45%'),
(428, 3, 'Горизонтально', 'Не поддерживается', '45%'),
(429, 3, 'Горизонтально', 'Не поддерживается', '45%'),
(430, 3, 'Горизонтально', 'Не поддерживается', '45%'),
(431, 3, 'Горизонтально', 'Не поддерживается', '45%'),
(432, 3, 'Горизонтально', 'Не поддерживается', '45%'),
(433, 3, 'Горизонтально', 'Не поддерживается', '45%'),
(434, 3, 'Горизонтально', 'Не поддерживается', '45%'),
(435, 3, 'Горизонтально', 'Не поддерживается', '45%'),
(436, 3, 'Горизонтально', 'Не поддерживается', '45%'),
(437, 3, 'Горизонтально', 'Не поддерживается', '45%'),
(438, 3, 'Горизонтально', 'Не поддерживается', '45%'),
(439, 3, 'Горизонтально', 'Не поддерживается', '45%'),
(440, 3, 'Горизонтально', 'Не поддерживается', '45%'),
(441, 3, 'Горизонтально', 'Не поддерживается', '45%'),
(442, 3, 'Горизонтально', 'Не поддерживается', '45%'),
(443, 3, 'Горизонтально', 'Не поддерживается', '45%'),
(444, 3, 'Горизонтально', 'Не поддерживается', '45%'),
(445, 3, 'Горизонтально', 'Не поддерживается', '45%'),
(446, 3, 'Горизонтально', 'Не поддерживается', '45%'),
(447, 3, 'Горизонтально', 'Не поддерживается', '45%'),
(448, 3, 'Горизонтально', 'Не поддерживается', '45%'),
(449, 3, 'Горизонтально', 'Не поддерживается', '45%'),
(450, 3, 'Горизонтально', 'Не поддерживается', '45%'),
(451, 3, 'Горизонтально', 'Не поддерживается', '45%'),
(452, 3, 'Горизонтально', 'Не поддерживается', '45%'),
(453, 3, 'Горизонтально', 'Не поддерживается', '45%'),
(454, 3, 'Горизонтально', 'Не поддерживается', '45%'),
(455, 3, 'Горизонтально', 'Не поддерживается', '45%'),
(456, 3, 'Горизонтально', 'Не поддерживается', '45%'),
(457, 3, 'Горизонтально', 'Не поддерживается', '45%'),
(458, 3, 'Горизонтально', 'Не поддерживается', '45%'),
(459, 3, 'Горизонтально', 'Не поддерживается', '45%'),
(460, 3, 'Горизонтально', 'Не поддерживается', '45%'),
(461, 3, 'Горизонтально', 'Не поддерживается', '45%'),
(462, 3, 'Горизонтально', 'Не поддерживается', '45%'),
(463, 3, 'Горизонтально', 'Не поддерживается', '45%'),
(464, 3, 'Горизонтально', 'Не поддерживается', '45%'),
(465, 3, 'Горизонтально', 'Не поддерживается', '45%'),
(466, 3, 'Горизонтально', 'Не поддерживается', '45%'),
(467, 3, 'Горизонтально', 'Не поддерживается', '45%'),
(468, 3, 'Горизонтально', 'Не поддерживается', '45%'),
(469, 3, 'Горизонтально', 'Не поддерживается', '45%'),
(470, 3, 'Горизонтально', 'Не поддерживается', '45%'),
(471, 3, 'Горизонтально', 'Не поддерживается', '45%'),
(472, 3, 'Горизонтально', 'Не поддерживается', '45%'),
(473, 3, 'Горизонтально', 'Не поддерживается', '45%'),
(474, 3, 'Горизонтально', 'Не поддерживается', '45%'),
(475, 3, 'Горизонтально', 'Не поддерживается', '45%'),
(476, 3, 'Горизонтально', 'Не поддерживается', '45%'),
(477, 3, 'Горизонтально', 'Не поддерживается', '45%'),
(478, 3, 'Горизонтально', 'Не поддерживается', '45%'),
(479, 3, 'Горизонтально', 'Не поддерживается', '45%'),
(480, 3, 'Горизонтально', 'Не поддерживается', '45%'),
(481, 3, 'Горизонтально', 'Не поддерживается', '45%'),
(482, 3, 'Горизонтально', 'Не поддерживается', '45%'),
(483, 3, 'Горизонтально', 'Не поддерживается', '45%'),
(484, 3, 'Горизонтально', 'Не поддерживается', '45%'),
(485, 3, 'Горизонтально', 'Не поддерживается', '45%'),
(486, 3, 'Горизонтально', 'Не поддерживается', '45%'),
(487, 3, 'Горизонтально', 'Не поддерживается', '45%'),
(488, 3, 'Горизонтально', 'Не поддерживается', '45%'),
(489, 3, 'Горизонтально', 'Не поддерживается', '45%'),
(490, 3, 'Горизонтально', 'Не поддерживается', '45%'),
(491, 3, 'Горизонтально', 'Не поддерживается', '45%'),
(492, 3, 'Горизонтально', 'Не поддерживается', '45%'),
(493, 3, 'Горизонтально', 'Не поддерживается', '45%'),
(494, 3, 'Горизонтально', 'Не поддерживается', '45%'),
(495, 3, 'Горизонтально', 'Не поддерживается', '45%'),
(496, 3, 'Горизонтально', 'Не поддерживается', '45%'),
(497, 3, 'Горизонтально', 'Не поддерживается', '45%'),
(498, 3, 'Горизонтально', 'Не поддерживается', '45%'),
(499, 3, 'Горизонтально', 'Не поддерживается', '45%'),
(500, 3, 'Горизонтально', 'Не поддерживается', '45%'),
(501, 3, 'Горизонтально', 'Не поддерживается', '45%'),
(502, 3, 'Горизонтально', 'Не поддерживается', '45%'),
(503, 3, 'Горизонтально', 'Не поддерживается', '45%'),
(504, 3, 'Горизонтально', 'Не поддерживается', '45%'),
(505, 3, 'Горизонтально', 'Не поддерживается', '45%'),
(506, 3, 'Горизонтально', 'Не поддерживается', '45%'),
(507, 3, 'Горизонтально', 'Не поддерживается', '45%'),
(508, 3, 'Горизонтально', 'Не поддерживается', '45%'),
(509, 3, 'Горизонтально', 'Не поддерживается', '45%'),
(510, 3, 'Горизонтально', 'Не поддерживается', '45%'),
(511, 3, 'Горизонтально', 'Не поддерживается', '45%'),
(512, 3, 'Горизонтально', 'Не поддерживается', '45%'),
(513, 3, 'Горизонтально', 'Не поддерживается', '45%'),
(514, 3, 'Горизонтально', 'Не поддерживается', '45%'),
(515, 3, 'Горизонтально', 'Не поддерживается', '45%'),
(516, 3, 'Горизонтально', 'Не поддерживается', '45%'),
(517, 3, 'Горизонтально', 'Не поддерживается', '45%'),
(518, 3, 'Горизонтально', 'Не поддерживается', '45%'),
(519, 3, 'Горизонтально', 'Не поддерживается', '45%'),
(520, 3, 'Горизонтально', 'Не поддерживается', '45%'),
(521, 3, 'Горизонтально', 'Не поддерживается', '45%'),
(522, 3, 'Горизонтально', 'Не поддерживается', '45%'),
(523, 3, 'Горизонтально', 'Не поддерживается', '45%'),
(524, 3, 'Горизонтально', 'Не поддерживается', '45%'),
(525, 3, 'Горизонтально', 'Не поддерживается', '45%'),
(526, 3, 'Горизонтально', 'Не поддерживается', '45%'),
(527, 3, 'Горизонтально', 'Не поддерживается', '45%'),
(528, 3, 'Горизонтально', 'Не поддерживается', '45%'),
(529, 3, 'Горизонтально', 'Не поддерживается', '45%'),
(530, 3, 'Горизонтально', 'Не поддерживается', '45%'),
(531, 3, 'Горизонтально', 'Не поддерживается', '45%'),
(532, 3, 'Горизонтально', 'Не поддерживается', '45%'),
(533, 3, 'Горизонтально', 'Не поддерживается', '45%'),
(534, 3, 'Горизонтально', 'Не поддерживается', '45%'),
(535, 3, 'Горизонтально', 'Не поддерживается', '45%'),
(536, 3, 'Горизонтально', 'Не поддерживается', '45%'),
(537, 3, 'Горизонтально', 'Не поддерживается', '45%'),
(538, 3, 'Горизонтально', 'Не поддерживается', '45%'),
(539, 3, 'Горизонтально', 'Не поддерживается', '45%'),
(540, 3, 'Горизонтально', 'Не поддерживается', '45%'),
(541, 3, 'Горизонтально', 'Не поддерживается', '45%'),
(542, 3, 'Горизонтально', 'Не поддерживается', '45%'),
(543, 3, 'Горизонтально', 'Не поддерживается', '45%'),
(544, 3, 'Горизонтально', 'Не поддерживается', '45%'),
(545, 3, 'Горизонтально', 'Не поддерживается', '45%'),
(546, 3, 'Горизонтально', 'Не поддерживается', '45%'),
(547, 3, 'Горизонтально', 'Не поддерживается', '45%'),
(548, 3, 'Горизонтально', 'Не поддерживается', '45%'),
(549, 3, 'Горизонтально', 'Не поддерживается', '45%'),
(550, 3, 'Горизонтально', 'Не поддерживается', '45%'),
(551, 3, 'Горизонтально', 'Не поддерживается', '45%'),
(552, 3, 'Горизонтально', 'Не поддерживается', '45%'),
(553, 3, 'Горизонтально', 'Не поддерживается', '45%'),
(554, 3, 'Горизонтально', 'Не поддерживается', '45%'),
(555, 3, 'Горизонтально', 'Не поддерживается', '45%'),
(556, 3, 'Горизонтально', 'Не поддерживается', '45%'),
(557, 3, 'Горизонтально', 'Не поддерживается', '45%'),
(558, 3, 'Горизонтально', 'Не поддерживается', '45%'),
(559, 3, 'Горизонтально', 'Не поддерживается', '45%'),
(560, 3, 'Горизонтально', 'Не поддерживается', '44%'),
(561, 3, 'Горизонтально', 'Не поддерживается', '44%'),
(562, 3, 'Горизонтально', 'Не поддерживается', '44%'),
(563, 3, 'Горизонтально', 'Не поддерживается', '44%'),
(564, 3, 'Горизонтально', 'Не поддерживается', '44%'),
(565, 3, 'Горизонтально', 'Не поддерживается', '44%'),
(566, 3, 'Горизонтально', 'Не поддерживается', '44%'),
(567, 3, 'Горизонтально', 'Не поддерживается', '44%'),
(568, 3, 'Горизонтально', 'Не поддерживается', '44%'),
(569, 3, 'Горизонтально', 'Не поддерживается', '44%'),
(570, 3, 'Горизонтально', 'Не поддерживается', '44%'),
(571, 3, 'Горизонтально', 'Не поддерживается', '44%'),
(572, 3, 'Горизонтально', 'Не поддерживается', '44%'),
(573, 3, 'Горизонтально', 'Не поддерживается', '44%'),
(574, 3, 'Горизонтально', 'Не поддерживается', '44%'),
(575, 3, 'Горизонтально', 'Не поддерживается', '44%'),
(576, 3, 'Горизонтально', 'Не поддерживается', '44%'),
(577, 3, 'Горизонтально', 'Не поддерживается', '44%'),
(578, 3, 'Горизонтально', 'Не поддерживается', '44%'),
(579, 3, 'Горизонтально', 'Не поддерживается', '44%'),
(580, 3, 'Горизонтально', 'Не поддерживается', '44%'),
(581, 3, 'Горизонтально', 'Не поддерживается', '44%'),
(582, 3, 'Горизонтально', 'Не поддерживается', '44%'),
(583, 3, 'Горизонтально', 'Не поддерживается', '44%'),
(584, 3, 'Горизонтально', 'Не поддерживается', '44%'),
(585, 3, 'Горизонтально', 'Не поддерживается', '44%'),
(586, 3, 'Горизонтально', 'Не поддерживается', '44%'),
(587, 3, 'Горизонтально', 'Не поддерживается', '44%'),
(588, 3, 'Горизонтально', 'Не поддерживается', '44%'),
(589, 3, 'Горизонтально', 'Не поддерживается', '44%'),
(590, 3, 'Горизонтально', 'Не поддерживается', '44%'),
(591, 3, 'Горизонтально', 'Не поддерживается', '44%'),
(592, 3, 'Горизонтально', 'Не поддерживается', '44%'),
(593, 3, 'Горизонтально', 'Не поддерживается', '44%'),
(594, 3, 'Горизонтально', 'Не поддерживается', '44%'),
(595, 3, 'Горизонтально', 'Не поддерживается', '44%'),
(596, 3, 'Горизонтально', 'Не поддерживается', '44%'),
(597, 3, 'Горизонтально', 'Не поддерживается', '44%'),
(598, 3, 'Горизонтально', 'Не поддерживается', '44%'),
(599, 3, 'Горизонтально', 'Не поддерживается', '44%'),
(600, 3, 'Горизонтально', 'Не поддерживается', '44%'),
(601, 3, 'Горизонтально', 'Не поддерживается', '44%'),
(602, 3, 'Горизонтально', 'Не поддерживается', '44%'),
(603, 3, 'Горизонтально', 'Не поддерживается', '44%'),
(604, 3, 'Горизонтально', 'Не поддерживается', '44%'),
(605, 3, 'Горизонтально', 'Не поддерживается', '44%'),
(606, 3, 'Горизонтально', 'Не поддерживается', '44%'),
(607, 3, 'Горизонтально', 'Не поддерживается', '44%'),
(608, 3, 'Горизонтально', 'Не поддерживается', '44%'),
(609, 3, 'Горизонтально', 'Не поддерживается', '44%'),
(610, 3, 'Горизонтально', 'Не поддерживается', '44%'),
(611, 3, 'Горизонтально', 'Не поддерживается', '44%'),
(612, 3, 'Горизонтально', 'Не поддерживается', '44%'),
(613, 3, 'Горизонтально', 'Не поддерживается', '44%'),
(614, 3, 'Горизонтально', 'Не поддерживается', '44%'),
(615, 3, 'Горизонтально', 'Не поддерживается', '44%'),
(616, 3, 'Горизонтально', 'Не поддерживается', '44%'),
(617, 3, 'Горизонтально', 'Не поддерживается', '44%'),
(618, 3, 'Горизонтально', 'Не поддерживается', '44%'),
(619, 3, 'Горизонтально', 'Не поддерживается', '44%'),
(620, 3, 'Горизонтально', 'Не поддерживается', '44%'),
(621, 3, 'Горизонтально', 'Не поддерживается', '44%'),
(622, 3, 'Горизонтально', 'Не поддерживается', '44%'),
(623, 3, 'Горизонтально', 'Не поддерживается', '44%'),
(624, 3, 'Горизонтально', 'Не поддерживается', '44%'),
(625, 3, 'Горизонтально', 'Не поддерживается', '44%'),
(626, 3, 'Горизонтально', 'Не поддерживается', '44%'),
(627, 3, 'Горизонтально', 'Не поддерживается', '44%'),
(628, 3, 'Горизонтально', 'Не поддерживается', '44%'),
(629, 3, 'Горизонтально', 'Не поддерживается', '44%'),
(630, 3, 'Горизонтально', 'Не поддерживается', '44%'),
(631, 3, 'Горизонтально', 'Не поддерживается', '44%'),
(632, 3, 'Горизонтально', 'Не поддерживается', '44%'),
(633, 3, 'Горизонтально', 'Не поддерживается', '44%'),
(634, 3, 'Горизонтально', 'Не поддерживается', '44%'),
(635, 3, 'Горизонтально', 'Не поддерживается', '44%'),
(636, 3, 'Горизонтально', 'Не поддерживается', '44%'),
(637, 3, 'Горизонтально', 'Не поддерживается', '44%'),
(638, 3, 'Горизонтально', 'Не поддерживается', '44%'),
(639, 3, 'Горизонтально', 'Не поддерживается', '44%'),
(640, 3, 'Горизонтально', 'Не поддерживается', '44%'),
(641, 3, 'Горизонтально', 'Не поддерживается', '44%'),
(642, 3, 'Горизонтально', 'Не поддерживается', '44%'),
(643, 3, 'Горизонтально', 'Не поддерживается', '44%'),
(644, 3, 'Горизонтально', 'Не поддерживается', '44%'),
(645, 3, 'Горизонтально', 'Не поддерживается', '44%'),
(646, 3, 'Горизонтально', 'Не поддерживается', '44%'),
(647, 3, 'Горизонтально', 'Не поддерживается', '44%'),
(648, 3, 'Горизонтально', 'Не поддерживается', '44%'),
(649, 3, 'Горизонтально', 'Не поддерживается', '44%'),
(650, 3, 'Горизонтально', 'Не поддерживается', '44%'),
(651, 3, 'Горизонтально', 'Не поддерживается', '44%'),
(652, 3, 'Горизонтально', 'Не поддерживается', '44%'),
(653, 3, 'Горизонтально', 'Не поддерживается', '44%'),
(654, 3, 'Горизонтально', 'Не поддерживается', '44%'),
(655, 3, 'Горизонтально', 'Не поддерживается', '44%'),
(656, 3, 'Горизонтально', 'Не поддерживается', '44%'),
(657, 3, 'Горизонтально', 'Не поддерживается', '44%'),
(658, 3, 'Горизонтально', 'Не поддерживается', '44%'),
(659, 3, 'Горизонтально', 'Не поддерживается', '44%'),
(660, 3, 'Горизонтально', 'Не поддерживается', '44%'),
(661, 3, 'Горизонтально', 'Не поддерживается', '44%'),
(662, 3, 'Горизонтально', 'Не поддерживается', '44%'),
(663, 3, 'Горизонтально', 'Не поддерживается', '44%'),
(664, 3, 'Горизонтально', 'Не поддерживается', '44%'),
(665, 3, 'Горизонтально', 'Не поддерживается', '44%'),
(666, 3, 'Горизонтально', 'Не поддерживается', '44%'),
(667, 3, 'Горизонтально', 'Не поддерживается', '44%'),
(668, 3, 'Горизонтально', 'Не поддерживается', '44%'),
(669, 3, 'Горизонтально', 'Не поддерживается', '44%'),
(670, 3, 'Горизонтально', 'Не поддерживается', '44%'),
(671, 3, 'Горизонтально', 'Не поддерживается', '44%'),
(672, 3, 'Горизонтально', 'Не поддерживается', '44%'),
(673, 3, 'Горизонтально', 'Не поддерживается', '44%'),
(674, 3, 'Горизонтально', 'Не поддерживается', '44%'),
(675, 3, 'Горизонтально', 'Не поддерживается', '44%'),
(676, 3, 'Горизонтально', 'Не поддерживается', '44%'),
(677, 3, 'Горизонтально', 'Не поддерживается', '43%'),
(678, 3, 'Горизонтально', 'Не поддерживается', '43%'),
(679, 3, 'Горизонтально', 'Не поддерживается', '43%'),
(680, 3, 'Горизонтально', 'Не поддерживается', '43%'),
(681, 3, 'Горизонтально', 'Не поддерживается', '43%'),
(682, 3, 'Горизонтально', 'Не поддерживается', '43%'),
(683, 3, 'Горизонтально', 'Не поддерживается', '43%'),
(684, 3, 'Горизонтально', 'Не поддерживается', '43%'),
(685, 3, 'Горизонтально', 'Не поддерживается', '43%'),
(686, 3, 'Горизонтально', 'Не поддерживается', '43%'),
(687, 3, 'Горизонтально', 'Не поддерживается', '43%'),
(688, 3, 'Горизонтально', 'Не поддерживается', '43%'),
(689, 3, 'Горизонтально', 'Не поддерживается', '43%'),
(690, 3, 'Горизонтально', 'Не поддерживается', '43%'),
(691, 3, 'Горизонтально', 'Не поддерживается', '43%'),
(692, 3, 'Горизонтально', 'Не поддерживается', '43%'),
(693, 3, 'Горизонтально', 'Не поддерживается', '43%'),
(694, 3, 'Горизонтально', 'Не поддерживается', '43%'),
(695, 3, 'Горизонтально', 'Не поддерживается', '43%'),
(696, 3, 'Горизонтально', 'Не поддерживается', '43%'),
(697, 3, 'Горизонтально', 'Не поддерживается', '43%'),
(698, 3, 'Горизонтально', 'Не поддерживается', '43%'),
(699, 3, 'Горизонтально', 'Не поддерживается', '43%'),
(700, 3, 'Горизонтально', 'Не поддерживается', '43%'),
(701, 3, 'Горизонтально', 'Не поддерживается', '43%'),
(702, 3, 'Горизонтально', 'Не поддерживается', '43%'),
(703, 3, 'Горизонтально', 'Не поддерживается', '43%'),
(704, 3, 'Горизонтально', 'Не поддерживается', '43%'),
(705, 3, 'Горизонтально', 'Не поддерживается', '43%'),
(706, 3, 'Горизонтально', 'Не поддерживается', '43%'),
(707, 3, 'Горизонтально', 'Не поддерживается', '43%'),
(708, 3, 'Горизонтально', 'Не поддерживается', '43%'),
(709, 3, 'Горизонтально', 'Не поддерживается', '43%'),
(710, 3, 'Горизонтально', 'Не поддерживается', '43%'),
(711, 3, 'Горизонтально', 'Не поддерживается', '43%'),
(712, 3, 'Горизонтально', 'Не поддерживается', '43%'),
(713, 3, 'Горизонтально', 'Не поддерживается', '43%'),
(714, 3, 'Горизонтально', 'Не поддерживается', '43%'),
(715, 3, 'Горизонтально', 'Не поддерживается', '43%'),
(716, 3, 'Горизонтально', 'Не поддерживается', '43%'),
(717, 3, 'Горизонтально', 'Не поддерживается', '43%'),
(718, 3, 'Горизонтально', 'Не поддерживается', '43%'),
(719, 3, 'Горизонтально', 'Не поддерживается', '43%'),
(720, 4, 'Горизонтально', 'Не поддерживается', '100%'),
(721, 4, 'Горизонтально', 'Не поддерживается', '100%'),
(722, 4, 'Горизонтально', 'Не поддерживается', '100%'),
(723, 4, 'Горизонтально', 'Не поддерживается', '100%'),
(724, 4, 'Горизонтально', 'Не поддерживается', '100%'),
(725, 3, 'Горизонтально', 'Не поддерживается', '35%'),
(726, 3, 'Горизонтально', 'Не поддерживается', '35%'),
(727, 3, 'Горизонтально', 'Не поддерживается', '35%'),
(728, 3, 'Горизонтально', 'Не поддерживается', '35%'),
(729, 3, 'Горизонтально', 'Не поддерживается', '35%'),
(730, 3, 'Горизонтально', 'Не поддерживается', '35%'),
(731, 3, 'Горизонтально', 'Не поддерживается', '35%'),
(732, 3, 'Горизонтально', 'Не поддерживается', '35%'),
(733, 3, 'Горизонтально', 'Не поддерживается', '35%'),
(734, 3, 'Горизонтально', 'Не поддерживается', '35%'),
(735, 3, 'Горизонтально', 'Не поддерживается', '35%'),
(736, 3, 'Горизонтально', 'Не поддерживается', '35%'),
(737, 3, 'Горизонтально', 'Не поддерживается', '35%'),
(738, 3, 'Горизонтально', 'Не поддерживается', '35%'),
(739, 3, 'Горизонтально', 'Не поддерживается', '35%'),
(740, 3, 'Горизонтально', 'Не поддерживается', '35%'),
(741, 3, 'Горизонтально', 'Не поддерживается', '35%'),
(742, 3, 'Горизонтально', 'Не поддерживается', '35%'),
(743, 3, 'Горизонтально', 'Не поддерживается', '35%'),
(744, 3, 'Горизонтально', 'Не поддерживается', '35%'),
(745, 3, 'Горизонтально', 'Не поддерживается', '35%'),
(746, 3, 'Горизонтально', 'Не поддерживается', '35%'),
(747, 3, 'Горизонтально', 'Не поддерживается', '35%'),
(748, 3, 'Горизонтально', 'Не поддерживается', '35%'),
(749, 3, 'Горизонтально', 'Не поддерживается', '35%'),
(750, 3, 'Горизонтально', 'Не поддерживается', '35%'),
(751, 3, 'Горизонтально', 'Не поддерживается', '35%'),
(752, 3, 'Горизонтально', 'Не поддерживается', '35%'),
(753, 3, 'Горизонтально', 'Не поддерживается', '35%'),
(754, 3, 'Горизонтально', 'Не поддерживается', '35%'),
(755, 3, 'Горизонтально', 'Не поддерживается', '35%'),
(756, 3, 'Горизонтально', 'Не поддерживается', '35%'),
(757, 3, 'Горизонтально', 'Не поддерживается', '35%'),
(758, 3, 'Горизонтально', 'Не поддерживается', '35%'),
(759, 3, 'Горизонтально', 'Не поддерживается', '35%'),
(760, 3, 'Горизонтально', 'Не поддерживается', '35%'),
(761, 3, 'Горизонтально', 'Не поддерживается', '35%'),
(762, 3, 'Горизонтально', 'Не поддерживается', '35%'),
(763, 3, 'Горизонтально', 'Не поддерживается', '35%'),
(764, 3, 'Горизонтально', 'Не поддерживается', '35%'),
(765, 3, 'Горизонтально', 'Не поддерживается', '35%'),
(766, 3, 'Горизонтально', 'Не поддерживается', '35%'),
(767, 3, 'Горизонтально', 'Не поддерживается', '35%'),
(768, 3, 'Горизонтально', 'Не поддерживается', '35%'),
(769, 3, 'Горизонтально', 'Не поддерживается', '35%'),
(770, 3, 'Горизонтально', 'Не поддерживается', '35%'),
(771, 3, 'Горизонтально', 'Не поддерживается', '35%'),
(772, 3, 'Горизонтально', 'Не поддерживается', '35%'),
(773, 3, 'Горизонтально', 'Не поддерживается', '34%'),
(774, 3, 'Горизонтально', 'Не поддерживается', '34%'),
(775, 3, 'Горизонтально', 'Не поддерживается', '34%'),
(776, 3, 'Горизонтально', 'Не поддерживается', '34%'),
(777, 3, 'Горизонтально', 'Не поддерживается', '34%'),
(778, 3, 'Горизонтально', 'Не поддерживается', '34%'),
(779, 3, 'Горизонтально', 'Не поддерживается', '34%'),
(780, 3, 'Горизонтально', 'Не поддерживается', '34%'),
(781, 3, 'Горизонтально', 'Не поддерживается', '34%'),
(782, 3, 'Горизонтально', 'Не поддерживается', '34%'),
(783, 3, 'Горизонтально', 'Не поддерживается', '34%'),
(784, 3, 'Горизонтально', 'Не поддерживается', '34%'),
(785, 3, 'Горизонтально', 'Не поддерживается', '34%'),
(786, 3, 'Горизонтально', 'Не поддерживается', '34%'),
(787, 3, 'Горизонтально', 'Не поддерживается', '34%'),
(788, 3, 'Горизонтально', 'Не поддерживается', '34%'),
(789, 3, 'Горизонтально', 'Не поддерживается', '34%'),
(790, 3, 'Горизонтально', 'Не поддерживается', '34%'),
(791, 3, 'Горизонтально', 'Не поддерживается', '34%'),
(792, 3, 'Горизонтально', 'Не поддерживается', '34%'),
(793, 3, 'Горизонтально', 'Не поддерживается', '34%'),
(794, 3, 'Горизонтально', 'Не поддерживается', '34%'),
(795, 3, 'Горизонтально', 'Не поддерживается', '34%'),
(796, 3, 'Горизонтально', 'Не поддерживается', '34%'),
(797, 3, 'Горизонтально', 'Не поддерживается', '34%'),
(798, 3, 'Горизонтально', 'Не поддерживается', '34%'),
(799, 3, 'Горизонтально', 'Не поддерживается', '34%'),
(800, 3, 'Горизонтально', 'Не поддерживается', '34%'),
(801, 3, 'Горизонтально', 'Не поддерживается', '34%'),
(802, 3, 'Горизонтально', 'Не поддерживается', '34%'),
(803, 3, 'Горизонтально', 'Не поддерживается', '34%'),
(804, 3, 'Горизонтально', 'Не поддерживается', '34%'),
(805, 3, 'Горизонтально', 'Не поддерживается', '34%'),
(806, 3, 'Горизонтально', 'Не поддерживается', '34%'),
(807, 3, 'Горизонтально', 'Не поддерживается', '34%'),
(808, 3, 'Горизонтально', 'Не поддерживается', '34%'),
(809, 3, 'Горизонтально', 'Не поддерживается', '34%'),
(810, 3, 'Горизонтально', 'Не поддерживается', '34%'),
(811, 3, 'Горизонтально', 'Не поддерживается', '34%'),
(812, 3, 'Горизонтально', 'Не поддерживается', '34%'),
(813, 3, 'Горизонтально', 'Не поддерживается', '34%'),
(814, 3, 'Горизонтально', 'Не поддерживается', '34%'),
(815, 3, 'Горизонтально', 'Не поддерживается', '34%'),
(816, 3, 'Горизонтально', 'Не поддерживается', '34%'),
(817, 3, 'Горизонтально', 'Не поддерживается', '34%'),
(818, 3, 'Горизонтально', 'Не поддерживается', '34%'),
(819, 3, 'Горизонтально', 'Не поддерживается', '34%'),
(820, 3, 'Горизонтально', 'Не поддерживается', '34%'),
(821, 3, 'Горизонтально', 'Не поддерживается', '34%'),
(822, 3, 'Горизонтально', 'Не поддерживается', '34%'),
(823, 3, 'Горизонтально', 'Не поддерживается', '34%'),
(824, 3, 'Горизонтально', 'Не поддерживается', '34%'),
(825, 3, 'Горизонтально', 'Не поддерживается', '34%'),
(826, 3, 'Горизонтально', 'Не поддерживается', '34%'),
(827, 3, 'Горизонтально', 'Не поддерживается', '34%'),
(828, 3, 'Горизонтально', 'Не поддерживается', '34%'),
(829, 3, 'Горизонтально', 'Не поддерживается', '34%'),
(830, 3, 'Горизонтально', 'Не поддерживается', '34%'),
(831, 3, 'Горизонтально', 'Не поддерживается', '34%'),
(832, 3, 'Горизонтально', 'Не поддерживается', '34%'),
(833, 3, 'Горизонтально', 'Не поддерживается', '34%'),
(834, 3, 'Горизонтально', 'Не поддерживается', '34%'),
(835, 3, 'Горизонтально', 'Не поддерживается', '34%'),
(836, 3, 'Горизонтально', 'Не поддерживается', '34%'),
(837, 3, 'Горизонтально', 'Не поддерживается', '34%'),
(838, 3, 'Горизонтально', 'Не поддерживается', '34%'),
(839, 3, 'Горизонтально', 'Не поддерживается', '34%'),
(840, 3, 'Горизонтально', 'Не поддерживается', '34%'),
(841, 3, 'Горизонтально', 'Не поддерживается', '34%'),
(842, 3, 'Горизонтально', 'Не поддерживается', '34%'),
(843, 3, 'Горизонтально', 'Не поддерживается', '34%'),
(844, 3, 'Горизонтально', 'Не поддерживается', '34%'),
(845, 3, 'Горизонтально', 'Не поддерживается', '34%'),
(846, 3, 'Горизонтально', 'Не поддерживается', '34%'),
(847, 3, 'Горизонтально', 'Не поддерживается', '34%'),
(848, 3, 'Горизонтально', 'Не поддерживается', '34%'),
(849, 3, 'Горизонтально', 'Не поддерживается', '34%'),
(850, 3, 'Горизонтально', 'Не поддерживается', '34%'),
(851, 3, 'Горизонтально', 'Не поддерживается', '34%'),
(852, 3, 'Горизонтально', 'Не поддерживается', '34%'),
(853, 3, 'Горизонтально', 'Не поддерживается', '34%'),
(854, 3, 'Горизонтально', 'Не поддерживается', '34%'),
(855, 3, 'Горизонтально', 'Не поддерживается', '34%'),
(856, 3, 'Горизонтально', 'Не поддерживается', '34%'),
(857, 3, 'Горизонтально', 'Не поддерживается', '34%'),
(858, 3, 'Горизонтально', 'Не поддерживается', '34%'),
(859, 3, 'Горизонтально', 'Не поддерживается', '34%'),
(860, 3, 'Горизонтально', 'Не поддерживается', '34%'),
(861, 3, 'Горизонтально', 'Не поддерживается', '34%'),
(862, 3, 'Горизонтально', 'Не поддерживается', '34%'),
(863, 3, 'Горизонтально', 'Не поддерживается', '34%'),
(864, 3, 'Горизонтально', 'Не поддерживается', '34%'),
(865, 3, 'Горизонтально', 'Не поддерживается', '34%'),
(866, 3, 'Горизонтально', 'Не поддерживается', '34%'),
(867, 3, 'Горизонтально', 'Не поддерживается', '34%'),
(868, 3, 'Горизонтально', 'Не поддерживается', '34%'),
(869, 3, 'Горизонтально', 'Не поддерживается', '34%'),
(870, 3, 'Горизонтально', 'Не поддерживается', '34%'),
(871, 3, 'Горизонтально', 'Не поддерживается', '34%'),
(872, 3, 'Горизонтально', 'Не поддерживается', '34%'),
(873, 3, 'Горизонтально', 'Не поддерживается', '34%'),
(874, 3, 'Горизонтально', 'Не поддерживается', '34%'),
(875, 3, 'Горизонтально', 'Не поддерживается', '34%'),
(876, 3, 'Горизонтально', 'Не поддерживается', '34%'),
(877, 3, 'Горизонтально', 'Не поддерживается', '34%'),
(878, 3, 'Горизонтально', 'Не поддерживается', '34%'),
(879, 3, 'Горизонтально', 'Не поддерживается', '34%'),
(880, 3, 'Горизонтально', 'Не поддерживается', '34%'),
(881, 3, 'Горизонтально', 'Не поддерживается', '34%'),
(882, 3, 'Горизонтально', 'Не поддерживается', '34%'),
(883, 3, 'Горизонтально', 'Не поддерживается', '34%'),
(884, 3, 'Горизонтально', 'Не поддерживается', '34%'),
(885, 3, 'Горизонтально', 'Не поддерживается', '34%'),
(886, 3, 'Горизонтально', 'Не поддерживается', '34%'),
(887, 3, 'Горизонтально', 'Не поддерживается', '34%'),
(888, 3, 'Горизонтально', 'Не поддерживается', '34%'),
(889, 3, 'Горизонтально', 'Не поддерживается', '34%'),
(890, 3, 'Горизонтально', 'Не поддерживается', '34%'),
(891, 3, 'Горизонтально', 'Не поддерживается', '34%'),
(892, 3, 'Горизонтально', 'Не поддерживается', '34%'),
(893, 3, 'Горизонтально', 'Не поддерживается', '34%'),
(894, 3, 'Горизонтально', 'Не поддерживается', '34%'),
(895, 3, 'Горизонтально', 'Не поддерживается', '34%'),
(896, 3, 'Горизонтально', 'Не поддерживается', '34%'),
(897, 3, 'Горизонтально', 'Не поддерживается', '34%'),
(898, 3, 'Горизонтально', 'Не поддерживается', '34%'),
(899, 3, 'Горизонтально', 'Не поддерживается', '34%'),
(900, 3, 'Горизонтально', 'Не поддерживается', '34%'),
(901, 3, 'Горизонтально', 'Не поддерживается', '34%'),
(902, 3, 'Горизонтально', 'Не поддерживается', '34%'),
(903, 3, 'Горизонтально', 'Не поддерживается', '34%'),
(904, 3, 'Горизонтально', 'Не поддерживается', '34%'),
(905, 3, 'Горизонтально', 'Не поддерживается', '34%'),
(906, 3, 'Горизонтально', 'Не поддерживается', '34%'),
(907, 3, 'Горизонтально', 'Не поддерживается', '34%'),
(908, 3, 'Горизонтально', 'Не поддерживается', '34%'),
(909, 3, 'Горизонтально', 'Не поддерживается', '34%'),
(910, 3, 'Горизонтально', 'Не поддерживается', '34%'),
(911, 3, 'Горизонтально', 'Не поддерживается', '34%'),
(912, 3, 'Горизонтально', 'Не поддерживается', '34%'),
(913, 3, 'Горизонтально', 'Не поддерживается', '34%'),
(914, 3, 'Горизонтально', 'Не поддерживается', '34%'),
(915, 3, 'Горизонтально', 'Не поддерживается', '34%'),
(916, 3, 'Горизонтально', 'Не поддерживается', '34%'),
(917, 3, 'Горизонтально', 'Не поддерживается', '34%'),
(918, 3, 'Горизонтально', 'Не поддерживается', '34%'),
(919, 3, 'Горизонтально', 'Не поддерживается', '34%'),
(920, 3, 'Горизонтально', 'Не поддерживается', '34%'),
(921, 3, 'Горизонтально', 'Не поддерживается', '34%'),
(922, 3, 'Горизонтально', 'Не поддерживается', '34%'),
(923, 3, 'Горизонтально', 'Не поддерживается', '34%'),
(924, 3, 'Горизонтально', 'Не поддерживается', '34%'),
(925, 3, 'Горизонтально', 'Не поддерживается', '33%'),
(926, 3, 'Горизонтально', 'Не поддерживается', '33%'),
(927, 3, 'Горизонтально', 'Не поддерживается', '33%'),
(928, 3, 'Горизонтально', 'Не поддерживается', '33%'),
(929, 3, 'Горизонтально', 'Не поддерживается', '33%'),
(930, 3, 'Горизонтально', 'Не поддерживается', '33%'),
(931, 3, 'Горизонтально', 'Не поддерживается', '33%'),
(932, 3, 'Горизонтально', 'Не поддерживается', '33%'),
(933, 3, 'Горизонтально', 'Не поддерживается', '33%'),
(934, 3, 'Горизонтально', 'Не поддерживается', '33%'),
(935, 3, 'Горизонтально', 'Не поддерживается', '33%'),
(936, 3, 'Горизонтально', 'Не поддерживается', '33%'),
(937, 3, 'Горизонтально', 'Не поддерживается', '33%'),
(938, 3, 'Горизонтально', 'Не поддерживается', '33%'),
(939, 3, 'Горизонтально', 'Не поддерживается', '33%'),
(940, 3, 'Горизонтально', 'Не поддерживается', '33%'),
(941, 3, 'Горизонтально', 'Не поддерживается', '33%'),
(942, 3, 'Горизонтально', 'Не поддерживается', '33%'),
(943, 3, 'Горизонтально', 'Не поддерживается', '33%'),
(944, 3, 'Горизонтально', 'Не поддерживается', '33%'),
(945, 3, 'Горизонтально', 'Не поддерживается', '33%'),
(946, 3, 'Горизонтально', 'Не поддерживается', '33%'),
(947, 3, 'Горизонтально', 'Не поддерживается', '33%'),
(948, 3, 'Горизонтально', 'Не поддерживается', '33%'),
(949, 3, 'Горизонтально', 'Не поддерживается', '33%'),
(950, 3, 'Горизонтально', 'Не поддерживается', '33%'),
(951, 3, 'Горизонтально', 'Не поддерживается', '33%'),
(952, 3, 'Горизонтально', 'Не поддерживается', '33%'),
(953, 3, 'Горизонтально', 'Не поддерживается', '33%'),
(954, 3, 'Горизонтально', 'Не поддерживается', '33%'),
(955, 3, 'Горизонтально', 'Не поддерживается', '33%');
INSERT INTO `device_information` (`id`, `user_id`, `orientation`, `light`, `battery`) VALUES
(956, 3, 'Горизонтально', 'Не поддерживается', '33%'),
(957, 3, 'Горизонтально', 'Не поддерживается', '33%'),
(958, 3, 'Горизонтально', 'Не поддерживается', '33%'),
(959, 3, 'Горизонтально', 'Не поддерживается', '33%'),
(960, 3, 'Горизонтально', 'Не поддерживается', '33%'),
(961, 3, 'Горизонтально', 'Не поддерживается', '33%'),
(962, 3, 'Горизонтально', 'Не поддерживается', '33%'),
(963, 3, 'Горизонтально', 'Не поддерживается', '33%'),
(964, 3, 'Горизонтально', 'Не поддерживается', '33%'),
(965, 3, 'Горизонтально', 'Не поддерживается', '33%'),
(966, 3, 'Горизонтально', 'Не поддерживается', '33%'),
(967, 3, 'Горизонтально', 'Не поддерживается', '33%'),
(968, 3, 'Горизонтально', 'Не поддерживается', '33%'),
(969, 3, 'Горизонтально', 'Не поддерживается', '33%'),
(970, 3, 'Горизонтально', 'Не поддерживается', '33%'),
(971, 3, 'Горизонтально', 'Не поддерживается', '33%'),
(972, 3, 'Горизонтально', 'Не поддерживается', '33%'),
(973, 3, 'Горизонтально', 'Не поддерживается', '33%'),
(974, 3, 'Горизонтально', 'Не поддерживается', '33%'),
(975, 3, 'Горизонтально', 'Не поддерживается', '33%'),
(976, 3, 'Горизонтально', 'Не поддерживается', '33%'),
(977, 3, 'Горизонтально', 'Не поддерживается', '33%'),
(978, 3, 'Горизонтально', 'Не поддерживается', '33%'),
(979, 3, 'Горизонтально', 'Не поддерживается', '33%'),
(980, 3, 'Горизонтально', 'Не поддерживается', '33%'),
(981, 3, 'Горизонтально', 'Не поддерживается', '33%'),
(982, 3, 'Горизонтально', 'Не поддерживается', '33%'),
(983, 3, 'Горизонтально', 'Не поддерживается', '33%'),
(984, 3, 'Горизонтально', 'Не поддерживается', '33%'),
(985, 3, 'Горизонтально', 'Не поддерживается', '33%'),
(986, 3, 'Горизонтально', 'Не поддерживается', '33%'),
(987, 3, 'Горизонтально', 'Не поддерживается', '33%'),
(988, 3, 'Горизонтально', 'Не поддерживается', '33%'),
(989, 3, 'Горизонтально', 'Не поддерживается', '33%'),
(990, 3, 'Горизонтально', 'Не поддерживается', '33%'),
(991, 3, 'Горизонтально', 'Не поддерживается', '33%'),
(992, 3, 'Горизонтально', 'Не поддерживается', '33%'),
(993, 3, 'Горизонтально', 'Не поддерживается', '33%'),
(994, 3, 'Горизонтально', 'Не поддерживается', '33%'),
(995, 3, 'Горизонтально', 'Не поддерживается', '33%'),
(996, 3, 'Горизонтально', 'Не поддерживается', '33%'),
(997, 3, 'Горизонтально', 'Не поддерживается', '33%'),
(998, 3, 'Горизонтально', 'Не поддерживается', '33%'),
(999, 3, 'Горизонтально', 'Не поддерживается', '33%'),
(1000, 3, 'Горизонтально', 'Не поддерживается', '33%'),
(1001, 3, 'Горизонтально', 'Не поддерживается', '33%'),
(1002, 3, 'Горизонтально', 'Не поддерживается', '33%'),
(1003, 3, 'Горизонтально', 'Не поддерживается', '33%'),
(1004, 3, 'Горизонтально', 'Не поддерживается', '33%'),
(1005, 3, 'Горизонтально', 'Не поддерживается', '33%'),
(1006, 3, 'Горизонтально', 'Не поддерживается', '33%'),
(1007, 3, 'Горизонтально', 'Не поддерживается', '33%'),
(1008, 3, 'Горизонтально', 'Не поддерживается', '33%'),
(1009, 3, 'Горизонтально', 'Не поддерживается', '33%'),
(1010, 3, 'Горизонтально', 'Не поддерживается', '33%'),
(1011, 3, 'Горизонтально', 'Не поддерживается', '33%'),
(1012, 3, 'Горизонтально', 'Не поддерживается', '33%'),
(1013, 3, 'Горизонтально', 'Не поддерживается', '33%'),
(1014, 3, 'Горизонтально', 'Не поддерживается', '33%'),
(1015, 3, 'Горизонтально', 'Не поддерживается', '33%'),
(1016, 3, 'Горизонтально', 'Не поддерживается', '33%'),
(1017, 3, 'Горизонтально', 'Не поддерживается', '33%'),
(1018, 3, 'Горизонтально', 'Не поддерживается', '33%'),
(1019, 3, 'Горизонтально', 'Не поддерживается', '33%'),
(1020, 3, 'Горизонтально', 'Не поддерживается', '33%'),
(1021, 3, 'Горизонтально', 'Не поддерживается', '33%'),
(1022, 3, 'Горизонтально', 'Не поддерживается', '33%'),
(1023, 3, 'Горизонтально', 'Не поддерживается', '33%'),
(1024, 3, 'Горизонтально', 'Не поддерживается', '33%'),
(1025, 3, 'Горизонтально', 'Не поддерживается', '33%'),
(1026, 3, 'Горизонтально', 'Не поддерживается', '33%'),
(1027, 3, 'Горизонтально', 'Не поддерживается', '33%'),
(1028, 3, 'Горизонтально', 'Не поддерживается', '33%'),
(1029, 3, 'Горизонтально', 'Не поддерживается', '33%'),
(1030, 3, 'Горизонтально', 'Не поддерживается', '33%'),
(1031, 3, 'Горизонтально', 'Не поддерживается', '33%'),
(1032, 3, 'Горизонтально', 'Не поддерживается', '33%'),
(1033, 3, 'Горизонтально', 'Не поддерживается', '33%'),
(1034, 3, 'Горизонтально', 'Не поддерживается', '33%'),
(1035, 3, 'Горизонтально', 'Не поддерживается', '33%'),
(1036, 3, 'Горизонтально', 'Не поддерживается', '33%'),
(1037, 3, 'Горизонтально', 'Не поддерживается', '33%'),
(1038, 3, 'Горизонтально', 'Не поддерживается', '33%'),
(1039, 3, 'Горизонтально', 'Не поддерживается', '33%'),
(1040, 3, 'Горизонтально', 'Не поддерживается', '33%'),
(1041, 3, 'Горизонтально', 'Не поддерживается', '33%'),
(1042, 3, 'Горизонтально', 'Не поддерживается', '33%'),
(1043, 3, 'Горизонтально', 'Не поддерживается', '33%'),
(1044, 3, 'Горизонтально', 'Не поддерживается', '33%'),
(1045, 3, 'Горизонтально', 'Не поддерживается', '33%'),
(1046, 3, 'Горизонтально', 'Не поддерживается', '33%'),
(1047, 3, 'Горизонтально', 'Не поддерживается', '33%'),
(1048, 3, 'Горизонтально', 'Не поддерживается', '33%'),
(1049, 3, 'Горизонтально', 'Не поддерживается', '33%'),
(1050, 3, 'Горизонтально', 'Не поддерживается', '33%'),
(1051, 3, 'Горизонтально', 'Не поддерживается', '33%'),
(1052, 3, 'Горизонтально', 'Не поддерживается', '33%'),
(1053, 3, 'Горизонтально', 'Не поддерживается', '33%'),
(1054, 3, 'Горизонтально', 'Не поддерживается', '33%'),
(1055, 3, 'Горизонтально', 'Не поддерживается', '33%'),
(1056, 3, 'Горизонтально', 'Не поддерживается', '33%'),
(1057, 3, 'Горизонтально', 'Не поддерживается', '33%'),
(1058, 3, 'Горизонтально', 'Не поддерживается', '33%'),
(1059, 3, 'Горизонтально', 'Не поддерживается', '33%'),
(1060, 3, 'Горизонтально', 'Не поддерживается', '33%'),
(1061, 3, 'Горизонтально', 'Не поддерживается', '33%'),
(1062, 3, 'Горизонтально', 'Не поддерживается', '33%'),
(1063, 3, 'Горизонтально', 'Не поддерживается', '33%'),
(1064, 3, 'Горизонтально', 'Не поддерживается', '33%'),
(1065, 3, 'Горизонтально', 'Не поддерживается', '33%'),
(1066, 3, 'Горизонтально', 'Не поддерживается', '33%'),
(1067, 3, 'Горизонтально', 'Не поддерживается', '33%'),
(1068, 3, 'Горизонтально', 'Не поддерживается', '33%'),
(1069, 3, 'Горизонтально', 'Не поддерживается', '33%'),
(1070, 3, 'Горизонтально', 'Не поддерживается', '33%'),
(1071, 3, 'Горизонтально', 'Не поддерживается', '33%'),
(1072, 3, 'Горизонтально', 'Не поддерживается', '33%'),
(1073, 3, 'Горизонтально', 'Не поддерживается', '33%'),
(1074, 3, 'Горизонтально', 'Не поддерживается', '33%'),
(1075, 3, 'Горизонтально', 'Не поддерживается', '33%'),
(1076, 3, 'Горизонтально', 'Не поддерживается', '33%'),
(1077, 3, 'Горизонтально', 'Не поддерживается', '33%'),
(1078, 3, 'Горизонтально', 'Не поддерживается', '33%'),
(1079, 3, 'Горизонтально', 'Не поддерживается', '33%'),
(1080, 3, 'Горизонтально', 'Не поддерживается', '33%'),
(1081, 3, 'Горизонтально', 'Не поддерживается', '33%'),
(1082, 3, 'Горизонтально', 'Не поддерживается', '33%'),
(1083, 3, 'Горизонтально', 'Не поддерживается', '33%'),
(1084, 3, 'Горизонтально', 'Не поддерживается', '33%'),
(1085, 3, 'Горизонтально', 'Не поддерживается', '33%'),
(1086, 3, 'Горизонтально', 'Не поддерживается', '33%'),
(1087, 3, 'Горизонтально', 'Не поддерживается', '33%'),
(1088, 3, 'Горизонтально', 'Не поддерживается', '33%'),
(1089, 3, 'Горизонтально', 'Не поддерживается', '33%'),
(1090, 3, 'Горизонтально', 'Не поддерживается', '33%'),
(1091, 3, 'Горизонтально', 'Не поддерживается', '33%'),
(1092, 3, 'Горизонтально', 'Не поддерживается', '33%'),
(1093, 3, 'Горизонтально', 'Не поддерживается', '33%'),
(1094, 3, 'Горизонтально', 'Не поддерживается', '33%'),
(1095, 3, 'Горизонтально', 'Не поддерживается', '33%'),
(1096, 3, 'Горизонтально', 'Не поддерживается', '33%'),
(1097, 3, 'Горизонтально', 'Не поддерживается', '33%'),
(1098, 3, 'Горизонтально', 'Не поддерживается', '33%'),
(1099, 3, 'Горизонтально', 'Не поддерживается', '33%'),
(1100, 3, 'Горизонтально', 'Не поддерживается', '33%'),
(1101, 3, 'Горизонтально', 'Не поддерживается', '33%'),
(1102, 3, 'Горизонтально', 'Не поддерживается', '33%'),
(1103, 3, 'Горизонтально', 'Не поддерживается', '33%'),
(1104, 3, 'Горизонтально', 'Не поддерживается', '33%'),
(1105, 3, 'Горизонтально', 'Не поддерживается', '33%'),
(1106, 3, 'Горизонтально', 'Не поддерживается', '33%'),
(1107, 3, 'Горизонтально', 'Не поддерживается', '33%'),
(1108, 3, 'Горизонтально', 'Не поддерживается', '33%'),
(1109, 3, 'Горизонтально', 'Не поддерживается', '33%'),
(1110, 3, 'Горизонтально', 'Не поддерживается', '33%'),
(1111, 3, 'Горизонтально', 'Не поддерживается', '33%'),
(1112, 3, 'Горизонтально', 'Не поддерживается', '33%'),
(1113, 3, 'Горизонтально', 'Не поддерживается', '33%'),
(1114, 3, 'Горизонтально', 'Не поддерживается', '33%'),
(1115, 3, 'Горизонтально', 'Не поддерживается', '33%'),
(1116, 3, 'Горизонтально', 'Не поддерживается', '33%'),
(1117, 3, 'Горизонтально', 'Не поддерживается', '33%'),
(1118, 3, 'Горизонтально', 'Не поддерживается', '33%'),
(1119, 3, 'Горизонтально', 'Не поддерживается', '33%'),
(1120, 3, 'Горизонтально', 'Не поддерживается', '33%'),
(1121, 3, 'Горизонтально', 'Не поддерживается', '33%'),
(1122, 3, 'Горизонтально', 'Не поддерживается', '33%'),
(1123, 3, 'Горизонтально', 'Не поддерживается', '33%'),
(1124, 3, 'Горизонтально', 'Не поддерживается', '33%'),
(1125, 3, 'Горизонтально', 'Не поддерживается', '33%'),
(1126, 3, 'Горизонтально', 'Не поддерживается', '33%'),
(1127, 3, 'Горизонтально', 'Не поддерживается', '33%'),
(1128, 3, 'Горизонтально', 'Не поддерживается', '33%'),
(1129, 3, 'Горизонтально', 'Не поддерживается', '33%'),
(1130, 3, 'Горизонтально', 'Не поддерживается', '33%'),
(1131, 3, 'Горизонтально', 'Не поддерживается', '33%'),
(1132, 3, 'Горизонтально', 'Не поддерживается', '33%'),
(1133, 3, 'Горизонтально', 'Не поддерживается', '33%'),
(1134, 3, 'Горизонтально', 'Не поддерживается', '33%'),
(1135, 3, 'Горизонтально', 'Не поддерживается', '33%'),
(1136, 3, 'Горизонтально', 'Не поддерживается', '33%'),
(1137, 3, 'Горизонтально', 'Не поддерживается', '33%'),
(1138, 3, 'Горизонтально', 'Не поддерживается', '33%'),
(1139, 3, 'Горизонтально', 'Не поддерживается', '33%'),
(1140, 3, 'Горизонтально', 'Не поддерживается', '33%'),
(1141, 3, 'Горизонтально', 'Не поддерживается', '33%'),
(1142, 3, 'Горизонтально', 'Не поддерживается', '33%'),
(1143, 3, 'Горизонтально', 'Не поддерживается', '33%'),
(1144, 3, 'Горизонтально', 'Не поддерживается', '33%'),
(1145, 3, 'Горизонтально', 'Не поддерживается', '33%'),
(1146, 3, 'Горизонтально', 'Не поддерживается', '33%'),
(1147, 3, 'Горизонтально', 'Не поддерживается', '33%'),
(1148, 3, 'Горизонтально', 'Не поддерживается', '33%'),
(1149, 3, 'Горизонтально', 'Не поддерживается', '33%'),
(1150, 3, 'Горизонтально', 'Не поддерживается', '33%'),
(1151, 3, 'Горизонтально', 'Не поддерживается', '33%'),
(1152, 3, 'Горизонтально', 'Не поддерживается', '33%'),
(1153, 3, 'Горизонтально', 'Не поддерживается', '33%'),
(1154, 3, 'Горизонтально', 'Не поддерживается', '33%'),
(1155, 3, 'Горизонтально', 'Не поддерживается', '31%'),
(1156, 3, 'Горизонтально', 'Не поддерживается', '31%'),
(1157, 3, 'Горизонтально', 'Не поддерживается', '31%'),
(1158, 3, 'Горизонтально', 'Не поддерживается', '31%'),
(1159, 3, 'Горизонтально', 'Не поддерживается', '31%'),
(1160, 3, 'Горизонтально', 'Не поддерживается', '31%'),
(1161, 3, 'Горизонтально', 'Не поддерживается', '31%'),
(1162, 3, 'Горизонтально', 'Не поддерживается', '31%'),
(1163, 3, 'Горизонтально', 'Не поддерживается', '31%'),
(1164, 3, 'Горизонтально', 'Не поддерживается', '31%'),
(1165, 3, 'Горизонтально', 'Не поддерживается', '31%'),
(1166, 3, 'Горизонтально', 'Не поддерживается', '31%'),
(1167, 3, 'Горизонтально', 'Не поддерживается', '31%'),
(1168, 3, 'Горизонтально', 'Не поддерживается', '31%'),
(1169, 3, 'Горизонтально', 'Не поддерживается', '31%'),
(1170, 3, 'Горизонтально', 'Не поддерживается', '31%'),
(1171, 3, 'Горизонтально', 'Не поддерживается', '31%'),
(1172, 3, 'Горизонтально', 'Не поддерживается', '31%'),
(1173, 3, 'Горизонтально', 'Не поддерживается', '31%'),
(1174, 3, 'Горизонтально', 'Не поддерживается', '31%'),
(1175, 3, 'Горизонтально', 'Не поддерживается', '31%'),
(1176, 3, 'Горизонтально', 'Не поддерживается', '31%'),
(1177, 3, 'Горизонтально', 'Не поддерживается', '31%'),
(1178, 3, 'Горизонтально', 'Не поддерживается', '31%'),
(1179, 3, 'Горизонтально', 'Не поддерживается', '31%'),
(1180, 3, 'Горизонтально', 'Не поддерживается', '31%'),
(1181, 3, 'Горизонтально', 'Не поддерживается', '31%'),
(1182, 3, 'Горизонтально', 'Не поддерживается', '31%'),
(1183, 3, 'Горизонтально', 'Не поддерживается', '31%'),
(1184, 3, 'Горизонтально', 'Не поддерживается', '31%'),
(1185, 3, 'Горизонтально', 'Не поддерживается', '31%'),
(1186, 3, 'Горизонтально', 'Не поддерживается', '31%'),
(1187, 3, 'Горизонтально', 'Не поддерживается', '31%'),
(1188, 3, 'Горизонтально', 'Не поддерживается', '31%'),
(1189, 3, 'Горизонтально', 'Не поддерживается', '31%'),
(1190, 3, 'Горизонтально', 'Не поддерживается', '31%'),
(1191, 3, 'Горизонтально', 'Не поддерживается', '31%'),
(1192, 3, 'Горизонтально', 'Не поддерживается', '31%'),
(1193, 3, 'Горизонтально', 'Не поддерживается', '31%'),
(1194, 3, 'Горизонтально', 'Не поддерживается', '31%'),
(1195, 3, 'Горизонтально', 'Не поддерживается', '31%'),
(1196, 3, 'Горизонтально', 'Не поддерживается', '31%'),
(1197, 3, 'Горизонтально', 'Не поддерживается', '31%'),
(1198, 3, 'Горизонтально', 'Не поддерживается', '31%'),
(1199, 3, 'Горизонтально', 'Не поддерживается', '31%'),
(1200, 3, 'Горизонтально', 'Не поддерживается', '31%'),
(1201, 3, 'Горизонтально', 'Не поддерживается', '31%'),
(1202, 3, 'Горизонтально', 'Не поддерживается', '31%'),
(1203, 3, 'Горизонтально', 'Не поддерживается', '31%'),
(1204, 3, 'Горизонтально', 'Не поддерживается', '31%'),
(1205, 3, 'Горизонтально', 'Не поддерживается', '31%'),
(1206, 3, 'Горизонтально', 'Не поддерживается', '31%'),
(1207, 3, 'Горизонтально', 'Не поддерживается', '31%'),
(1208, 3, 'Горизонтально', 'Не поддерживается', '31%'),
(1209, 3, 'Горизонтально', 'Не поддерживается', '31%'),
(1210, 3, 'Горизонтально', 'Не поддерживается', '31%'),
(1211, 3, 'Горизонтально', 'Не поддерживается', '31%'),
(1212, 3, 'Горизонтально', 'Не поддерживается', '31%'),
(1213, 3, 'Горизонтально', 'Не поддерживается', '31%'),
(1214, 3, 'Горизонтально', 'Не поддерживается', '31%'),
(1215, 3, 'Горизонтально', 'Не поддерживается', '31%'),
(1216, 3, 'Горизонтально', 'Не поддерживается', '31%'),
(1217, 3, 'Горизонтально', 'Не поддерживается', '31%'),
(1218, 3, 'Горизонтально', 'Не поддерживается', '31%'),
(1219, 3, 'Горизонтально', 'Не поддерживается', '31%'),
(1220, 3, 'Горизонтально', 'Не поддерживается', '31%'),
(1221, 3, 'Горизонтально', 'Не поддерживается', '31%'),
(1222, 3, 'Горизонтально', 'Не поддерживается', '31%'),
(1223, 3, 'Горизонтально', 'Не поддерживается', '31%'),
(1224, 3, 'Горизонтально', 'Не поддерживается', '31%'),
(1225, 3, 'Горизонтально', 'Не поддерживается', '31%'),
(1226, 3, 'Горизонтально', 'Не поддерживается', '31%'),
(1227, 3, 'Горизонтально', 'Не поддерживается', '31%'),
(1228, 3, 'Горизонтально', 'Не поддерживается', '31%'),
(1229, 3, 'Горизонтально', 'Не поддерживается', '31%'),
(1230, 3, 'Горизонтально', 'Не поддерживается', '31%'),
(1231, 3, 'Горизонтально', 'Не поддерживается', '31%'),
(1232, 3, 'Горизонтально', 'Не поддерживается', '31%'),
(1233, 3, 'Горизонтально', 'Не поддерживается', '31%'),
(1234, 3, 'Горизонтально', 'Не поддерживается', '31%'),
(1235, 3, 'Горизонтально', 'Не поддерживается', '31%'),
(1236, 3, 'Горизонтально', 'Не поддерживается', '31%'),
(1237, 3, 'Горизонтально', 'Не поддерживается', '31%'),
(1238, 3, 'Горизонтально', 'Не поддерживается', '31%'),
(1239, 3, 'Горизонтально', 'Не поддерживается', '31%'),
(1240, 3, 'Горизонтально', 'Не поддерживается', '31%'),
(1241, 3, 'Горизонтально', 'Не поддерживается', '31%'),
(1242, 3, 'Горизонтально', 'Не поддерживается', '31%'),
(1243, 3, 'Горизонтально', 'Не поддерживается', '31%'),
(1244, 3, 'Горизонтально', 'Не поддерживается', '31%'),
(1245, 3, 'Горизонтально', 'Не поддерживается', '31%'),
(1246, 3, 'Горизонтально', 'Не поддерживается', '31%'),
(1247, 3, 'Горизонтально', 'Не поддерживается', '31%'),
(1248, 3, 'Горизонтально', 'Не поддерживается', '31%'),
(1249, 3, 'Горизонтально', 'Не поддерживается', '31%'),
(1250, 3, 'Горизонтально', 'Не поддерживается', '31%'),
(1251, 3, 'Горизонтально', 'Не поддерживается', '31%'),
(1252, 3, 'Горизонтально', 'Не поддерживается', '31%'),
(1253, 3, 'Горизонтально', 'Не поддерживается', '31%'),
(1254, 3, 'Горизонтально', 'Не поддерживается', '31%'),
(1255, 3, 'Горизонтально', 'Не поддерживается', '31%'),
(1256, 3, 'Горизонтально', 'Не поддерживается', '31%'),
(1257, 3, 'Горизонтально', 'Не поддерживается', '31%'),
(1258, 3, 'Горизонтально', 'Не поддерживается', '31%'),
(1259, 3, 'Горизонтально', 'Не поддерживается', '31%'),
(1260, 3, 'Горизонтально', 'Не поддерживается', '31%'),
(1261, 3, 'Горизонтально', 'Не поддерживается', '31%'),
(1262, 3, 'Горизонтально', 'Не поддерживается', '31%'),
(1263, 3, 'Горизонтально', 'Не поддерживается', '31%'),
(1264, 3, 'Горизонтально', 'Не поддерживается', '31%'),
(1265, 3, 'Горизонтально', 'Не поддерживается', '31%'),
(1266, 3, 'Горизонтально', 'Не поддерживается', '31%'),
(1267, 3, 'Горизонтально', 'Не поддерживается', '31%'),
(1268, 3, 'Горизонтально', 'Не поддерживается', '31%'),
(1269, 3, 'Горизонтально', 'Не поддерживается', '31%'),
(1270, 3, 'Горизонтально', 'Не поддерживается', '31%'),
(1271, 3, 'Горизонтально', 'Не поддерживается', '31%'),
(1272, 3, 'Горизонтально', 'Не поддерживается', '31%'),
(1273, 3, 'Горизонтально', 'Не поддерживается', '31%'),
(1274, 3, 'Горизонтально', 'Не поддерживается', '31%'),
(1275, 3, 'Горизонтально', 'Не поддерживается', '31%'),
(1276, 3, 'Горизонтально', 'Не поддерживается', '31%'),
(1277, 3, 'Горизонтально', 'Не поддерживается', '31%'),
(1278, 3, 'Горизонтально', 'Не поддерживается', '31%'),
(1279, 3, 'Горизонтально', 'Не поддерживается', '31%'),
(1280, 3, 'Горизонтально', 'Не поддерживается', '31%'),
(1281, 3, 'Горизонтально', 'Не поддерживается', '31%'),
(1282, 3, 'Горизонтально', 'Не поддерживается', '31%'),
(1283, 3, 'Горизонтально', 'Не поддерживается', '31%'),
(1284, 3, 'Горизонтально', 'Не поддерживается', '31%'),
(1285, 3, 'Горизонтально', 'Не поддерживается', '31%'),
(1286, 3, 'Горизонтально', 'Не поддерживается', '31%'),
(1287, 3, 'Горизонтально', 'Не поддерживается', '31%'),
(1288, 3, 'Горизонтально', 'Не поддерживается', '31%'),
(1289, 3, 'Горизонтально', 'Не поддерживается', '31%'),
(1290, 3, 'Горизонтально', 'Не поддерживается', '31%'),
(1291, 3, 'Горизонтально', 'Не поддерживается', '31%'),
(1292, 3, 'Горизонтально', 'Не поддерживается', '31%'),
(1293, 3, 'Горизонтально', 'Не поддерживается', '31%'),
(1294, 3, 'Горизонтально', 'Не поддерживается', '31%'),
(1295, 3, 'Горизонтально', 'Не поддерживается', '31%'),
(1296, 3, 'Горизонтально', 'Не поддерживается', '31%'),
(1297, 3, 'Горизонтально', 'Не поддерживается', '31%'),
(1298, 3, 'Горизонтально', 'Не поддерживается', '31%'),
(1299, 3, 'Горизонтально', 'Не поддерживается', '31%'),
(1300, 3, 'Горизонтально', 'Не поддерживается', '31%'),
(1301, 3, 'Горизонтально', 'Не поддерживается', '31%'),
(1302, 3, 'Горизонтально', 'Не поддерживается', '31%'),
(1303, 3, 'Горизонтально', 'Не поддерживается', '31%'),
(1304, 3, 'Горизонтально', 'Не поддерживается', '31%'),
(1305, 3, 'Горизонтально', 'Не поддерживается', '31%'),
(1306, 3, 'Горизонтально', 'Не поддерживается', '31%'),
(1307, 3, 'Горизонтально', 'Не поддерживается', '31%'),
(1308, 3, 'Горизонтально', 'Не поддерживается', '31%'),
(1309, 3, 'Горизонтально', 'Не поддерживается', '31%'),
(1310, 3, 'Горизонтально', 'Не поддерживается', '31%'),
(1311, 3, 'Горизонтально', 'Не поддерживается', '31%'),
(1312, 3, 'Горизонтально', 'Не поддерживается', '31%'),
(1313, 3, 'Горизонтально', 'Не поддерживается', '31%'),
(1314, 3, 'Горизонтально', 'Не поддерживается', '31%'),
(1315, 3, 'Горизонтально', 'Не поддерживается', '31%'),
(1316, 3, 'Горизонтально', 'Не поддерживается', '31%'),
(1317, 3, 'Горизонтально', 'Не поддерживается', '31%'),
(1318, 3, 'Горизонтально', 'Не поддерживается', '31%'),
(1319, 3, 'Горизонтально', 'Не поддерживается', '31%'),
(1320, 3, 'Горизонтально', 'Не поддерживается', '31%'),
(1321, 3, 'Горизонтально', 'Не поддерживается', '31%'),
(1322, 3, 'Горизонтально', 'Не поддерживается', '31%'),
(1323, 3, 'Горизонтально', 'Не поддерживается', '31%'),
(1324, 3, 'Горизонтально', 'Не поддерживается', '31%'),
(1325, 3, 'Горизонтально', 'Не поддерживается', '31%'),
(1326, 3, 'Горизонтально', 'Не поддерживается', '31%'),
(1327, 3, 'Горизонтально', 'Не поддерживается', '31%'),
(1328, 3, 'Горизонтально', 'Не поддерживается', '31%'),
(1329, 3, 'Горизонтально', 'Не поддерживается', '31%'),
(1330, 3, 'Горизонтально', 'Не поддерживается', '31%'),
(1331, 3, 'Горизонтально', 'Не поддерживается', '31%'),
(1332, 3, 'Горизонтально', 'Не поддерживается', '31%'),
(1333, 3, 'Горизонтально', 'Не поддерживается', '31%'),
(1334, 3, 'Горизонтально', 'Не поддерживается', '31%'),
(1335, 3, 'Горизонтально', 'Не поддерживается', '31%'),
(1336, 3, 'Горизонтально', 'Не поддерживается', '31%'),
(1337, 3, 'Горизонтально', 'Не поддерживается', '31%'),
(1338, 3, 'Горизонтально', 'Не поддерживается', '31%'),
(1339, 3, 'Горизонтально', 'Не поддерживается', '31%'),
(1340, 3, 'Горизонтально', 'Не поддерживается', '31%'),
(1341, 3, 'Горизонтально', 'Не поддерживается', '31%'),
(1342, 3, 'Горизонтально', 'Не поддерживается', '31%'),
(1343, 3, 'Горизонтально', 'Не поддерживается', '31%'),
(1344, 3, 'Горизонтально', 'Не поддерживается', '31%'),
(1345, 3, 'Горизонтально', 'Не поддерживается', '31%'),
(1346, 3, 'Горизонтально', 'Не поддерживается', '31%'),
(1347, 3, 'Горизонтально', 'Не поддерживается', '31%'),
(1348, 3, 'Горизонтально', 'Не поддерживается', '31%'),
(1349, 3, 'Горизонтально', 'Не поддерживается', '31%'),
(1350, 3, 'Горизонтально', 'Не поддерживается', '31%'),
(1351, 3, 'Горизонтально', 'Не поддерживается', '31%'),
(1352, 3, 'Горизонтально', 'Не поддерживается', '31%'),
(1353, 3, 'Горизонтально', 'Не поддерживается', '31%'),
(1354, 3, 'Горизонтально', 'Не поддерживается', '31%'),
(1355, 3, 'Горизонтально', 'Не поддерживается', '31%'),
(1356, 3, 'Горизонтально', 'Не поддерживается', '31%'),
(1357, 3, 'Горизонтально', 'Не поддерживается', '31%'),
(1358, 3, 'Горизонтально', 'Не поддерживается', '31%'),
(1359, 3, 'Горизонтально', 'Не поддерживается', '31%'),
(1360, 3, 'Горизонтально', 'Не поддерживается', '31%'),
(1361, 3, 'Горизонтально', 'Не поддерживается', '31%'),
(1362, 3, 'Горизонтально', 'Не поддерживается', '31%'),
(1363, 3, 'Горизонтально', 'Не поддерживается', '31%'),
(1364, 3, 'Горизонтально', 'Не поддерживается', '31%'),
(1365, 3, 'Горизонтально', 'Не поддерживается', '31%'),
(1366, 3, 'Горизонтально', 'Не поддерживается', '31%'),
(1367, 3, 'Горизонтально', 'Не поддерживается', '31%'),
(1368, 3, 'Горизонтально', 'Не поддерживается', '31%'),
(1369, 3, 'Горизонтально', 'Не поддерживается', '31%'),
(1370, 3, 'Горизонтально', 'Не поддерживается', '31%'),
(1371, 3, 'Горизонтально', 'Не поддерживается', '31%'),
(1372, 3, 'Горизонтально', 'Не поддерживается', '31%'),
(1373, 3, 'Горизонтально', 'Не поддерживается', '31%'),
(1374, 3, 'Горизонтально', 'Не поддерживается', '31%'),
(1375, 3, 'Горизонтально', 'Не поддерживается', '31%'),
(1376, 3, 'Горизонтально', 'Не поддерживается', '31%'),
(1377, 3, 'Горизонтально', 'Не поддерживается', '31%'),
(1378, 3, 'Горизонтально', 'Не поддерживается', '31%'),
(1379, 3, 'Горизонтально', 'Не поддерживается', '31%'),
(1380, 3, 'Горизонтально', 'Не поддерживается', '31%'),
(1381, 3, 'Горизонтально', 'Не поддерживается', '31%'),
(1382, 3, 'Горизонтально', 'Не поддерживается', '31%'),
(1383, 3, 'Горизонтально', 'Не поддерживается', '31%'),
(1384, 3, 'Горизонтально', 'Не поддерживается', '31%'),
(1385, 3, 'Горизонтально', 'Не поддерживается', '31%'),
(1386, 3, 'Горизонтально', 'Не поддерживается', '31%'),
(1387, 3, 'Горизонтально', 'Не поддерживается', '31%'),
(1388, 3, 'Горизонтально', 'Не поддерживается', '31%'),
(1389, 3, 'Горизонтально', 'Не поддерживается', '31%'),
(1390, 3, 'Горизонтально', 'Не поддерживается', '31%'),
(1391, 3, 'Горизонтально', 'Не поддерживается', '31%'),
(1392, 3, 'Горизонтально', 'Не поддерживается', '31%'),
(1393, 3, 'Горизонтально', 'Не поддерживается', '31%'),
(1394, 3, 'Горизонтально', 'Не поддерживается', '31%'),
(1395, 3, 'Горизонтально', 'Не поддерживается', '31%'),
(1396, 3, 'Горизонтально', 'Не поддерживается', '31%'),
(1397, 3, 'Горизонтально', 'Не поддерживается', '31%'),
(1398, 3, 'Горизонтально', 'Не поддерживается', '31%'),
(1399, 3, 'Горизонтально', 'Не поддерживается', '31%'),
(1400, 3, 'Горизонтально', 'Не поддерживается', '31%'),
(1401, 3, 'Горизонтально', 'Не поддерживается', '31%'),
(1402, 3, 'Горизонтально', 'Не поддерживается', '31%'),
(1403, 3, 'Горизонтально', 'Не поддерживается', '31%'),
(1404, 3, 'Горизонтально', 'Не поддерживается', '31%'),
(1405, 3, 'Горизонтально', 'Не поддерживается', '31%'),
(1406, 3, 'Горизонтально', 'Не поддерживается', '31%'),
(1407, 3, 'Горизонтально', 'Не поддерживается', '31%'),
(1408, 3, 'Горизонтально', 'Не поддерживается', '31%'),
(1409, 3, 'Горизонтально', 'Не поддерживается', '31%'),
(1410, 3, 'Горизонтально', 'Не поддерживается', '31%'),
(1411, 3, 'Горизонтально', 'Не поддерживается', '31%'),
(1412, 3, 'Горизонтально', 'Не поддерживается', '31%'),
(1413, 3, 'Горизонтально', 'Не поддерживается', '31%'),
(1414, 3, 'Горизонтально', 'Не поддерживается', '31%'),
(1415, 3, 'Горизонтально', 'Не поддерживается', '31%'),
(1416, 3, 'Горизонтально', 'Не поддерживается', '31%'),
(1417, 3, 'Горизонтально', 'Не поддерживается', '31%'),
(1418, 3, 'Горизонтально', 'Не поддерживается', '31%'),
(1419, 3, 'Горизонтально', 'Не поддерживается', '31%'),
(1420, 3, 'Горизонтально', 'Не поддерживается', '31%'),
(1421, 3, 'Горизонтально', 'Не поддерживается', '31%'),
(1422, 3, 'Горизонтально', 'Не поддерживается', '31%'),
(1423, 3, 'Горизонтально', 'Не поддерживается', '31%'),
(1424, 3, 'Горизонтально', 'Не поддерживается', '31%'),
(1425, 3, 'Горизонтально', 'Не поддерживается', '31%'),
(1426, 3, 'Горизонтально', 'Не поддерживается', '31%'),
(1427, 3, 'Горизонтально', 'Не поддерживается', '31%'),
(1428, 3, 'Горизонтально', 'Не поддерживается', '31%'),
(1429, 3, 'Горизонтально', 'Не поддерживается', '31%'),
(1430, 3, 'Горизонтально', 'Не поддерживается', '31%'),
(1431, 3, 'Горизонтально', 'Не поддерживается', '31%'),
(1432, 3, 'Горизонтально', 'Не поддерживается', '31%'),
(1433, 3, 'Горизонтально', 'Не поддерживается', '31%'),
(1434, 3, 'Горизонтально', 'Не поддерживается', '31%'),
(1435, 3, 'Горизонтально', 'Не поддерживается', '31%'),
(1436, 3, 'Горизонтально', 'Не поддерживается', '31%'),
(1437, 3, 'Горизонтально', 'Не поддерживается', '31%'),
(1438, 3, 'Горизонтально', 'Не поддерживается', '31%'),
(1439, 3, 'Горизонтально', 'Не поддерживается', '31%'),
(1440, 3, 'Горизонтально', 'Не поддерживается', '31%'),
(1441, 3, 'Горизонтально', 'Не поддерживается', '31%'),
(1442, 3, 'Горизонтально', 'Не поддерживается', '31%'),
(1443, 3, 'Горизонтально', 'Не поддерживается', '31%'),
(1444, 3, 'Горизонтально', 'Не поддерживается', '31%'),
(1445, 3, 'Горизонтально', 'Не поддерживается', '31%'),
(1446, 3, 'Горизонтально', 'Не поддерживается', '31%'),
(1447, 3, 'Горизонтально', 'Не поддерживается', '31%'),
(1448, 3, 'Горизонтально', 'Не поддерживается', '31%'),
(1449, 3, 'Горизонтально', 'Не поддерживается', '31%'),
(1450, 3, 'Горизонтально', 'Не поддерживается', '31%'),
(1451, 3, 'Горизонтально', 'Не поддерживается', '31%'),
(1452, 3, 'Горизонтально', 'Не поддерживается', '31%'),
(1453, 3, 'Горизонтально', 'Не поддерживается', '31%'),
(1454, 3, 'Горизонтально', 'Не поддерживается', '31%'),
(1455, 3, 'Горизонтально', 'Не поддерживается', '31%'),
(1456, 3, 'Горизонтально', 'Не поддерживается', '31%'),
(1457, 3, 'Горизонтально', 'Не поддерживается', '31%'),
(1458, 3, 'Горизонтально', 'Не поддерживается', '31%'),
(1459, 3, 'Горизонтально', 'Не поддерживается', '31%'),
(1460, 3, 'Горизонтально', 'Не поддерживается', '31%'),
(1461, 3, 'Горизонтально', 'Не поддерживается', '31%'),
(1462, 3, 'Горизонтально', 'Не поддерживается', '31%'),
(1463, 3, 'Горизонтально', 'Не поддерживается', '31%'),
(1464, 3, 'Горизонтально', 'Не поддерживается', '31%'),
(1465, 3, 'Горизонтально', 'Не поддерживается', '31%'),
(1466, 3, 'Горизонтально', 'Не поддерживается', '31%'),
(1467, 3, 'Горизонтально', 'Не поддерживается', '31%'),
(1468, 3, 'Горизонтально', 'Не поддерживается', '31%'),
(1469, 3, 'Горизонтально', 'Не поддерживается', '31%'),
(1470, 3, 'Горизонтально', 'Не поддерживается', '31%'),
(1471, 3, 'Горизонтально', 'Не поддерживается', '31%'),
(1472, 3, 'Горизонтально', 'Не поддерживается', '31%'),
(1473, 3, 'Горизонтально', 'Не поддерживается', '31%'),
(1474, 3, 'Горизонтально', 'Не поддерживается', '31%'),
(1475, 3, 'Горизонтально', 'Не поддерживается', '31%'),
(1476, 3, 'Горизонтально', 'Не поддерживается', '31%'),
(1477, 3, 'Горизонтально', 'Не поддерживается', '31%'),
(1478, 3, 'Горизонтально', 'Не поддерживается', '31%'),
(1479, 3, 'Горизонтально', 'Не поддерживается', '31%'),
(1480, 3, 'Горизонтально', 'Не поддерживается', '31%'),
(1481, 3, 'Горизонтально', 'Не поддерживается', '31%'),
(1482, 3, 'Горизонтально', 'Не поддерживается', '31%'),
(1483, 3, 'Горизонтально', 'Не поддерживается', '31%'),
(1484, 3, 'Горизонтально', 'Не поддерживается', '31%'),
(1485, 3, 'Горизонтально', 'Не поддерживается', '31%'),
(1486, 3, 'Горизонтально', 'Не поддерживается', '31%'),
(1487, 3, 'Горизонтально', 'Не поддерживается', '31%'),
(1488, 3, 'Горизонтально', 'Не поддерживается', '31%'),
(1489, 3, 'Горизонтально', 'Не поддерживается', '31%'),
(1490, 3, 'Горизонтально', 'Не поддерживается', '31%'),
(1491, 3, 'Горизонтально', 'Не поддерживается', '31%'),
(1492, 3, 'Горизонтально', 'Не поддерживается', '31%'),
(1493, 3, 'Горизонтально', 'Не поддерживается', '31%'),
(1494, 3, 'Горизонтально', 'Не поддерживается', '31%'),
(1495, 3, 'Горизонтально', 'Не поддерживается', '31%'),
(1496, 3, 'Горизонтально', 'Не поддерживается', '31%'),
(1497, 3, 'Горизонтально', 'Не поддерживается', '31%'),
(1498, 3, 'Горизонтально', 'Не поддерживается', '31%'),
(1499, 3, 'Горизонтально', 'Не поддерживается', '31%'),
(1500, 3, 'Горизонтально', 'Не поддерживается', '31%'),
(1501, 3, 'Горизонтально', 'Не поддерживается', '31%'),
(1502, 3, 'Горизонтально', 'Не поддерживается', '31%'),
(1503, 3, 'Горизонтально', 'Не поддерживается', '31%'),
(1504, 3, 'Горизонтально', 'Не поддерживается', '31%'),
(1505, 3, 'Горизонтально', 'Не поддерживается', '31%'),
(1506, 3, 'Горизонтально', 'Не поддерживается', '31%'),
(1507, 3, 'Горизонтально', 'Не поддерживается', '31%'),
(1508, 3, 'Горизонтально', 'Не поддерживается', '31%'),
(1509, 3, 'Горизонтально', 'Не поддерживается', '31%'),
(1510, 3, 'Горизонтально', 'Не поддерживается', '31%'),
(1511, 3, 'Горизонтально', 'Не поддерживается', '31%'),
(1512, 3, 'Горизонтально', 'Не поддерживается', '31%'),
(1513, 3, 'Горизонтально', 'Не поддерживается', '31%'),
(1514, 3, 'Горизонтально', 'Не поддерживается', '31%'),
(1515, 3, 'Горизонтально', 'Не поддерживается', '31%'),
(1516, 3, 'Горизонтально', 'Не поддерживается', '31%'),
(1517, 3, 'Горизонтально', 'Не поддерживается', '31%'),
(1518, 3, 'Горизонтально', 'Не поддерживается', '31%'),
(1519, 3, 'Горизонтально', 'Не поддерживается', '31%'),
(1520, 3, 'Горизонтально', 'Не поддерживается', '31%'),
(1521, 3, 'Горизонтально', 'Не поддерживается', '31%'),
(1522, 3, 'Горизонтально', 'Не поддерживается', '31%'),
(1523, 3, 'Горизонтально', 'Не поддерживается', '31%'),
(1524, 3, 'Горизонтально', 'Не поддерживается', '31%'),
(1525, 3, 'Горизонтально', 'Не поддерживается', '31%'),
(1526, 3, 'Горизонтально', 'Не поддерживается', '31%'),
(1527, 3, 'Горизонтально', 'Не поддерживается', '31%'),
(1528, 3, 'Горизонтально', 'Не поддерживается', '31%'),
(1529, 3, 'Горизонтально', 'Не поддерживается', '31%'),
(1530, 3, 'Горизонтально', 'Не поддерживается', '31%'),
(1531, 3, 'Горизонтально', 'Не поддерживается', '31%'),
(1532, 3, 'Горизонтально', 'Не поддерживается', '31%'),
(1533, 3, 'Горизонтально', 'Не поддерживается', '31%'),
(1534, 3, 'Горизонтально', 'Не поддерживается', '31%'),
(1535, 3, 'Горизонтально', 'Не поддерживается', '31%'),
(1536, 3, 'Горизонтально', 'Не поддерживается', '31%'),
(1537, 3, 'Горизонтально', 'Не поддерживается', '31%'),
(1538, 3, 'Горизонтально', 'Не поддерживается', '31%'),
(1539, 3, 'Горизонтально', 'Не поддерживается', '31%'),
(1540, 3, 'Горизонтально', 'Не поддерживается', '31%'),
(1541, 3, 'Горизонтально', 'Не поддерживается', '31%'),
(1542, 3, 'Горизонтально', 'Не поддерживается', '31%'),
(1543, 3, 'Горизонтально', 'Не поддерживается', '31%'),
(1544, 3, 'Горизонтально', 'Не поддерживается', '31%'),
(1545, 3, 'Горизонтально', 'Не поддерживается', '31%'),
(1546, 3, 'Горизонтально', 'Не поддерживается', '31%'),
(1547, 3, 'Горизонтально', 'Не поддерживается', '31%'),
(1548, 3, 'Горизонтально', 'Не поддерживается', '31%'),
(1549, 3, 'Горизонтально', 'Не поддерживается', '31%'),
(1550, 3, 'Горизонтально', 'Не поддерживается', '31%'),
(1551, 3, 'Горизонтально', 'Не поддерживается', '31%'),
(1552, 3, 'Горизонтально', 'Не поддерживается', '31%'),
(1553, 3, 'Горизонтально', 'Не поддерживается', '31%'),
(1554, 3, 'Горизонтально', 'Не поддерживается', '31%'),
(1555, 3, 'Горизонтально', 'Не поддерживается', '31%'),
(1556, 3, 'Горизонтально', 'Не поддерживается', '31%'),
(1557, 3, 'Горизонтально', 'Не поддерживается', '31%'),
(1558, 3, 'Горизонтально', 'Не поддерживается', '31%'),
(1559, 3, 'Горизонтально', 'Не поддерживается', '31%'),
(1560, 3, 'Горизонтально', 'Не поддерживается', '31%'),
(1561, 3, 'Горизонтально', 'Не поддерживается', '31%'),
(1562, 3, 'Горизонтально', 'Не поддерживается', '31%'),
(1563, 3, 'Горизонтально', 'Не поддерживается', '31%'),
(1564, 3, 'Горизонтально', 'Не поддерживается', '31%'),
(1565, 3, 'Горизонтально', 'Не поддерживается', '31%'),
(1566, 3, 'Горизонтально', 'Не поддерживается', '31%'),
(1567, 3, 'Горизонтально', 'Не поддерживается', '31%'),
(1568, 3, 'Горизонтально', 'Не поддерживается', '31%'),
(1569, 3, 'Горизонтально', 'Не поддерживается', '31%'),
(1570, 3, 'Горизонтально', 'Не поддерживается', '31%'),
(1571, 3, 'Горизонтально', 'Не поддерживается', '31%'),
(1572, 3, 'Горизонтально', 'Не поддерживается', '31%'),
(1573, 3, 'Горизонтально', 'Не поддерживается', '31%'),
(1574, 3, 'Горизонтально', 'Не поддерживается', '31%'),
(1575, 3, 'Горизонтально', 'Не поддерживается', '31%'),
(1576, 3, 'Горизонтально', 'Не поддерживается', '31%'),
(1577, 3, 'Горизонтально', 'Не поддерживается', '31%'),
(1578, 3, 'Горизонтально', 'Не поддерживается', '31%'),
(1579, 3, 'Горизонтально', 'Не поддерживается', '31%'),
(1580, 3, 'Горизонтально', 'Не поддерживается', '31%'),
(1581, 3, 'Горизонтально', 'Не поддерживается', '31%'),
(1582, 3, 'Горизонтально', 'Не поддерживается', '31%'),
(1583, 3, 'Горизонтально', 'Не поддерживается', '31%'),
(1584, 3, 'Горизонтально', 'Не поддерживается', '31%'),
(1585, 3, 'Горизонтально', 'Не поддерживается', '31%'),
(1586, 3, 'Горизонтально', 'Не поддерживается', '31%'),
(1587, 3, 'Горизонтально', 'Не поддерживается', '31%'),
(1588, 3, 'Горизонтально', 'Не поддерживается', '31%'),
(1589, 3, 'Горизонтально', 'Не поддерживается', '31%'),
(1590, 3, 'Горизонтально', 'Не поддерживается', '31%'),
(1591, 3, 'Горизонтально', 'Не поддерживается', '31%'),
(1592, 3, 'Горизонтально', 'Не поддерживается', '31%'),
(1593, 5, 'Вертикально', 'Не поддерживается', '33%'),
(1594, 3, 'Горизонтально', 'Не поддерживается', '31%'),
(1595, 5, 'Вертикально', 'Не поддерживается', '33%'),
(1596, 3, 'Горизонтально', 'Не поддерживается', '31%'),
(1597, 5, 'Вертикально', 'Не поддерживается', '33%'),
(1598, 3, 'Горизонтально', 'Не поддерживается', '31%'),
(1599, 5, 'Вертикально', 'Не поддерживается', '33%'),
(1600, 3, 'Горизонтально', 'Не поддерживается', '31%'),
(1601, 5, 'Вертикально', 'Не поддерживается', '33%'),
(1602, 3, 'Горизонтально', 'Не поддерживается', '31%'),
(1603, 5, 'Вертикально', 'Не поддерживается', '33%'),
(1604, 3, 'Горизонтально', 'Не поддерживается', '31%'),
(1605, 5, 'Вертикально', 'Не поддерживается', '33%'),
(1606, 3, 'Горизонтально', 'Не поддерживается', '31%'),
(1607, 5, 'Вертикально', 'Не поддерживается', '33%'),
(1608, 3, 'Горизонтально', 'Не поддерживается', '31%'),
(1609, 5, 'Вертикально', 'Не поддерживается', '33%'),
(1610, 3, 'Горизонтально', 'Не поддерживается', '31%'),
(1611, 5, 'Вертикально', 'Не поддерживается', '33%'),
(1612, 3, 'Горизонтально', 'Не поддерживается', '31%'),
(1613, 5, 'Вертикально', 'Не поддерживается', '33%'),
(1614, 3, 'Горизонтально', 'Не поддерживается', '31%'),
(1615, 5, 'Вертикально', 'Не поддерживается', '33%'),
(1616, 3, 'Горизонтально', 'Не поддерживается', '31%'),
(1617, 5, 'Вертикально', 'Не поддерживается', '33%'),
(1618, 3, 'Горизонтально', 'Не поддерживается', '31%'),
(1619, 5, 'Вертикально', 'Не поддерживается', '33%'),
(1620, 3, 'Горизонтально', 'Не поддерживается', '31%'),
(1621, 5, 'Вертикально', 'Не поддерживается', '33%'),
(1622, 3, 'Горизонтально', 'Не поддерживается', '31%'),
(1623, 5, 'Вертикально', 'Не поддерживается', '33%'),
(1624, 3, 'Горизонтально', 'Не поддерживается', '31%'),
(1625, 5, 'Вертикально', 'Не поддерживается', '33%'),
(1626, 3, 'Горизонтально', 'Не поддерживается', '31%'),
(1627, 5, 'Вертикально', 'Не поддерживается', '33%'),
(1628, 3, 'Горизонтально', 'Не поддерживается', '31%'),
(1629, 5, 'Вертикально', 'Не поддерживается', '33%'),
(1630, 3, 'Горизонтально', 'Не поддерживается', '31%'),
(1631, 5, 'Вертикально', 'Не поддерживается', '33%'),
(1632, 3, 'Горизонтально', 'Не поддерживается', '31%'),
(1633, 5, 'Вертикально', 'Не поддерживается', '33%'),
(1634, 3, 'Горизонтально', 'Не поддерживается', '31%'),
(1635, 5, 'Вертикально', 'Не поддерживается', '33%'),
(1636, 3, 'Горизонтально', 'Не поддерживается', '31%'),
(1637, 5, 'Вертикально', 'Не поддерживается', '33%'),
(1638, 3, 'Горизонтально', 'Не поддерживается', '31%'),
(1639, 5, 'Вертикально', 'Не поддерживается', '33%'),
(1640, 3, 'Горизонтально', 'Не поддерживается', '31%'),
(1641, 5, 'Вертикально', 'Не поддерживается', '33%'),
(1642, 3, 'Горизонтально', 'Не поддерживается', '31%'),
(1643, 5, 'Вертикально', 'Не поддерживается', '33%'),
(1644, 3, 'Горизонтально', 'Не поддерживается', '31%'),
(1645, 5, 'Вертикально', 'Не поддерживается', '33%'),
(1646, 3, 'Горизонтально', 'Не поддерживается', '31%'),
(1647, 5, 'Вертикально', 'Не поддерживается', '33%'),
(1648, 3, 'Горизонтально', 'Не поддерживается', '31%'),
(1649, 5, 'Вертикально', 'Не поддерживается', '33%'),
(1650, 3, 'Горизонтально', 'Не поддерживается', '31%'),
(1651, 5, 'Вертикально', 'Не поддерживается', '33%'),
(1652, 3, 'Горизонтально', 'Не поддерживается', '31%'),
(1653, 5, 'Вертикально', 'Не поддерживается', '33%'),
(1654, 3, 'Горизонтально', 'Не поддерживается', '31%'),
(1655, 5, 'Вертикально', 'Не поддерживается', '33%'),
(1656, 3, 'Горизонтально', 'Не поддерживается', '31%'),
(1657, 5, 'Вертикально', 'Не поддерживается', '33%'),
(1658, 3, 'Горизонтально', 'Не поддерживается', '31%'),
(1659, 5, 'Вертикально', 'Не поддерживается', '33%'),
(1660, 3, 'Горизонтально', 'Не поддерживается', '31%'),
(1661, 5, 'Вертикально', 'Не поддерживается', '33%'),
(1662, 3, 'Горизонтально', 'Не поддерживается', '31%'),
(1663, 5, 'Вертикально', 'Не поддерживается', '33%'),
(1664, 3, 'Горизонтально', 'Не поддерживается', '31%'),
(1665, 5, 'Вертикально', 'Не поддерживается', '33%'),
(1666, 3, 'Горизонтально', 'Не поддерживается', '31%'),
(1667, 5, 'Вертикально', 'Не поддерживается', '33%'),
(1668, 3, 'Горизонтально', 'Не поддерживается', '31%'),
(1669, 5, 'Вертикально', 'Не поддерживается', '33%'),
(1670, 3, 'Горизонтально', 'Не поддерживается', '31%'),
(1671, 5, 'Вертикально', 'Не поддерживается', '33%'),
(1672, 3, 'Горизонтально', 'Не поддерживается', '31%'),
(1673, 5, 'Вертикально', 'Не поддерживается', '33%'),
(1674, 3, 'Горизонтально', 'Не поддерживается', '31%'),
(1675, 5, 'Вертикально', 'Не поддерживается', '33%'),
(1676, 3, 'Горизонтально', 'Не поддерживается', '31%'),
(1677, 5, 'Вертикально', 'Не поддерживается', '33%'),
(1678, 3, 'Горизонтально', 'Не поддерживается', '31%'),
(1679, 5, 'Вертикально', 'Не поддерживается', '33%'),
(1680, 3, 'Горизонтально', 'Не поддерживается', '31%'),
(1681, 5, 'Вертикально', 'Не поддерживается', '33%'),
(1682, 3, 'Горизонтально', 'Не поддерживается', '31%'),
(1683, 5, 'Вертикально', 'Не поддерживается', '33%'),
(1684, 3, 'Горизонтально', 'Не поддерживается', '31%'),
(1685, 5, 'Вертикально', 'Не поддерживается', '33%'),
(1686, 3, 'Горизонтально', 'Не поддерживается', '31%'),
(1687, 5, 'Вертикально', 'Не поддерживается', '33%'),
(1688, 3, 'Горизонтально', 'Не поддерживается', '31%'),
(1689, 5, 'Вертикально', 'Не поддерживается', '33%'),
(1690, 3, 'Горизонтально', 'Не поддерживается', '31%'),
(1691, 5, 'Вертикально', 'Не поддерживается', '33%'),
(1692, 3, 'Горизонтально', 'Не поддерживается', '31%'),
(1693, 5, 'Вертикально', 'Не поддерживается', '33%'),
(1694, 3, 'Горизонтально', 'Не поддерживается', '31%'),
(1695, 5, 'Вертикально', 'Не поддерживается', '33%'),
(1696, 3, 'Горизонтально', 'Не поддерживается', '31%'),
(1697, 5, 'Вертикально', 'Не поддерживается', '33%'),
(1698, 3, 'Горизонтально', 'Не поддерживается', '31%'),
(1699, 5, 'Вертикально', 'Не поддерживается', '33%'),
(1700, 3, 'Горизонтально', 'Не поддерживается', '31%'),
(1701, 5, 'Вертикально', 'Не поддерживается', '33%'),
(1702, 3, 'Горизонтально', 'Не поддерживается', '31%'),
(1703, 5, 'Вертикально', 'Не поддерживается', '33%'),
(1704, 3, 'Горизонтально', 'Не поддерживается', '31%'),
(1705, 5, 'Вертикально', 'Не поддерживается', '33%'),
(1706, 3, 'Горизонтально', 'Не поддерживается', '31%'),
(1707, 5, 'Вертикально', 'Не поддерживается', '33%'),
(1708, 3, 'Горизонтально', 'Не поддерживается', '31%'),
(1709, 5, 'Вертикально', 'Не поддерживается', '33%'),
(1710, 3, 'Горизонтально', 'Не поддерживается', '31%'),
(1711, 5, 'Вертикально', 'Не поддерживается', '33%'),
(1712, 3, 'Горизонтально', 'Не поддерживается', '31%'),
(1713, 5, 'Вертикально', 'Не поддерживается', '33%'),
(1714, 3, 'Горизонтально', 'Не поддерживается', '31%'),
(1715, 5, 'Вертикально', 'Не поддерживается', '33%'),
(1716, 3, 'Горизонтально', 'Не поддерживается', '31%'),
(1717, 5, 'Вертикально', 'Не поддерживается', '33%'),
(1718, 3, 'Горизонтально', 'Не поддерживается', '31%'),
(1719, 5, 'Вертикально', 'Не поддерживается', '33%'),
(1720, 3, 'Горизонтально', 'Не поддерживается', '31%'),
(1721, 5, 'Вертикально', 'Не поддерживается', '33%'),
(1722, 3, 'Горизонтально', 'Не поддерживается', '31%'),
(1723, 5, 'Вертикально', 'Не поддерживается', '33%'),
(1724, 3, 'Горизонтально', 'Не поддерживается', '31%'),
(1725, 5, 'Вертикально', 'Не поддерживается', '33%'),
(1726, 3, 'Горизонтально', 'Не поддерживается', '31%'),
(1727, 5, 'Вертикально', 'Не поддерживается', '33%'),
(1728, 3, 'Горизонтально', 'Не поддерживается', '31%'),
(1729, 5, 'Вертикально', 'Не поддерживается', '33%'),
(1730, 3, 'Горизонтально', 'Не поддерживается', '31%'),
(1731, 5, 'Вертикально', 'Не поддерживается', '33%'),
(1732, 3, 'Горизонтально', 'Не поддерживается', '31%'),
(1733, 5, 'Вертикально', 'Не поддерживается', '32%'),
(1734, 3, 'Горизонтально', 'Не поддерживается', '31%'),
(1735, 5, 'Вертикально', 'Не поддерживается', '32%'),
(1736, 3, 'Горизонтально', 'Не поддерживается', '31%'),
(1737, 5, 'Вертикально', 'Не поддерживается', '32%'),
(1738, 3, 'Горизонтально', 'Не поддерживается', '31%'),
(1739, 5, 'Вертикально', 'Не поддерживается', '32%'),
(1740, 3, 'Горизонтально', 'Не поддерживается', '31%'),
(1741, 5, 'Горизонтально', 'Не поддерживается', '32%'),
(1742, 3, 'Горизонтально', 'Не поддерживается', '31%'),
(1743, 5, 'Горизонтально', 'Не поддерживается', '32%'),
(1744, 3, 'Горизонтально', 'Не поддерживается', '31%'),
(1745, 5, 'Вертикально', 'Не поддерживается', '32%'),
(1746, 3, 'Горизонтально', 'Не поддерживается', '31%'),
(1747, 5, 'Вертикально', 'Не поддерживается', '32%'),
(1748, 3, 'Горизонтально', 'Не поддерживается', '31%'),
(1749, 5, 'Вертикально', 'Не поддерживается', '32%'),
(1750, 3, 'Горизонтально', 'Не поддерживается', '31%'),
(1751, 5, 'Вертикально', 'Не поддерживается', '32%'),
(1752, 3, 'Горизонтально', 'Не поддерживается', '31%'),
(1753, 5, 'Вертикально', 'Не поддерживается', '32%'),
(1754, 3, 'Горизонтально', 'Не поддерживается', '31%'),
(1755, 5, 'Вертикально', 'Не поддерживается', '32%'),
(1756, 3, 'Горизонтально', 'Не поддерживается', '31%'),
(1757, 5, 'Вертикально', 'Не поддерживается', '32%'),
(1758, 3, 'Горизонтально', 'Не поддерживается', '31%'),
(1759, 5, 'Вертикально', 'Не поддерживается', '32%'),
(1760, 3, 'Горизонтально', 'Не поддерживается', '31%'),
(1761, 5, 'Вертикально', 'Не поддерживается', '32%'),
(1762, 3, 'Горизонтально', 'Не поддерживается', '31%'),
(1763, 5, 'Вертикально', 'Не поддерживается', '32%'),
(1764, 3, 'Горизонтально', 'Не поддерживается', '31%'),
(1765, 5, 'Вертикально', 'Не поддерживается', '32%'),
(1766, 3, 'Горизонтально', 'Не поддерживается', '31%'),
(1767, 5, 'Вертикально', 'Не поддерживается', '32%'),
(1768, 3, 'Горизонтально', 'Не поддерживается', '31%'),
(1769, 5, 'Вертикально', 'Не поддерживается', '32%'),
(1770, 3, 'Горизонтально', 'Не поддерживается', '31%'),
(1771, 5, 'Вертикально', 'Не поддерживается', '32%'),
(1772, 3, 'Горизонтально', 'Не поддерживается', '31%'),
(1773, 5, 'Вертикально', 'Не поддерживается', '32%'),
(1774, 3, 'Горизонтально', 'Не поддерживается', '31%'),
(1775, 5, 'Вертикально', 'Не поддерживается', '32%'),
(1776, 3, 'Горизонтально', 'Не поддерживается', '31%'),
(1777, 5, 'Вертикально', 'Не поддерживается', '32%'),
(1778, 3, 'Горизонтально', 'Не поддерживается', '31%'),
(1779, 5, 'Вертикально', 'Не поддерживается', '32%'),
(1780, 3, 'Горизонтально', 'Не поддерживается', '31%'),
(1781, 5, 'Вертикально', 'Не поддерживается', '32%'),
(1782, 3, 'Горизонтально', 'Не поддерживается', '31%'),
(1783, 5, 'Вертикально', 'Не поддерживается', '32%'),
(1784, 3, 'Горизонтально', 'Не поддерживается', '31%'),
(1785, 5, 'Вертикально', 'Не поддерживается', '32%'),
(1786, 3, 'Горизонтально', 'Не поддерживается', '31%'),
(1787, 5, 'Вертикально', 'Не поддерживается', '32%'),
(1788, 3, 'Горизонтально', 'Не поддерживается', '31%'),
(1789, 5, 'Вертикально', 'Не поддерживается', '32%'),
(1790, 3, 'Горизонтально', 'Не поддерживается', '31%'),
(1791, 5, 'Вертикально', 'Не поддерживается', '32%'),
(1792, 3, 'Горизонтально', 'Не поддерживается', '31%'),
(1793, 5, 'Вертикально', 'Не поддерживается', '32%'),
(1794, 3, 'Горизонтально', 'Не поддерживается', '31%'),
(1795, 5, 'Вертикально', 'Не поддерживается', '32%'),
(1796, 3, 'Горизонтально', 'Не поддерживается', '31%'),
(1797, 5, 'Вертикально', 'Не поддерживается', '32%'),
(1798, 3, 'Горизонтально', 'Не поддерживается', '31%'),
(1799, 5, 'Вертикально', 'Не поддерживается', '32%'),
(1800, 3, 'Горизонтально', 'Не поддерживается', '31%'),
(1801, 5, 'Вертикально', 'Не поддерживается', '32%'),
(1802, 5, 'Вертикально', 'Не поддерживается', '32%'),
(1803, 5, 'Вертикально', 'Не поддерживается', '32%'),
(1804, 5, 'Вертикально', 'Не поддерживается', '32%'),
(1805, 5, 'Вертикально', 'Не поддерживается', '32%'),
(1806, 5, 'Вертикально', 'Не поддерживается', '32%'),
(1807, 5, 'Вертикально', 'Не поддерживается', '32%'),
(1808, 5, 'Вертикально', 'Не поддерживается', '32%'),
(1809, 5, 'Вертикально', 'Не поддерживается', '32%'),
(1810, 5, 'Вертикально', 'Не поддерживается', '32%'),
(1811, 5, 'Вертикально', 'Не поддерживается', '32%'),
(1812, 5, 'Вертикально', 'Не поддерживается', '32%'),
(1813, 5, 'Вертикально', 'Не поддерживается', '32%'),
(1814, 5, 'Вертикально', 'Не поддерживается', '32%'),
(1815, 5, 'Вертикально', 'Не поддерживается', '32%'),
(1816, 5, 'Вертикально', 'Не поддерживается', '32%'),
(1817, 5, 'Вертикально', 'Не поддерживается', '32%'),
(1818, 5, 'Вертикально', 'Не поддерживается', '32%'),
(1819, 5, 'Вертикально', 'Не поддерживается', '32%'),
(1820, 5, 'Вертикально', 'Не поддерживается', '32%'),
(1821, 5, 'Вертикально', 'Не поддерживается', '32%'),
(1822, 5, 'Вертикально', 'Не поддерживается', '32%'),
(1823, 5, 'Вертикально', 'Не поддерживается', '32%'),
(1824, 5, 'Вертикально', 'Не поддерживается', '32%'),
(1825, 5, 'Вертикально', 'Не поддерживается', '32%'),
(1826, 5, 'Вертикально', 'Не поддерживается', '32%'),
(1827, 5, 'Вертикально', 'Не поддерживается', '32%'),
(1828, 5, 'Вертикально', 'Не поддерживается', '32%'),
(1829, 5, 'Вертикально', 'Не поддерживается', '32%'),
(1830, 5, 'Вертикально', 'Не поддерживается', '32%'),
(1831, 5, 'Вертикально', 'Не поддерживается', '32%'),
(1832, 5, 'Вертикально', 'Не поддерживается', '32%'),
(1833, 5, 'Вертикально', 'Не поддерживается', '32%'),
(1834, 5, 'Вертикально', 'Не поддерживается', '32%'),
(1835, 5, 'Вертикально', 'Не поддерживается', '32%'),
(1836, 5, 'Вертикально', 'Не поддерживается', '32%'),
(1837, 5, 'Вертикально', 'Не поддерживается', '32%'),
(1838, 5, 'Вертикально', 'Не поддерживается', '32%'),
(1839, 5, 'Вертикально', 'Не поддерживается', '32%'),
(1840, 5, 'Вертикально', 'Не поддерживается', '32%'),
(1841, 5, 'Вертикально', 'Не поддерживается', '32%'),
(1842, 5, 'Вертикально', 'Не поддерживается', '32%'),
(1843, 5, 'Вертикально', 'Не поддерживается', '32%'),
(1844, 5, 'Вертикально', 'Не поддерживается', '32%'),
(1845, 5, 'Вертикально', 'Не поддерживается', '32%'),
(1846, 5, 'Вертикально', 'Не поддерживается', '32%'),
(1847, 5, 'Вертикально', 'Не поддерживается', '32%'),
(1848, 5, 'Вертикально', 'Не поддерживается', '32%'),
(1849, 5, 'Вертикально', 'Не поддерживается', '32%'),
(1850, 5, 'Вертикально', 'Не поддерживается', '32%'),
(1851, 5, 'Вертикально', 'Не поддерживается', '32%'),
(1852, 5, 'Вертикально', 'Не поддерживается', '32%'),
(1853, 5, 'Вертикально', 'Не поддерживается', '32%'),
(1854, 5, 'Вертикально', 'Не поддерживается', '32%'),
(1855, 5, 'Вертикально', 'Не поддерживается', '32%'),
(1856, 5, 'Вертикально', 'Не поддерживается', '32%'),
(1857, 5, 'Вертикально', 'Не поддерживается', '32%'),
(1858, 5, 'Вертикально', 'Не поддерживается', '32%'),
(1859, 5, 'Вертикально', 'Не поддерживается', '32%'),
(1860, 5, 'Вертикально', 'Не поддерживается', '32%'),
(1861, 5, 'Вертикально', 'Не поддерживается', '32%'),
(1862, 5, 'Вертикально', 'Не поддерживается', '32%'),
(1863, 5, 'Вертикально', 'Не поддерживается', '32%'),
(1864, 5, 'Вертикально', 'Не поддерживается', '32%'),
(1865, 5, 'Вертикально', 'Не поддерживается', '32%'),
(1866, 5, 'Вертикально', 'Не поддерживается', '32%'),
(1867, 5, 'Вертикально', 'Не поддерживается', '32%'),
(1868, 5, 'Вертикально', 'Не поддерживается', '32%'),
(1869, 5, 'Вертикально', 'Не поддерживается', '32%'),
(1870, 5, 'Вертикально', 'Не поддерживается', '32%'),
(1871, 5, 'Вертикально', 'Не поддерживается', '32%'),
(1872, 5, 'Вертикально', 'Не поддерживается', '32%'),
(1873, 5, 'Вертикально', 'Не поддерживается', '32%'),
(1874, 5, 'Вертикально', 'Не поддерживается', '32%'),
(1875, 5, 'Вертикально', 'Не поддерживается', '32%'),
(1876, 5, 'Вертикально', 'Не поддерживается', '32%'),
(1877, 5, 'Вертикально', 'Не поддерживается', '32%'),
(1878, 5, 'Вертикально', 'Не поддерживается', '32%'),
(1879, 5, 'Вертикально', 'Не поддерживается', '32%'),
(1880, 5, 'Вертикально', 'Не поддерживается', '32%'),
(1881, 5, 'Вертикально', 'Не поддерживается', '32%'),
(1882, 5, 'Вертикально', 'Не поддерживается', '32%'),
(1883, 5, 'Вертикально', 'Не поддерживается', '32%'),
(1884, 5, 'Вертикально', 'Не поддерживается', '32%'),
(1885, 5, 'Вертикально', 'Не поддерживается', '32%'),
(1886, 5, 'Вертикально', 'Не поддерживается', '32%'),
(1887, 5, 'Вертикально', 'Не поддерживается', '32%');
INSERT INTO `device_information` (`id`, `user_id`, `orientation`, `light`, `battery`) VALUES
(1888, 5, 'Вертикально', 'Не поддерживается', '32%'),
(1889, 5, 'Вертикально', 'Не поддерживается', '32%'),
(1890, 5, 'Вертикально', 'Не поддерживается', '32%'),
(1891, 5, 'Вертикально', 'Не поддерживается', '32%'),
(1892, 5, 'Вертикально', 'Не поддерживается', '32%'),
(1893, 5, 'Вертикально', 'Не поддерживается', '32%'),
(1894, 5, 'Вертикально', 'Не поддерживается', '32%'),
(1895, 5, 'Вертикально', 'Не поддерживается', '32%'),
(1896, 5, 'Вертикально', 'Не поддерживается', '32%'),
(1897, 5, 'Вертикально', 'Не поддерживается', '32%'),
(1898, 5, 'Вертикально', 'Не поддерживается', '32%'),
(1899, 5, 'Вертикально', 'Не поддерживается', '32%'),
(1900, 5, 'Вертикально', 'Не поддерживается', '32%'),
(1901, 5, 'Вертикально', 'Не поддерживается', '32%'),
(1902, 5, 'Вертикально', 'Не поддерживается', '32%'),
(1903, 5, 'Вертикально', 'Не поддерживается', '32%'),
(1904, 5, 'Вертикально', 'Не поддерживается', '32%'),
(1905, 5, 'Вертикально', 'Не поддерживается', '32%'),
(1906, 5, 'Вертикально', 'Не поддерживается', '32%'),
(1907, 5, 'Вертикально', 'Не поддерживается', '32%'),
(1908, 5, 'Вертикально', 'Не поддерживается', '32%'),
(1909, 5, 'Вертикально', 'Не поддерживается', '32%'),
(1910, 5, 'Вертикально', 'Не поддерживается', '32%'),
(1911, 5, 'Вертикально', 'Не поддерживается', '32%'),
(1912, 5, 'Вертикально', 'Не поддерживается', '32%'),
(1913, 5, 'Вертикально', 'Не поддерживается', '32%'),
(1914, 5, 'Вертикально', 'Не поддерживается', '32%'),
(1915, 5, 'Вертикально', 'Не поддерживается', '32%'),
(1916, 5, 'Вертикально', 'Не поддерживается', '32%'),
(1917, 5, 'Вертикально', 'Не поддерживается', '32%'),
(1918, 5, 'Вертикально', 'Не поддерживается', '32%'),
(1919, 5, 'Вертикально', 'Не поддерживается', '32%'),
(1920, 5, 'Вертикально', 'Не поддерживается', '32%'),
(1921, 5, 'Вертикально', 'Не поддерживается', '32%'),
(1922, 5, 'Вертикально', 'Не поддерживается', '32%'),
(1923, 5, 'Вертикально', 'Не поддерживается', '32%'),
(1924, 5, 'Вертикально', 'Не поддерживается', '32%'),
(1925, 5, 'Вертикально', 'Не поддерживается', '32%'),
(1926, 5, 'Вертикально', 'Не поддерживается', '32%'),
(1927, 5, 'Вертикально', 'Не поддерживается', '32%'),
(1928, 5, 'Вертикально', 'Не поддерживается', '32%'),
(1929, 5, 'Вертикально', 'Не поддерживается', '32%'),
(1930, 5, 'Вертикально', 'Не поддерживается', '32%'),
(1931, 5, 'Вертикально', 'Не поддерживается', '32%'),
(1932, 5, 'Вертикально', 'Не поддерживается', '32%'),
(1933, 5, 'Вертикально', 'Не поддерживается', '32%'),
(1934, 5, 'Вертикально', 'Не поддерживается', '32%'),
(1935, 5, 'Вертикально', 'Не поддерживается', '32%'),
(1936, 5, 'Вертикально', 'Не поддерживается', '32%'),
(1937, 5, 'Вертикально', 'Не поддерживается', '32%'),
(1938, 5, 'Вертикально', 'Не поддерживается', '32%'),
(1939, 5, 'Вертикально', 'Не поддерживается', '32%'),
(1940, 5, 'Вертикально', 'Не поддерживается', '32%'),
(1941, 5, 'Вертикально', 'Не поддерживается', '32%'),
(1942, 5, 'Вертикально', 'Не поддерживается', '32%'),
(1943, 5, 'Вертикально', 'Не поддерживается', '32%'),
(1944, 5, 'Вертикально', 'Не поддерживается', '32%'),
(1945, 5, 'Вертикально', 'Не поддерживается', '32%'),
(1946, 5, 'Вертикально', 'Не поддерживается', '32%'),
(1947, 5, 'Вертикально', 'Не поддерживается', '32%'),
(1948, 5, 'Вертикально', 'Не поддерживается', '32%'),
(1949, 5, 'Вертикально', 'Не поддерживается', '32%'),
(1950, 5, 'Вертикально', 'Не поддерживается', '32%'),
(1951, 5, 'Вертикально', 'Не поддерживается', '32%'),
(1952, 5, 'Вертикально', 'Не поддерживается', '32%'),
(1953, 5, 'Вертикально', 'Не поддерживается', '32%'),
(1954, 5, 'Вертикально', 'Не поддерживается', '32%'),
(1955, 5, 'Вертикально', 'Не поддерживается', '32%'),
(1956, 5, 'Вертикально', 'Не поддерживается', '32%'),
(1957, 5, 'Вертикально', 'Не поддерживается', '32%'),
(1958, 5, 'Вертикально', 'Не поддерживается', '32%'),
(1959, 5, 'Вертикально', 'Не поддерживается', '32%'),
(1960, 5, 'Вертикально', 'Не поддерживается', '32%'),
(1961, 5, 'Вертикально', 'Не поддерживается', '32%'),
(1962, 5, 'Вертикально', 'Не поддерживается', '32%'),
(1963, 5, 'Вертикально', 'Не поддерживается', '32%'),
(1964, 5, 'Вертикально', 'Не поддерживается', '32%'),
(1965, 5, 'Вертикально', 'Не поддерживается', '32%'),
(1966, 5, 'Вертикально', 'Не поддерживается', '32%'),
(1967, 5, 'Вертикально', 'Не поддерживается', '32%'),
(1968, 5, 'Вертикально', 'Не поддерживается', '32%'),
(1969, 5, 'Вертикально', 'Не поддерживается', '32%'),
(1970, 5, 'Вертикально', 'Не поддерживается', '32%'),
(1971, 5, 'Вертикально', 'Не поддерживается', '32%'),
(1972, 5, 'Вертикально', 'Не поддерживается', '32%'),
(1973, 5, 'Вертикально', 'Не поддерживается', '32%'),
(1974, 5, 'Вертикально', 'Не поддерживается', '32%'),
(1975, 5, 'Вертикально', 'Не поддерживается', '32%'),
(1976, 5, 'Вертикально', 'Не поддерживается', '32%'),
(1977, 5, 'Вертикально', 'Не поддерживается', '32%'),
(1978, 5, 'Вертикально', 'Не поддерживается', '32%'),
(1979, 5, 'Вертикально', 'Не поддерживается', '32%'),
(1980, 5, 'Вертикально', 'Не поддерживается', '32%'),
(1981, 5, 'Вертикально', 'Не поддерживается', '32%'),
(1982, 5, 'Вертикально', 'Не поддерживается', '32%'),
(1983, 5, 'Вертикально', 'Не поддерживается', '32%'),
(1984, 5, 'Вертикально', 'Не поддерживается', '32%'),
(1985, 5, 'Вертикально', 'Не поддерживается', '32%'),
(1986, 5, 'Вертикально', 'Не поддерживается', '32%'),
(1987, 5, 'Вертикально', 'Не поддерживается', '32%'),
(1988, 5, 'Вертикально', 'Не поддерживается', '32%'),
(1989, 5, 'Вертикально', 'Не поддерживается', '32%'),
(1990, 5, 'Вертикально', 'Не поддерживается', '32%'),
(1991, 5, 'Вертикально', 'Не поддерживается', '32%'),
(1992, 5, 'Вертикально', 'Не поддерживается', '32%'),
(1993, 5, 'Вертикально', 'Не поддерживается', '32%'),
(1994, 5, 'Вертикально', 'Не поддерживается', '32%'),
(1995, 5, 'Вертикально', 'Не поддерживается', '32%'),
(1996, 5, 'Вертикально', 'Не поддерживается', '32%'),
(1997, 5, 'Вертикально', 'Не поддерживается', '32%'),
(1998, 5, 'Вертикально', 'Не поддерживается', '32%'),
(1999, 5, 'Вертикально', 'Не поддерживается', '32%'),
(2000, 5, 'Вертикально', 'Не поддерживается', '32%'),
(2001, 5, 'Вертикально', 'Не поддерживается', '32%'),
(2002, 5, 'Вертикально', 'Не поддерживается', '32%'),
(2003, 5, 'Вертикально', 'Не поддерживается', '32%'),
(2004, 5, 'Вертикально', 'Не поддерживается', '32%'),
(2005, 5, 'Вертикально', 'Не поддерживается', '32%'),
(2006, 5, 'Вертикально', 'Не поддерживается', '32%'),
(2007, 5, 'Вертикально', 'Не поддерживается', '32%'),
(2008, 5, 'Вертикально', 'Не поддерживается', '32%'),
(2009, 5, 'Вертикально', 'Не поддерживается', '32%'),
(2010, 5, 'Вертикально', 'Не поддерживается', '32%'),
(2011, 5, 'Вертикально', 'Не поддерживается', '32%'),
(2012, 5, 'Вертикально', 'Не поддерживается', '32%'),
(2013, 5, 'Вертикально', 'Не поддерживается', '32%'),
(2014, 5, 'Вертикально', 'Не поддерживается', '32%'),
(2015, 5, 'Вертикально', 'Не поддерживается', '32%'),
(2016, 5, 'Вертикально', 'Не поддерживается', '32%'),
(2017, 5, 'Вертикально', 'Не поддерживается', '32%'),
(2018, 5, 'Вертикально', 'Не поддерживается', '32%'),
(2019, 5, 'Вертикально', 'Не поддерживается', '32%'),
(2020, 5, 'Вертикально', 'Не поддерживается', '32%'),
(2021, 5, 'Вертикально', 'Не поддерживается', '32%'),
(2022, 5, 'Вертикально', 'Не поддерживается', '32%'),
(2023, 5, 'Вертикально', 'Не поддерживается', '32%'),
(2024, 5, 'Вертикально', 'Не поддерживается', '32%'),
(2025, 5, 'Вертикально', 'Не поддерживается', '32%'),
(2026, 5, 'Вертикально', 'Не поддерживается', '32%'),
(2027, 5, 'Вертикально', 'Не поддерживается', '32%'),
(2028, 5, 'Вертикально', 'Не поддерживается', '32%'),
(2029, 5, 'Вертикально', 'Не поддерживается', '32%'),
(2030, 5, 'Вертикально', 'Не поддерживается', '32%'),
(2031, 5, 'Вертикально', 'Не поддерживается', '32%'),
(2032, 5, 'Вертикально', 'Не поддерживается', '32%'),
(2033, 5, 'Вертикально', 'Не поддерживается', '32%'),
(2034, 5, 'Вертикально', 'Не поддерживается', '32%'),
(2035, 5, 'Вертикально', 'Не поддерживается', '32%'),
(2036, 5, 'Вертикально', 'Не поддерживается', '32%'),
(2037, 5, 'Вертикально', 'Не поддерживается', '32%'),
(2038, 5, 'Вертикально', 'Не поддерживается', '32%'),
(2039, 5, 'Вертикально', 'Не поддерживается', '32%'),
(2040, 5, 'Вертикально', 'Не поддерживается', '32%'),
(2041, 5, 'Вертикально', 'Не поддерживается', '32%'),
(2042, 5, 'Вертикально', 'Не поддерживается', '32%'),
(2043, 5, 'Вертикально', 'Не поддерживается', '32%'),
(2044, 5, 'Вертикально', 'Не поддерживается', '32%'),
(2045, 5, 'Вертикально', 'Не поддерживается', '32%'),
(2046, 5, 'Вертикально', 'Не поддерживается', '32%'),
(2047, 5, 'Вертикально', 'Не поддерживается', '32%'),
(2048, 5, 'Вертикально', 'Не поддерживается', '32%'),
(2049, 5, 'Вертикально', 'Не поддерживается', '32%'),
(2050, 5, 'Вертикально', 'Не поддерживается', '32%'),
(2051, 5, 'Вертикально', 'Не поддерживается', '32%'),
(2052, 5, 'Вертикально', 'Не поддерживается', '32%'),
(2053, 5, 'Вертикально', 'Не поддерживается', '32%'),
(2054, 5, 'Вертикально', 'Не поддерживается', '32%'),
(2055, 5, 'Вертикально', 'Не поддерживается', '32%'),
(2056, 5, 'Вертикально', 'Не поддерживается', '32%'),
(2057, 5, 'Вертикально', 'Не поддерживается', '32%'),
(2058, 5, 'Вертикально', 'Не поддерживается', '32%'),
(2059, 5, 'Вертикально', 'Не поддерживается', '32%'),
(2060, 5, 'Вертикально', 'Не поддерживается', '32%'),
(2061, 5, 'Вертикально', 'Не поддерживается', '32%'),
(2062, 5, 'Вертикально', 'Не поддерживается', '32%'),
(2063, 5, 'Вертикально', 'Не поддерживается', '32%'),
(2064, 5, 'Вертикально', 'Не поддерживается', '32%'),
(2065, 5, 'Вертикально', 'Не поддерживается', '32%'),
(2066, 5, 'Вертикально', 'Не поддерживается', '32%'),
(2067, 5, 'Вертикально', 'Не поддерживается', '32%'),
(2068, 5, 'Вертикально', 'Не поддерживается', '32%'),
(2069, 5, 'Вертикально', 'Не поддерживается', '32%'),
(2070, 5, 'Вертикально', 'Не поддерживается', '32%'),
(2071, 5, 'Вертикально', 'Не поддерживается', '32%'),
(2072, 5, 'Вертикально', 'Не поддерживается', '32%'),
(2073, 5, 'Вертикально', 'Не поддерживается', '32%'),
(2074, 5, 'Вертикально', 'Не поддерживается', '32%'),
(2075, 5, 'Вертикально', 'Не поддерживается', '32%'),
(2076, 5, 'Вертикально', 'Не поддерживается', '32%'),
(2077, 5, 'Вертикально', 'Не поддерживается', '32%'),
(2078, 5, 'Вертикально', 'Не поддерживается', '32%'),
(2079, 5, 'Вертикально', 'Не поддерживается', '32%'),
(2080, 5, 'Вертикально', 'Не поддерживается', '32%'),
(2081, 5, 'Вертикально', 'Не поддерживается', '32%'),
(2082, 5, 'Вертикально', 'Не поддерживается', '32%'),
(2083, 5, 'Вертикально', 'Не поддерживается', '32%'),
(2084, 5, 'Вертикально', 'Не поддерживается', '32%'),
(2085, 5, 'Вертикально', 'Не поддерживается', '32%'),
(2086, 5, 'Вертикально', 'Не поддерживается', '32%'),
(2087, 5, 'Вертикально', 'Не поддерживается', '32%'),
(2088, 5, 'Вертикально', 'Не поддерживается', '32%'),
(2089, 5, 'Вертикально', 'Не поддерживается', '32%'),
(2090, 5, 'Вертикально', 'Не поддерживается', '31%'),
(2091, 5, 'Вертикально', 'Не поддерживается', '31%'),
(2092, 5, 'Вертикально', 'Не поддерживается', '31%'),
(2093, 5, 'Вертикально', 'Не поддерживается', '31%'),
(2094, 5, 'Вертикально', 'Не поддерживается', '31%'),
(2095, 5, 'Вертикально', 'Не поддерживается', '31%'),
(2096, 5, 'Вертикально', 'Не поддерживается', '31%'),
(2097, 5, 'Вертикально', 'Не поддерживается', '31%'),
(2098, 5, 'Вертикально', 'Не поддерживается', '31%'),
(2099, 5, 'Вертикально', 'Не поддерживается', '31%'),
(2100, 5, 'Вертикально', 'Не поддерживается', '31%'),
(2101, 5, 'Вертикально', 'Не поддерживается', '31%'),
(2102, 5, 'Вертикально', 'Не поддерживается', '31%'),
(2103, 5, 'Вертикально', 'Не поддерживается', '31%'),
(2104, 5, 'Вертикально', 'Не поддерживается', '31%'),
(2105, 5, 'Вертикально', 'Не поддерживается', '31%'),
(2106, 5, 'Вертикально', 'Не поддерживается', '31%'),
(2107, 5, 'Вертикально', 'Не поддерживается', '31%'),
(2108, 5, 'Вертикально', 'Не поддерживается', '31%'),
(2109, 5, 'Вертикально', 'Не поддерживается', '31%'),
(2110, 5, 'Вертикально', 'Не поддерживается', '31%'),
(2111, 5, 'Вертикально', 'Не поддерживается', '31%'),
(2112, 5, 'Вертикально', 'Не поддерживается', '31%'),
(2113, 5, 'Вертикально', 'Не поддерживается', '31%'),
(2114, 5, 'Вертикально', 'Не поддерживается', '31%'),
(2115, 5, 'Вертикально', 'Не поддерживается', '31%'),
(2116, 5, 'Вертикально', 'Не поддерживается', '31%'),
(2117, 5, 'Вертикально', 'Не поддерживается', '31%'),
(2118, 5, 'Вертикально', 'Не поддерживается', '31%'),
(2119, 5, 'Вертикально', 'Не поддерживается', '31%'),
(2120, 5, 'Вертикально', 'Не поддерживается', '31%'),
(2121, 5, 'Вертикально', 'Не поддерживается', '31%'),
(2122, 5, 'Вертикально', 'Не поддерживается', '31%'),
(2123, 5, 'Вертикально', 'Не поддерживается', '31%'),
(2124, 5, 'Вертикально', 'Не поддерживается', '31%'),
(2125, 5, 'Вертикально', 'Не поддерживается', '31%'),
(2126, 5, 'Вертикально', 'Не поддерживается', '31%'),
(2127, 5, 'Вертикально', 'Не поддерживается', '31%'),
(2128, 5, 'Вертикально', 'Не поддерживается', '31%'),
(2129, 5, 'Вертикально', 'Не поддерживается', '31%'),
(2130, 5, 'Вертикально', 'Не поддерживается', '31%'),
(2131, 5, 'Вертикально', 'Не поддерживается', '31%'),
(2132, 5, 'Вертикально', 'Не поддерживается', '31%'),
(2133, 5, 'Вертикально', 'Не поддерживается', '31%'),
(2134, 5, 'Вертикально', 'Не поддерживается', '31%'),
(2135, 5, 'Вертикально', 'Не поддерживается', '31%'),
(2136, 5, 'Вертикально', 'Не поддерживается', '31%'),
(2137, 5, 'Вертикально', 'Не поддерживается', '31%'),
(2138, 5, 'Вертикально', 'Не поддерживается', '31%'),
(2139, 5, 'Вертикально', 'Не поддерживается', '31%'),
(2140, 5, 'Вертикально', 'Не поддерживается', '31%'),
(2141, 5, 'Вертикально', 'Не поддерживается', '31%'),
(2142, 5, 'Вертикально', 'Не поддерживается', '31%'),
(2143, 5, 'Вертикально', 'Не поддерживается', '31%'),
(2144, 5, 'Вертикально', 'Не поддерживается', '31%'),
(2145, 5, 'Вертикально', 'Не поддерживается', '31%'),
(2146, 5, 'Вертикально', 'Не поддерживается', '31%'),
(2147, 5, 'Вертикально', 'Не поддерживается', '31%'),
(2148, 5, 'Вертикально', 'Не поддерживается', '31%'),
(2149, 5, 'Вертикально', 'Не поддерживается', '31%'),
(2150, 5, 'Вертикально', 'Не поддерживается', '31%'),
(2151, 5, 'Вертикально', 'Не поддерживается', '31%'),
(2152, 5, 'Вертикально', 'Не поддерживается', '31%'),
(2153, 5, 'Вертикально', 'Не поддерживается', '31%'),
(2154, 5, 'Вертикально', 'Не поддерживается', '31%'),
(2155, 5, 'Вертикально', 'Не поддерживается', '31%'),
(2156, 5, 'Вертикально', 'Не поддерживается', '31%'),
(2157, 5, 'Вертикально', 'Не поддерживается', '31%'),
(2158, 5, 'Вертикально', 'Не поддерживается', '31%'),
(2159, 5, 'Вертикально', 'Не поддерживается', '31%'),
(2160, 5, 'Вертикально', 'Не поддерживается', '31%'),
(2161, 5, 'Вертикально', 'Не поддерживается', '31%'),
(2162, 5, 'Вертикально', 'Не поддерживается', '31%'),
(2163, 5, 'Вертикально', 'Не поддерживается', '31%'),
(2164, 5, 'Вертикально', 'Не поддерживается', '31%'),
(2165, 5, 'Вертикально', 'Не поддерживается', '31%'),
(2166, 5, 'Вертикально', 'Не поддерживается', '31%'),
(2167, 5, 'Вертикально', 'Не поддерживается', '31%'),
(2168, 5, 'Вертикально', 'Не поддерживается', '31%'),
(2169, 5, 'Вертикально', 'Не поддерживается', '31%'),
(2170, 5, 'Вертикально', 'Не поддерживается', '31%'),
(2171, 5, 'Вертикально', 'Не поддерживается', '31%'),
(2172, 5, 'Вертикально', 'Не поддерживается', '31%'),
(2173, 5, 'Вертикально', 'Не поддерживается', '31%'),
(2174, 5, 'Вертикально', 'Не поддерживается', '31%'),
(2175, 5, 'Вертикально', 'Не поддерживается', '31%'),
(2176, 5, 'Вертикально', 'Не поддерживается', '31%'),
(2177, 5, 'Вертикально', 'Не поддерживается', '31%'),
(2178, 5, 'Вертикально', 'Не поддерживается', '31%'),
(2179, 5, 'Вертикально', 'Не поддерживается', '31%'),
(2180, 5, 'Вертикально', 'Не поддерживается', '31%'),
(2181, 5, 'Вертикально', 'Не поддерживается', '31%'),
(2182, 5, 'Вертикально', 'Не поддерживается', '31%'),
(2183, 5, 'Вертикально', 'Не поддерживается', '31%'),
(2184, 5, 'Вертикально', 'Не поддерживается', '31%'),
(2185, 5, 'Вертикально', 'Не поддерживается', '31%'),
(2186, 5, 'Вертикально', 'Не поддерживается', '31%'),
(2187, 5, 'Вертикально', 'Не поддерживается', '31%'),
(2188, 5, 'Вертикально', 'Не поддерживается', '31%'),
(2189, 5, 'Вертикально', 'Не поддерживается', '31%'),
(2190, 5, 'Вертикально', 'Не поддерживается', '31%'),
(2191, 5, 'Вертикально', 'Не поддерживается', '31%'),
(2192, 5, 'Вертикально', 'Не поддерживается', '31%'),
(2193, 5, 'Вертикально', 'Не поддерживается', '31%'),
(2194, 5, 'Вертикально', 'Не поддерживается', '31%'),
(2195, 5, 'Вертикально', 'Не поддерживается', '31%'),
(2196, 5, 'Вертикально', 'Не поддерживается', '31%'),
(2197, 5, 'Вертикально', 'Не поддерживается', '31%'),
(2198, 5, 'Вертикально', 'Не поддерживается', '31%'),
(2199, 5, 'Вертикально', 'Не поддерживается', '31%'),
(2200, 5, 'Вертикально', 'Не поддерживается', '31%'),
(2201, 5, 'Вертикально', 'Не поддерживается', '31%'),
(2202, 5, 'Вертикально', 'Не поддерживается', '31%'),
(2203, 5, 'Вертикально', 'Не поддерживается', '31%'),
(2204, 5, 'Вертикально', 'Не поддерживается', '31%'),
(2205, 5, 'Вертикально', 'Не поддерживается', '31%'),
(2206, 5, 'Вертикально', 'Не поддерживается', '31%'),
(2207, 5, 'Вертикально', 'Не поддерживается', '31%'),
(2208, 5, 'Вертикально', 'Не поддерживается', '31%'),
(2209, 5, 'Вертикально', 'Не поддерживается', '31%'),
(2210, 5, 'Вертикально', 'Не поддерживается', '31%'),
(2211, 5, 'Вертикально', 'Не поддерживается', '31%'),
(2212, 5, 'Вертикально', 'Не поддерживается', '31%'),
(2213, 5, 'Вертикально', 'Не поддерживается', '31%'),
(2214, 5, 'Вертикально', 'Не поддерживается', '31%'),
(2215, 5, 'Вертикально', 'Не поддерживается', '31%'),
(2216, 5, 'Вертикально', 'Не поддерживается', '31%'),
(2217, 5, 'Вертикально', 'Не поддерживается', '31%'),
(2218, 5, 'Вертикально', 'Не поддерживается', '31%'),
(2219, 5, 'Вертикально', 'Не поддерживается', '31%'),
(2220, 5, 'Вертикально', 'Не поддерживается', '31%'),
(2221, 5, 'Вертикально', 'Не поддерживается', '31%'),
(2222, 5, 'Вертикально', 'Не поддерживается', '31%'),
(2223, 5, 'Вертикально', 'Не поддерживается', '31%'),
(2224, 5, 'Вертикально', 'Не поддерживается', '31%'),
(2225, 5, 'Вертикально', 'Не поддерживается', '31%'),
(2226, 5, 'Вертикально', 'Не поддерживается', '31%'),
(2227, 5, 'Вертикально', 'Не поддерживается', '31%'),
(2228, 5, 'Вертикально', 'Не поддерживается', '31%'),
(2229, 5, 'Вертикально', 'Не поддерживается', '31%'),
(2230, 5, 'Вертикально', 'Не поддерживается', '31%'),
(2231, 5, 'Вертикально', 'Не поддерживается', '31%'),
(2232, 5, 'Вертикально', 'Не поддерживается', '31%'),
(2233, 5, 'Вертикально', 'Не поддерживается', '31%'),
(2234, 5, 'Вертикально', 'Не поддерживается', '31%'),
(2235, 5, 'Вертикально', 'Не поддерживается', '31%'),
(2236, 5, 'Вертикально', 'Не поддерживается', '31%'),
(2237, 5, 'Вертикально', 'Не поддерживается', '31%'),
(2238, 5, 'Вертикально', 'Не поддерживается', '31%'),
(2239, 5, 'Вертикально', 'Не поддерживается', '31%'),
(2240, 5, 'Вертикально', 'Не поддерживается', '31%'),
(2241, 5, 'Вертикально', 'Не поддерживается', '31%'),
(2242, 5, 'Вертикально', 'Не поддерживается', '31%'),
(2243, 5, 'Вертикально', 'Не поддерживается', '31%'),
(2244, 5, 'Вертикально', 'Не поддерживается', '31%'),
(2245, 6, 'Горизонтально', 'Не поддерживается', '100%'),
(2246, 6, 'Горизонтально', 'Не поддерживается', '100%'),
(2247, 6, 'Горизонтально', 'Не поддерживается', '100%'),
(2248, 6, 'Горизонтально', 'Не поддерживается', '100%'),
(2249, 6, 'Горизонтально', 'Не поддерживается', '100%'),
(2250, 6, 'Горизонтально', 'Не поддерживается', '100%'),
(2251, 6, 'Горизонтально', 'Не поддерживается', '100%'),
(2252, 6, 'Горизонтально', 'Не поддерживается', '100%'),
(2253, 6, 'Горизонтально', 'Не поддерживается', '100%'),
(2254, 6, 'Горизонтально', 'Не поддерживается', '100%'),
(2255, 6, 'Горизонтально', 'Не поддерживается', '100%'),
(2256, 6, 'Горизонтально', 'Не поддерживается', '100%'),
(2257, 6, 'Горизонтально', 'Не поддерживается', '100%'),
(2258, 6, 'Горизонтально', 'Не поддерживается', '100%'),
(2259, 6, 'Горизонтально', 'Не поддерживается', '100%'),
(2260, 6, 'Горизонтально', 'Не поддерживается', '100%'),
(2261, 6, 'Горизонтально', 'Не поддерживается', '100%'),
(2262, 6, 'Горизонтально', 'Не поддерживается', '100%'),
(2263, 6, 'Горизонтально', 'Не поддерживается', '100%'),
(2264, 6, 'Горизонтально', 'Не поддерживается', '100%'),
(2265, 6, 'Горизонтально', 'Не поддерживается', '100%'),
(2266, 6, 'Горизонтально', 'Не поддерживается', '100%'),
(2267, 6, 'Горизонтально', 'Не поддерживается', '100%'),
(2268, 6, 'Горизонтально', 'Не поддерживается', '100%'),
(2269, 7, 'Вертикально', 'Не поддерживается', 'Не поддерживается'),
(2270, 6, 'Горизонтально', 'Не поддерживается', '100%'),
(2271, 7, 'Вертикально', 'Не поддерживается', 'Не поддерживается'),
(2272, 6, 'Горизонтально', 'Не поддерживается', '100%'),
(2273, 7, 'Вертикально', 'Не поддерживается', 'Не поддерживается'),
(2274, 6, 'Горизонтально', 'Не поддерживается', '100%'),
(2275, 7, 'Вертикально', 'Не поддерживается', 'Не поддерживается'),
(2276, 6, 'Горизонтально', 'Не поддерживается', '100%'),
(2277, 7, 'Вертикально', 'Не поддерживается', 'Не поддерживается'),
(2278, 6, 'Горизонтально', 'Не поддерживается', '100%'),
(2279, 7, 'Вертикально', 'Не поддерживается', 'Не поддерживается'),
(2280, 6, 'Горизонтально', 'Не поддерживается', '100%'),
(2281, 7, 'Горизонтально', 'Не поддерживается', 'Не поддерживается'),
(2282, 6, 'Горизонтально', 'Не поддерживается', '100%'),
(2283, 7, 'Горизонтально', 'Не поддерживается', 'Не поддерживается'),
(2284, 6, 'Горизонтально', 'Не поддерживается', '100%'),
(2285, 7, 'Горизонтально', 'Не поддерживается', 'Не поддерживается'),
(2286, 6, 'Горизонтально', 'Не поддерживается', '100%'),
(2287, 7, 'Вертикально', 'Не поддерживается', 'Не поддерживается'),
(2288, 6, 'Горизонтально', 'Не поддерживается', '100%'),
(2289, 7, 'Вертикально', 'Не поддерживается', 'Не поддерживается'),
(2290, 6, 'Горизонтально', 'Не поддерживается', '100%'),
(2291, 7, 'Вертикально', 'Не поддерживается', 'Не поддерживается'),
(2292, 6, 'Горизонтально', 'Не поддерживается', '100%'),
(2293, 7, 'Вертикально', 'Не поддерживается', 'Не поддерживается'),
(2294, 6, 'Горизонтально', 'Не поддерживается', '100%'),
(2295, 7, 'Вертикально', 'Не поддерживается', 'Не поддерживается'),
(2296, 6, 'Горизонтально', 'Не поддерживается', '100%'),
(2297, 7, 'Вертикально', 'Не поддерживается', 'Не поддерживается'),
(2298, 6, 'Горизонтально', 'Не поддерживается', '100%'),
(2299, 7, 'Вертикально', 'Не поддерживается', 'Не поддерживается'),
(2300, 6, 'Горизонтально', 'Не поддерживается', '100%'),
(2301, 7, 'Вертикально', 'Не поддерживается', 'Не поддерживается'),
(2302, 6, 'Горизонтально', 'Не поддерживается', '100%'),
(2303, 7, 'Вертикально', 'Не поддерживается', 'Не поддерживается'),
(2304, 6, 'Горизонтально', 'Не поддерживается', '100%'),
(2305, 7, 'Вертикально', 'Не поддерживается', 'Не поддерживается'),
(2306, 6, 'Горизонтально', 'Не поддерживается', '100%'),
(2307, 7, 'Вертикально', 'Не поддерживается', 'Не поддерживается'),
(2308, 6, 'Горизонтально', 'Не поддерживается', '100%'),
(2309, 7, 'Вертикально', 'Не поддерживается', 'Не поддерживается'),
(2310, 6, 'Горизонтально', 'Не поддерживается', '100%'),
(2311, 7, 'Вертикально', 'Не поддерживается', 'Не поддерживается'),
(2312, 6, 'Горизонтально', 'Не поддерживается', '100%'),
(2313, 7, 'Вертикально', 'Не поддерживается', 'Не поддерживается'),
(2314, 6, 'Горизонтально', 'Не поддерживается', '100%'),
(2315, 7, 'Вертикально', 'Не поддерживается', 'Не поддерживается'),
(2316, 6, 'Горизонтально', 'Не поддерживается', '100%'),
(2317, 7, 'Вертикально', 'Не поддерживается', 'Не поддерживается'),
(2318, 6, 'Горизонтально', 'Не поддерживается', '100%'),
(2319, 7, 'Вертикально', 'Не поддерживается', 'Не поддерживается'),
(2320, 6, 'Горизонтально', 'Не поддерживается', '100%'),
(2321, 7, 'Вертикально', 'Не поддерживается', 'Не поддерживается'),
(2322, 6, 'Горизонтально', 'Не поддерживается', '100%'),
(2323, 7, 'Вертикально', 'Не поддерживается', 'Не поддерживается'),
(2324, 6, 'Горизонтально', 'Не поддерживается', '100%'),
(2325, 7, 'Вертикально', 'Не поддерживается', 'Не поддерживается'),
(2326, 6, 'Горизонтально', 'Не поддерживается', '100%'),
(2327, 7, 'Вертикально', 'Не поддерживается', 'Не поддерживается'),
(2328, 6, 'Горизонтально', 'Не поддерживается', '100%'),
(2329, 7, 'Вертикально', 'Не поддерживается', 'Не поддерживается'),
(2330, 6, 'Горизонтально', 'Не поддерживается', '100%'),
(2331, 7, 'Вертикально', 'Не поддерживается', 'Не поддерживается'),
(2332, 6, 'Горизонтально', 'Не поддерживается', '100%'),
(2333, 7, 'Вертикально', 'Не поддерживается', 'Не поддерживается'),
(2334, 6, 'Горизонтально', 'Не поддерживается', '100%'),
(2335, 7, 'Вертикально', 'Не поддерживается', 'Не поддерживается'),
(2336, 6, 'Горизонтально', 'Не поддерживается', '100%'),
(2337, 7, 'Вертикально', 'Не поддерживается', 'Не поддерживается'),
(2338, 6, 'Горизонтально', 'Не поддерживается', '100%'),
(2339, 7, 'Вертикально', 'Не поддерживается', 'Не поддерживается'),
(2340, 6, 'Горизонтально', 'Не поддерживается', '100%'),
(2341, 7, 'Вертикально', 'Не поддерживается', 'Не поддерживается'),
(2342, 6, 'Горизонтально', 'Не поддерживается', '100%'),
(2343, 7, 'Вертикально', 'Не поддерживается', 'Не поддерживается'),
(2344, 6, 'Горизонтально', 'Не поддерживается', '100%'),
(2345, 8, 'Вертикально', 'Не поддерживается', '14%'),
(2346, 7, 'Вертикально', 'Не поддерживается', 'Не поддерживается'),
(2347, 6, 'Горизонтально', 'Не поддерживается', '100%'),
(2348, 8, 'Вертикально', 'Не поддерживается', '14%'),
(2349, 7, 'Вертикально', 'Не поддерживается', 'Не поддерживается'),
(2350, 6, 'Горизонтально', 'Не поддерживается', '100%'),
(2351, 8, 'Горизонтально', 'Не поддерживается', '14%'),
(2352, 7, 'Вертикально', 'Не поддерживается', 'Не поддерживается'),
(2353, 8, 'Горизонтально', 'Не поддерживается', '14%'),
(2354, 6, 'Горизонтально', 'Не поддерживается', '100%'),
(2355, 7, 'Вертикально', 'Не поддерживается', 'Не поддерживается'),
(2356, 6, 'Горизонтально', 'Не поддерживается', '100%'),
(2357, 8, 'Горизонтально', 'Не поддерживается', '14%'),
(2358, 7, 'Вертикально', 'Не поддерживается', 'Не поддерживается'),
(2359, 6, 'Горизонтально', 'Не поддерживается', '100%'),
(2360, 8, 'Вертикально', 'Не поддерживается', '14%'),
(2361, 7, 'Вертикально', 'Не поддерживается', 'Не поддерживается'),
(2362, 6, 'Горизонтально', 'Не поддерживается', '100%'),
(2363, 8, 'Вертикально', 'Не поддерживается', '14%'),
(2364, 7, 'Вертикально', 'Не поддерживается', 'Не поддерживается'),
(2365, 6, 'Горизонтально', 'Не поддерживается', '100%'),
(2366, 8, 'Вертикально', 'Не поддерживается', '14%'),
(2367, 7, 'Вертикально', 'Не поддерживается', 'Не поддерживается'),
(2368, 6, 'Горизонтально', 'Не поддерживается', '100%'),
(2369, 8, 'Вертикально', 'Не поддерживается', '14%'),
(2370, 7, 'Вертикально', 'Не поддерживается', 'Не поддерживается'),
(2371, 6, 'Горизонтально', 'Не поддерживается', '100%'),
(2372, 8, 'Вертикально', 'Не поддерживается', '14%'),
(2373, 7, 'Вертикально', 'Не поддерживается', 'Не поддерживается'),
(2374, 6, 'Горизонтально', 'Не поддерживается', '100%'),
(2375, 8, 'Вертикально', 'Не поддерживается', '14%'),
(2376, 7, 'Вертикально', 'Не поддерживается', 'Не поддерживается'),
(2377, 6, 'Горизонтально', 'Не поддерживается', '100%'),
(2378, 8, 'Вертикально', 'Не поддерживается', '14%'),
(2379, 7, 'Вертикально', 'Не поддерживается', 'Не поддерживается'),
(2380, 6, 'Горизонтально', 'Не поддерживается', '100%'),
(2381, 7, 'Вертикально', 'Не поддерживается', 'Не поддерживается'),
(2382, 6, 'Горизонтально', 'Не поддерживается', '100%'),
(2383, 7, 'Вертикально', 'Не поддерживается', 'Не поддерживается'),
(2384, 6, 'Горизонтально', 'Не поддерживается', '100%'),
(2385, 7, 'Вертикально', 'Не поддерживается', 'Не поддерживается'),
(2386, 6, 'Горизонтально', 'Не поддерживается', '100%'),
(2387, 7, 'Вертикально', 'Не поддерживается', 'Не поддерживается'),
(2388, 6, 'Горизонтально', 'Не поддерживается', '100%'),
(2389, 7, 'Вертикально', 'Не поддерживается', 'Не поддерживается'),
(2390, 6, 'Горизонтально', 'Не поддерживается', '100%'),
(2391, 7, 'Вертикально', 'Не поддерживается', 'Не поддерживается'),
(2392, 6, 'Горизонтально', 'Не поддерживается', '100%'),
(2393, 7, 'Вертикально', 'Не поддерживается', 'Не поддерживается'),
(2394, 6, 'Горизонтально', 'Не поддерживается', '100%'),
(2395, 7, 'Вертикально', 'Не поддерживается', 'Не поддерживается'),
(2396, 6, 'Горизонтально', 'Не поддерживается', '100%'),
(2397, 7, 'Вертикально', 'Не поддерживается', 'Не поддерживается'),
(2398, 6, 'Горизонтально', 'Не поддерживается', '100%'),
(2399, 7, 'Вертикально', 'Не поддерживается', 'Не поддерживается'),
(2400, 6, 'Горизонтально', 'Не поддерживается', '100%'),
(2401, 7, 'Вертикально', 'Не поддерживается', 'Не поддерживается'),
(2402, 6, 'Горизонтально', 'Не поддерживается', '100%'),
(2403, 7, 'Вертикально', 'Не поддерживается', 'Не поддерживается'),
(2404, 6, 'Горизонтально', 'Не поддерживается', '100%'),
(2405, 7, 'Вертикально', 'Не поддерживается', 'Не поддерживается'),
(2406, 6, 'Горизонтально', 'Не поддерживается', '100%'),
(2407, 7, 'Вертикально', 'Не поддерживается', 'Не поддерживается'),
(2408, 6, 'Горизонтально', 'Не поддерживается', '100%'),
(2409, 7, 'Вертикально', 'Не поддерживается', 'Не поддерживается'),
(2410, 6, 'Горизонтально', 'Не поддерживается', '100%'),
(2411, 7, 'Вертикально', 'Не поддерживается', 'Не поддерживается'),
(2412, 6, 'Горизонтально', 'Не поддерживается', '100%'),
(2413, 7, 'Вертикально', 'Не поддерживается', 'Не поддерживается'),
(2414, 6, 'Горизонтально', 'Не поддерживается', '100%'),
(2415, 7, 'Вертикально', 'Не поддерживается', 'Не поддерживается'),
(2416, 6, 'Горизонтально', 'Не поддерживается', '100%'),
(2417, 7, 'Вертикально', 'Не поддерживается', 'Не поддерживается'),
(2418, 6, 'Горизонтально', 'Не поддерживается', '100%'),
(2419, 7, 'Вертикально', 'Не поддерживается', 'Не поддерживается'),
(2420, 6, 'Горизонтально', 'Не поддерживается', '100%'),
(2421, 7, 'Вертикально', 'Не поддерживается', 'Не поддерживается'),
(2422, 6, 'Горизонтально', 'Не поддерживается', '100%'),
(2423, 7, 'Вертикально', 'Не поддерживается', 'Не поддерживается'),
(2424, 6, 'Горизонтально', 'Не поддерживается', '100%'),
(2425, 6, 'Горизонтально', 'Не поддерживается', '100%'),
(2426, 7, 'Вертикально', 'Не поддерживается', 'Не поддерживается'),
(2427, 6, 'Горизонтально', 'Не поддерживается', '100%'),
(2428, 6, 'Горизонтально', 'Не поддерживается', '100%'),
(2429, 6, 'Горизонтально', 'Не поддерживается', '100%'),
(2430, 6, 'Горизонтально', 'Не поддерживается', '100%'),
(2431, 6, 'Горизонтально', 'Не поддерживается', '100%'),
(2432, 6, 'Горизонтально', 'Не поддерживается', '100%'),
(2433, 6, 'Горизонтально', 'Не поддерживается', '100%'),
(2434, 6, 'Горизонтально', 'Не поддерживается', '100%'),
(2435, 6, 'Горизонтально', 'Не поддерживается', '100%'),
(2436, 6, 'Горизонтально', 'Не поддерживается', '100%'),
(2437, 6, 'Горизонтально', 'Не поддерживается', '100%'),
(2438, 6, 'Горизонтально', 'Не поддерживается', '100%'),
(2439, 6, 'Горизонтально', 'Не поддерживается', '100%'),
(2440, 6, 'Горизонтально', 'Не поддерживается', '100%'),
(2441, 6, 'Горизонтально', 'Не поддерживается', '100%'),
(2442, 6, 'Горизонтально', 'Не поддерживается', '100%'),
(2443, 6, 'Горизонтально', 'Не поддерживается', '100%'),
(2444, 6, 'Горизонтально', 'Не поддерживается', '100%'),
(2445, 6, 'Горизонтально', 'Не поддерживается', '100%'),
(2446, 6, 'Горизонтально', 'Не поддерживается', '100%'),
(2447, 6, 'Горизонтально', 'Не поддерживается', '100%'),
(2448, 6, 'Горизонтально', 'Не поддерживается', '100%'),
(2449, 6, 'Горизонтально', 'Не поддерживается', '100%'),
(2450, 6, 'Горизонтально', 'Не поддерживается', '100%'),
(2451, 6, 'Горизонтально', 'Не поддерживается', '100%'),
(2452, 6, 'Горизонтально', 'Не поддерживается', '100%'),
(2453, 6, 'Горизонтально', 'Не поддерживается', '100%'),
(2454, 6, 'Горизонтально', 'Не поддерживается', '100%'),
(2455, 6, 'Горизонтально', 'Не поддерживается', '100%'),
(2456, 6, 'Горизонтально', 'Не поддерживается', '100%'),
(2457, 6, 'Горизонтально', 'Не поддерживается', '100%'),
(2458, 6, 'Горизонтально', 'Не поддерживается', '100%'),
(2459, 6, 'Горизонтально', 'Не поддерживается', '100%'),
(2460, 6, 'Горизонтально', 'Не поддерживается', '100%'),
(2461, 6, 'Горизонтально', 'Не поддерживается', '100%'),
(2462, 6, 'Горизонтально', 'Не поддерживается', '100%'),
(2463, 6, 'Горизонтально', 'Не поддерживается', '100%'),
(2464, 6, 'Горизонтально', 'Не поддерживается', '100%'),
(2465, 6, 'Горизонтально', 'Не поддерживается', '100%'),
(2466, 6, 'Горизонтально', 'Не поддерживается', '100%'),
(2467, 6, 'Горизонтально', 'Не поддерживается', '100%'),
(2468, 6, 'Горизонтально', 'Не поддерживается', '100%'),
(2469, 6, 'Горизонтально', 'Не поддерживается', '100%'),
(2470, 6, 'Горизонтально', 'Не поддерживается', '100%'),
(2471, 6, 'Горизонтально', 'Не поддерживается', '100%'),
(2472, 6, 'Горизонтально', 'Не поддерживается', '100%'),
(2473, 6, 'Горизонтально', 'Не поддерживается', '100%'),
(2474, 6, 'Горизонтально', 'Не поддерживается', '100%'),
(2475, 6, 'Горизонтально', 'Не поддерживается', '100%'),
(2476, 6, 'Горизонтально', 'Не поддерживается', '100%'),
(2477, 6, 'Горизонтально', 'Не поддерживается', '100%'),
(2478, 6, 'Горизонтально', 'Не поддерживается', '100%'),
(2479, 6, 'Горизонтально', 'Не поддерживается', '100%'),
(2480, 6, 'Горизонтально', 'Не поддерживается', '100%'),
(2481, 6, 'Горизонтально', 'Не поддерживается', '100%'),
(2482, 6, 'Горизонтально', 'Не поддерживается', '100%'),
(2483, 6, 'Горизонтально', 'Не поддерживается', '100%'),
(2484, 6, 'Горизонтально', 'Не поддерживается', '100%'),
(2485, 6, 'Горизонтально', 'Не поддерживается', '100%'),
(2486, 6, 'Горизонтально', 'Не поддерживается', '100%'),
(2487, 6, 'Горизонтально', 'Не поддерживается', '100%'),
(2488, 6, 'Горизонтально', 'Не поддерживается', '100%'),
(2489, 6, 'Горизонтально', 'Не поддерживается', '100%'),
(2490, 6, 'Горизонтально', 'Не поддерживается', '100%'),
(2491, 6, 'Горизонтально', 'Не поддерживается', '100%'),
(2492, 6, 'Горизонтально', 'Не поддерживается', '100%'),
(2493, 6, 'Горизонтально', 'Не поддерживается', '100%'),
(2494, 6, 'Горизонтально', 'Не поддерживается', '100%'),
(2495, 6, 'Горизонтально', 'Не поддерживается', '100%'),
(2496, 6, 'Горизонтально', 'Не поддерживается', '100%'),
(2497, 6, 'Горизонтально', 'Не поддерживается', '100%'),
(2498, 6, 'Горизонтально', 'Не поддерживается', '100%'),
(2499, 6, 'Горизонтально', 'Не поддерживается', '100%'),
(2500, 6, 'Горизонтально', 'Не поддерживается', '100%'),
(2501, 6, 'Горизонтально', 'Не поддерживается', '100%'),
(2502, 6, 'Горизонтально', 'Не поддерживается', '100%'),
(2503, 6, 'Горизонтально', 'Не поддерживается', '100%'),
(2504, 6, 'Горизонтально', 'Не поддерживается', '100%'),
(2505, 6, 'Горизонтально', 'Не поддерживается', '100%'),
(2506, 6, 'Горизонтально', 'Не поддерживается', '100%'),
(2507, 6, 'Горизонтально', 'Не поддерживается', '100%'),
(2508, 6, 'Горизонтально', 'Не поддерживается', '100%'),
(2509, 6, 'Горизонтально', 'Не поддерживается', '100%'),
(2510, 6, 'Горизонтально', 'Не поддерживается', '100%'),
(2511, 7, 'Вертикально', 'Не поддерживается', 'Не поддерживается'),
(2512, 7, 'Вертикально', 'Не поддерживается', 'Не поддерживается'),
(2513, 7, 'Вертикально', 'Не поддерживается', 'Не поддерживается'),
(2514, 7, 'Вертикально', 'Не поддерживается', 'Не поддерживается'),
(2515, 7, 'Вертикально', 'Не поддерживается', 'Не поддерживается'),
(2516, 7, 'Вертикально', 'Не поддерживается', 'Не поддерживается'),
(2517, 9, 'Вертикально', 'Не поддерживается', '98%'),
(2518, 9, 'Вертикально', 'Не поддерживается', '98%'),
(2519, 9, 'Вертикально', 'Не поддерживается', '98%'),
(2520, 9, 'Вертикально', 'Не поддерживается', '98%'),
(2521, 9, 'Вертикально', 'Не поддерживается', '98%'),
(2522, 9, 'Вертикально', 'Не поддерживается', '98%'),
(2523, 9, 'Вертикально', 'Не поддерживается', '98%'),
(2524, 9, 'Вертикально', 'Не поддерживается', '98%'),
(2525, 9, 'Вертикально', 'Не поддерживается', '98%'),
(2526, 9, 'Вертикально', 'Не поддерживается', '98%'),
(2527, 9, 'Вертикально', 'Не поддерживается', '98%'),
(2528, 9, 'Горизонтально', 'Не поддерживается', '98%'),
(2529, 9, 'Горизонтально', 'Не поддерживается', '98%'),
(2530, 9, 'Горизонтально', 'Не поддерживается', '98%'),
(2531, 9, 'Горизонтально', 'Не поддерживается', '98%'),
(2532, 9, 'Горизонтально', 'Не поддерживается', '98%'),
(2533, 9, 'Вертикально', 'Не поддерживается', '98%'),
(2534, 9, 'Горизонтально', 'Не поддерживается', '98%'),
(2535, 9, 'Вертикально', 'Не поддерживается', '98%'),
(2536, 9, 'Вертикально', 'Не поддерживается', '98%'),
(2537, 9, 'Горизонтально', 'Не поддерживается', '98%'),
(2538, 9, 'Вертикально', 'Не поддерживается', '98%'),
(2539, 9, 'Горизонтально', 'Не поддерживается', '98%'),
(2540, 9, 'Горизонтально', 'Не поддерживается', '98%'),
(2541, 9, 'Вертикально', 'Не поддерживается', '98%'),
(2542, 9, 'Вертикально', 'Не поддерживается', '98%'),
(2543, 9, 'Горизонтально', 'Не поддерживается', '98%'),
(2544, 9, 'Горизонтально', 'Не поддерживается', '98%'),
(2545, 9, 'Вертикально', 'Не поддерживается', '98%'),
(2546, 9, 'Горизонтально', 'Не поддерживается', '98%'),
(2547, 9, 'Вертикально', 'Не поддерживается', '98%'),
(2548, 9, 'Горизонтально', 'Не поддерживается', '98%'),
(2549, 9, 'Вертикально', 'Не поддерживается', '98%'),
(2550, 9, 'Вертикально', 'Не поддерживается', '98%'),
(2551, 9, 'Горизонтально', 'Не поддерживается', '98%'),
(2552, 9, 'Вертикально', 'Не поддерживается', '98%'),
(2553, 9, 'Горизонтально', 'Не поддерживается', '98%'),
(2554, 9, 'Вертикально', 'Не поддерживается', '98%'),
(2555, 9, 'Горизонтально', 'Не поддерживается', '98%'),
(2556, 9, 'Горизонтально', 'Не поддерживается', '98%'),
(2557, 9, 'Вертикально', 'Не поддерживается', '98%'),
(2558, 9, 'Горизонтально', 'Не поддерживается', '99%'),
(2559, 9, 'Вертикально', 'Не поддерживается', '98%'),
(2560, 9, 'Горизонтально', 'Не поддерживается', '99%'),
(2561, 9, 'Вертикально', 'Не поддерживается', '98%'),
(2562, 9, 'Горизонтально', 'Не поддерживается', '99%'),
(2563, 9, 'Вертикально', 'Не поддерживается', '98%'),
(2564, 9, 'Горизонтально', 'Не поддерживается', '99%'),
(2565, 9, 'Вертикально', 'Не поддерживается', '98%'),
(2566, 9, 'Вертикально', 'Не поддерживается', '98%'),
(2567, 9, 'Горизонтально', 'Не поддерживается', '99%'),
(2568, 9, 'Горизонтально', 'Не поддерживается', '99%'),
(2569, 9, 'Вертикально', 'Не поддерживается', '98%'),
(2570, 9, 'Вертикально', 'Не поддерживается', '98%'),
(2571, 9, 'Горизонтально', 'Не поддерживается', '99%'),
(2572, 9, 'Вертикально', 'Не поддерживается', '98%'),
(2573, 9, 'Вертикально', 'Не поддерживается', '98%'),
(2574, 9, 'Горизонтально', 'Не поддерживается', '99%'),
(2575, 9, 'Горизонтально', 'Не поддерживается', '99%'),
(2576, 9, 'Вертикально', 'Не поддерживается', '98%'),
(2577, 9, 'Горизонтально', 'Не поддерживается', '99%'),
(2578, 9, 'Горизонтально', 'Не поддерживается', '99%'),
(2579, 9, 'Вертикально', 'Не поддерживается', '98%'),
(2580, 9, 'Вертикально', 'Не поддерживается', '98%'),
(2581, 9, 'Горизонтально', 'Не поддерживается', '99%'),
(2582, 9, 'Вертикально', 'Не поддерживается', '98%'),
(2583, 9, 'Горизонтально', 'Не поддерживается', '99%'),
(2584, 9, 'Горизонтально', 'Не поддерживается', '99%'),
(2585, 9, 'Вертикально', 'Не поддерживается', '98%'),
(2586, 9, 'Вертикально', 'Не поддерживается', '98%'),
(2587, 9, 'Горизонтально', 'Не поддерживается', '99%'),
(2588, 9, 'Вертикально', 'Не поддерживается', '98%'),
(2589, 9, 'Горизонтально', 'Не поддерживается', '99%'),
(2590, 9, 'Горизонтально', 'Не поддерживается', '99%'),
(2591, 9, 'Вертикально', 'Не поддерживается', '98%'),
(2592, 9, 'Горизонтально', 'Не поддерживается', '99%'),
(2593, 9, 'Вертикально', 'Не поддерживается', '98%'),
(2594, 9, 'Вертикально', 'Не поддерживается', '98%'),
(2595, 9, 'Горизонтально', 'Не поддерживается', '99%'),
(2596, 9, 'Вертикально', 'Не поддерживается', '98%'),
(2597, 9, 'Горизонтально', 'Не поддерживается', '99%'),
(2598, 9, 'Вертикально', 'Не поддерживается', '98%'),
(2599, 9, 'Горизонтально', 'Не поддерживается', '99%'),
(2600, 9, 'Вертикально', 'Не поддерживается', '98%'),
(2601, 9, 'Горизонтально', 'Не поддерживается', '99%'),
(2602, 9, 'Вертикально', 'Не поддерживается', '98%'),
(2603, 9, 'Горизонтально', 'Не поддерживается', '99%'),
(2604, 9, 'Вертикально', 'Не поддерживается', '98%'),
(2605, 9, 'Горизонтально', 'Не поддерживается', '99%'),
(2606, 9, 'Вертикально', 'Не поддерживается', '98%'),
(2607, 9, 'Горизонтально', 'Не поддерживается', '99%'),
(2608, 9, 'Горизонтально', 'Не поддерживается', '99%'),
(2609, 9, 'Вертикально', 'Не поддерживается', '98%'),
(2610, 9, 'Горизонтально', 'Не поддерживается', '99%'),
(2611, 9, 'Вертикально', 'Не поддерживается', '98%'),
(2612, 9, 'Горизонтально', 'Не поддерживается', '99%'),
(2613, 9, 'Вертикально', 'Не поддерживается', '98%'),
(2614, 9, 'Горизонтально', 'Не поддерживается', '99%'),
(2615, 9, 'Вертикально', 'Не поддерживается', '98%'),
(2616, 9, 'Горизонтально', 'Не поддерживается', '99%'),
(2617, 9, 'Вертикально', 'Не поддерживается', '98%'),
(2618, 9, 'Горизонтально', 'Не поддерживается', '99%'),
(2619, 9, 'Вертикально', 'Не поддерживается', '98%'),
(2620, 9, 'Вертикально', 'Не поддерживается', '98%'),
(2621, 9, 'Горизонтально', 'Не поддерживается', '99%'),
(2622, 9, 'Вертикально', 'Не поддерживается', '98%'),
(2623, 9, 'Горизонтально', 'Не поддерживается', '99%'),
(2624, 9, 'Вертикально', 'Не поддерживается', '98%'),
(2625, 9, 'Горизонтально', 'Не поддерживается', '99%'),
(2626, 9, 'Горизонтально', 'Не поддерживается', '99%'),
(2627, 9, 'Вертикально', 'Не поддерживается', '98%'),
(2628, 9, 'Вертикально', 'Не поддерживается', '98%'),
(2629, 9, 'Горизонтально', 'Не поддерживается', '99%'),
(2630, 9, 'Горизонтально', 'Не поддерживается', '99%'),
(2631, 9, 'Вертикально', 'Не поддерживается', '98%'),
(2632, 9, 'Вертикально', 'Не поддерживается', '98%'),
(2633, 9, 'Горизонтально', 'Не поддерживается', '99%'),
(2634, 9, 'Горизонтально', 'Не поддерживается', '99%'),
(2635, 9, 'Вертикально', 'Не поддерживается', '98%'),
(2636, 9, 'Горизонтально', 'Не поддерживается', '99%'),
(2637, 9, 'Вертикально', 'Не поддерживается', '98%'),
(2638, 9, 'Вертикально', 'Не поддерживается', '98%'),
(2639, 9, 'Горизонтально', 'Не поддерживается', '99%'),
(2640, 9, 'Горизонтально', 'Не поддерживается', '99%'),
(2641, 9, 'Вертикально', 'Не поддерживается', '98%'),
(2642, 9, 'Вертикально', 'Не поддерживается', '98%'),
(2643, 9, 'Горизонтально', 'Не поддерживается', '99%'),
(2644, 9, 'Вертикально', 'Не поддерживается', '98%'),
(2645, 9, 'Горизонтально', 'Не поддерживается', '99%'),
(2646, 9, 'Вертикально', 'Не поддерживается', '98%'),
(2647, 9, 'Горизонтально', 'Не поддерживается', '99%'),
(2648, 9, 'Горизонтально', 'Не поддерживается', '99%'),
(2649, 9, 'Вертикально', 'Не поддерживается', '98%'),
(2650, 9, 'Горизонтально', 'Не поддерживается', '99%'),
(2651, 9, 'Вертикально', 'Не поддерживается', '98%'),
(2652, 9, 'Горизонтально', 'Не поддерживается', '99%'),
(2653, 9, 'Вертикально', 'Не поддерживается', '98%'),
(2654, 9, 'Вертикально', 'Не поддерживается', '98%'),
(2655, 9, 'Горизонтально', 'Не поддерживается', '99%'),
(2656, 9, 'Горизонтально', 'Не поддерживается', '99%'),
(2657, 9, 'Вертикально', 'Не поддерживается', '98%'),
(2658, 9, 'Вертикально', 'Не поддерживается', '98%'),
(2659, 9, 'Горизонтально', 'Не поддерживается', '99%'),
(2660, 9, 'Вертикально', 'Не поддерживается', '98%'),
(2661, 9, 'Горизонтально', 'Не поддерживается', '99%'),
(2662, 9, 'Горизонтально', 'Не поддерживается', '99%'),
(2663, 9, 'Вертикально', 'Не поддерживается', '98%'),
(2664, 9, 'Горизонтально', 'Не поддерживается', '99%'),
(2665, 9, 'Вертикально', 'Не поддерживается', '98%'),
(2666, 9, 'Горизонтально', 'Не поддерживается', '99%'),
(2667, 9, 'Вертикально', 'Не поддерживается', '98%'),
(2668, 9, 'Горизонтально', 'Не поддерживается', '99%'),
(2669, 9, 'Вертикально', 'Не поддерживается', '98%'),
(2670, 9, 'Вертикально', 'Не поддерживается', '98%'),
(2671, 9, 'Горизонтально', 'Не поддерживается', '99%'),
(2672, 9, 'Вертикально', 'Не поддерживается', '98%'),
(2673, 9, 'Горизонтально', 'Не поддерживается', '99%'),
(2674, 9, 'Вертикально', 'Не поддерживается', '98%'),
(2675, 9, 'Горизонтально', 'Не поддерживается', '99%'),
(2676, 9, 'Горизонтально', 'Не поддерживается', '99%'),
(2677, 9, 'Вертикально', 'Не поддерживается', '98%'),
(2678, 9, 'Горизонтально', 'Не поддерживается', '99%'),
(2679, 9, 'Вертикально', 'Не поддерживается', '98%'),
(2680, 9, 'Вертикально', 'Не поддерживается', '98%'),
(2681, 9, 'Горизонтально', 'Не поддерживается', '99%'),
(2682, 9, 'Вертикально', 'Не поддерживается', '98%'),
(2683, 9, 'Вертикально', 'Не поддерживается', '98%'),
(2684, 9, 'Горизонтально', 'Не поддерживается', '99%'),
(2685, 9, 'Горизонтально', 'Не поддерживается', '99%'),
(2686, 9, 'Горизонтально', 'Не поддерживается', '99%'),
(2687, 9, 'Вертикально', 'Не поддерживается', '98%'),
(2688, 9, 'Горизонтально', 'Не поддерживается', '99%'),
(2689, 9, 'Вертикально', 'Не поддерживается', '98%'),
(2690, 9, 'Вертикально', 'Не поддерживается', '98%'),
(2691, 9, 'Горизонтально', 'Не поддерживается', '99%'),
(2692, 9, 'Вертикально', 'Не поддерживается', '98%'),
(2693, 9, 'Горизонтально', 'Не поддерживается', '99%'),
(2694, 9, 'Вертикально', 'Не поддерживается', '98%'),
(2695, 9, 'Горизонтально', 'Не поддерживается', '99%'),
(2696, 9, 'Вертикально', 'Не поддерживается', '98%'),
(2697, 9, 'Горизонтально', 'Не поддерживается', '99%'),
(2698, 9, 'Вертикально', 'Не поддерживается', '98%'),
(2699, 9, 'Горизонтально', 'Не поддерживается', '99%'),
(2700, 9, 'Горизонтально', 'Не поддерживается', '99%'),
(2701, 9, 'Вертикально', 'Не поддерживается', '98%'),
(2702, 9, 'Горизонтально', 'Не поддерживается', '99%'),
(2703, 9, 'Вертикально', 'Не поддерживается', '98%'),
(2704, 9, 'Вертикально', 'Не поддерживается', '98%'),
(2705, 9, 'Горизонтально', 'Не поддерживается', '99%'),
(2706, 9, 'Горизонтально', 'Не поддерживается', '99%'),
(2707, 9, 'Вертикально', 'Не поддерживается', '98%'),
(2708, 9, 'Вертикально', 'Не поддерживается', '98%'),
(2709, 9, 'Горизонтально', 'Не поддерживается', '99%'),
(2710, 9, 'Вертикально', 'Не поддерживается', '98%'),
(2711, 9, 'Горизонтально', 'Не поддерживается', '99%'),
(2712, 9, 'Горизонтально', 'Не поддерживается', '99%'),
(2713, 9, 'Вертикально', 'Не поддерживается', '98%'),
(2714, 9, 'Вертикально', 'Не поддерживается', '98%'),
(2715, 9, 'Вертикально', 'Не поддерживается', '98%'),
(2716, 9, 'Вертикально', 'Не поддерживается', '98%'),
(2717, 9, 'Вертикально', 'Не поддерживается', '98%'),
(2718, 9, 'Вертикально', 'Не поддерживается', '98%'),
(2719, 9, 'Горизонтально', 'Не поддерживается', '100%'),
(2720, 9, 'Горизонтально', 'Не поддерживается', '100%'),
(2721, 9, 'Вертикально', 'Не поддерживается', '98%'),
(2722, 9, 'Вертикально', 'Не поддерживается', '98%'),
(2723, 9, 'Горизонтально', 'Не поддерживается', '100%'),
(2724, 9, 'Вертикально', 'Не поддерживается', '98%'),
(2725, 9, 'Вертикально', 'Не поддерживается', '98%'),
(2726, 9, 'Вертикально', 'Не поддерживается', '98%'),
(2727, 9, 'Горизонтально', 'Не поддерживается', '100%'),
(2728, 9, 'Вертикально', 'Не поддерживается', '98%'),
(2729, 9, 'Горизонтально', 'Не поддерживается', '100%'),
(2730, 9, 'Вертикально', 'Не поддерживается', '98%'),
(2731, 9, 'Горизонтально', 'Не поддерживается', '100%'),
(2732, 9, 'Вертикально', 'Не поддерживается', '98%'),
(2733, 9, 'Вертикально', 'Не поддерживается', '98%'),
(2734, 9, 'Вертикально', 'Не поддерживается', '98%'),
(2735, 9, 'Вертикально', 'Не поддерживается', '98%'),
(2736, 9, 'Вертикально', 'Не поддерживается', '98%'),
(2737, 9, 'Горизонтально', 'Не поддерживается', '100%'),
(2738, 9, 'Вертикально', 'Не поддерживается', '98%'),
(2739, 9, 'Вертикально', 'Не поддерживается', '98%'),
(2740, 9, 'Горизонтально', 'Не поддерживается', '100%'),
(2741, 9, 'Вертикально', 'Не поддерживается', '98%'),
(2742, 9, 'Вертикально', 'Не поддерживается', '98%'),
(2743, 9, 'Горизонтально', 'Не поддерживается', '100%'),
(2744, 9, 'Вертикально', 'Не поддерживается', '98%'),
(2745, 9, 'Горизонтально', 'Не поддерживается', '100%'),
(2746, 9, 'Вертикально', 'Не поддерживается', '98%'),
(2747, 9, 'Горизонтально', 'Не поддерживается', '100%'),
(2748, 9, 'Вертикально', 'Не поддерживается', '98%'),
(2749, 9, 'Горизонтально', 'Не поддерживается', '100%'),
(2750, 9, 'Вертикально', 'Не поддерживается', '98%'),
(2751, 9, 'Горизонтально', 'Не поддерживается', '100%'),
(2752, 9, 'Вертикально', 'Не поддерживается', '98%'),
(2753, 9, 'Горизонтально', 'Не поддерживается', '100%'),
(2754, 9, 'Вертикально', 'Не поддерживается', '98%'),
(2755, 9, 'Вертикально', 'Не поддерживается', '98%'),
(2756, 9, 'Вертикально', 'Не поддерживается', '98%'),
(2757, 9, 'Горизонтально', 'Не поддерживается', '100%'),
(2758, 9, 'Вертикально', 'Не поддерживается', '98%'),
(2759, 9, 'Горизонтально', 'Не поддерживается', '100%'),
(2760, 9, 'Вертикально', 'Не поддерживается', '98%'),
(2761, 9, 'Вертикально', 'Не поддерживается', '98%'),
(2762, 9, 'Горизонтально', 'Не поддерживается', '100%'),
(2763, 9, 'Горизонтально', 'Не поддерживается', '100%'),
(2764, 9, 'Вертикально', 'Не поддерживается', '98%'),
(2765, 9, 'Вертикально', 'Не поддерживается', '98%'),
(2766, 9, 'Горизонтально', 'Не поддерживается', '100%'),
(2767, 9, 'Вертикально', 'Не поддерживается', '98%'),
(2768, 9, 'Вертикально', 'Не поддерживается', '98%'),
(2769, 9, 'Горизонтально', 'Не поддерживается', '100%'),
(2770, 9, 'Горизонтально', 'Не поддерживается', '100%'),
(2771, 9, 'Вертикально', 'Не поддерживается', '98%'),
(2772, 9, 'Горизонтально', 'Не поддерживается', '100%'),
(2773, 9, 'Горизонтально', 'Не поддерживается', '100%'),
(2774, 9, 'Вертикально', 'Не поддерживается', '98%'),
(2775, 9, 'Горизонтально', 'Не поддерживается', '100%'),
(2776, 9, 'Вертикально', 'Не поддерживается', '98%'),
(2777, 9, 'Вертикально', 'Не поддерживается', '98%'),
(2778, 9, 'Вертикально', 'Не поддерживается', '98%'),
(2779, 9, 'Вертикально', 'Не поддерживается', '98%'),
(2780, 9, 'Горизонтально', 'Не поддерживается', '100%'),
(2781, 9, 'Вертикально', 'Не поддерживается', '98%'),
(2782, 9, 'Горизонтально', 'Не поддерживается', '100%'),
(2783, 9, 'Вертикально', 'Не поддерживается', '98%'),
(2784, 9, 'Горизонтально', 'Не поддерживается', '100%'),
(2785, 9, 'Вертикально', 'Не поддерживается', '98%'),
(2786, 9, 'Горизонтально', 'Не поддерживается', '100%'),
(2787, 9, 'Горизонтально', 'Не поддерживается', '100%'),
(2788, 9, 'Вертикально', 'Не поддерживается', '98%'),
(2789, 9, 'Вертикально', 'Не поддерживается', '98%'),
(2790, 9, 'Горизонтально', 'Не поддерживается', '100%'),
(2791, 9, 'Горизонтально', 'Не поддерживается', '100%'),
(2792, 9, 'Вертикально', 'Не поддерживается', '98%'),
(2793, 9, 'Горизонтально', 'Не поддерживается', '100%'),
(2794, 9, 'Горизонтально', 'Не поддерживается', '100%'),
(2795, 9, 'Вертикально', 'Не поддерживается', '98%'),
(2796, 9, 'Горизонтально', 'Не поддерживается', '100%'),
(2797, 9, 'Вертикально', 'Не поддерживается', '98%'),
(2798, 9, 'Вертикально', 'Не поддерживается', '98%'),
(2799, 9, 'Горизонтально', 'Не поддерживается', '100%'),
(2800, 9, 'Вертикально', 'Не поддерживается', '98%'),
(2801, 9, 'Горизонтально', 'Не поддерживается', '100%'),
(2802, 9, 'Вертикально', 'Не поддерживается', '98%'),
(2803, 9, 'Горизонтально', 'Не поддерживается', '100%'),
(2804, 9, 'Вертикально', 'Не поддерживается', '98%'),
(2805, 9, 'Горизонтально', 'Не поддерживается', '100%'),
(2806, 9, 'Горизонтально', 'Не поддерживается', '100%'),
(2807, 9, 'Вертикально', 'Не поддерживается', '98%'),
(2808, 9, 'Вертикально', 'Не поддерживается', '98%');
INSERT INTO `device_information` (`id`, `user_id`, `orientation`, `light`, `battery`) VALUES
(2809, 9, 'Горизонтально', 'Не поддерживается', '100%'),
(2810, 9, 'Вертикально', 'Не поддерживается', '98%'),
(2811, 9, 'Горизонтально', 'Не поддерживается', '100%'),
(2812, 9, 'Горизонтально', 'Не поддерживается', '100%'),
(2813, 9, 'Горизонтально', 'Не поддерживается', '100%'),
(2814, 9, 'Вертикально', 'Не поддерживается', '98%'),
(2815, 9, 'Вертикально', 'Не поддерживается', '98%'),
(2816, 9, 'Горизонтально', 'Не поддерживается', '100%'),
(2817, 9, 'Вертикально', 'Не поддерживается', '98%'),
(2818, 9, 'Вертикально', 'Не поддерживается', '98%'),
(2819, 9, 'Горизонтально', 'Не поддерживается', '100%'),
(2820, 9, 'Вертикально', 'Не поддерживается', '98%'),
(2821, 9, 'Вертикально', 'Не поддерживается', '98%'),
(2822, 9, 'Горизонтально', 'Не поддерживается', '100%'),
(2823, 9, 'Вертикально', 'Не поддерживается', '98%'),
(2824, 9, 'Вертикально', 'Не поддерживается', '98%'),
(2825, 9, 'Вертикально', 'Не поддерживается', '98%'),
(2826, 9, 'Вертикально', 'Не поддерживается', '98%'),
(2827, 9, 'Вертикально', 'Не поддерживается', '98%'),
(2828, 9, 'Горизонтально', 'Не поддерживается', '100%'),
(2829, 9, 'Горизонтально', 'Не поддерживается', '100%'),
(2830, 9, 'Вертикально', 'Не поддерживается', '98%'),
(2831, 9, 'Горизонтально', 'Не поддерживается', '100%'),
(2832, 9, 'Горизонтально', 'Не поддерживается', '100%'),
(2833, 9, 'Горизонтально', 'Не поддерживается', '100%'),
(2834, 9, 'Горизонтально', 'Не поддерживается', '100%'),
(2835, 9, 'Горизонтально', 'Не поддерживается', '100%'),
(2836, 9, 'Вертикально', 'Не поддерживается', '98%'),
(2837, 9, 'Вертикально', 'Не поддерживается', '98%'),
(2838, 9, 'Вертикально', 'Не поддерживается', '98%'),
(2839, 9, 'Горизонтально', 'Не поддерживается', '100%'),
(2840, 9, 'Вертикально', 'Не поддерживается', '98%'),
(2841, 9, 'Горизонтально', 'Не поддерживается', '100%'),
(2842, 9, 'Вертикально', 'Не поддерживается', '98%'),
(2843, 9, 'Горизонтально', 'Не поддерживается', '100%'),
(2844, 9, 'Вертикально', 'Не поддерживается', '98%'),
(2845, 9, 'Горизонтально', 'Не поддерживается', '100%'),
(2846, 9, 'Горизонтально', 'Не поддерживается', '100%'),
(2847, 9, 'Горизонтально', 'Не поддерживается', '100%'),
(2848, 9, 'Горизонтально', 'Не поддерживается', '100%'),
(2849, 9, 'Горизонтально', 'Не поддерживается', '100%'),
(2850, 9, 'Горизонтально', 'Не поддерживается', '100%'),
(2851, 9, 'Горизонтально', 'Не поддерживается', '100%'),
(2852, 9, 'Горизонтально', 'Не поддерживается', '100%'),
(2853, 9, 'Горизонтально', 'Не поддерживается', '100%'),
(2854, 9, 'Горизонтально', 'Не поддерживается', '100%'),
(2855, 9, 'Горизонтально', 'Не поддерживается', '100%'),
(2856, 9, 'Горизонтально', 'Не поддерживается', '100%'),
(2857, 9, 'Горизонтально', 'Не поддерживается', '100%'),
(2858, 9, 'Вертикально', 'Не поддерживается', '98%'),
(2859, 9, 'Горизонтально', 'Не поддерживается', '100%'),
(2860, 9, 'Горизонтально', 'Не поддерживается', '100%'),
(2861, 9, 'Вертикально', 'Не поддерживается', '98%'),
(2862, 9, 'Вертикально', 'Не поддерживается', '98%'),
(2863, 9, 'Горизонтально', 'Не поддерживается', '100%'),
(2864, 9, 'Вертикально', 'Не поддерживается', '98%'),
(2865, 9, 'Горизонтально', 'Не поддерживается', '100%'),
(2866, 9, 'Вертикально', 'Не поддерживается', '98%'),
(2867, 9, 'Вертикально', 'Не поддерживается', '98%'),
(2868, 9, 'Вертикально', 'Не поддерживается', '98%'),
(2869, 9, 'Горизонтально', 'Не поддерживается', '100%'),
(2870, 9, 'Вертикально', 'Не поддерживается', '98%'),
(2871, 9, 'Вертикально', 'Не поддерживается', '98%'),
(2872, 9, 'Вертикально', 'Не поддерживается', '98%'),
(2873, 9, 'Горизонтально', 'Не поддерживается', '100%'),
(2874, 9, 'Вертикально', 'Не поддерживается', '98%'),
(2875, 9, 'Вертикально', 'Не поддерживается', '98%'),
(2876, 9, 'Вертикально', 'Не поддерживается', '98%'),
(2877, 9, 'Вертикально', 'Не поддерживается', '98%'),
(2878, 9, 'Вертикально', 'Не поддерживается', '98%'),
(2879, 9, 'Вертикально', 'Не поддерживается', '98%'),
(2880, 9, 'Вертикально', 'Не поддерживается', '98%'),
(2881, 9, 'Вертикально', 'Не поддерживается', '98%'),
(2882, 9, 'Вертикально', 'Не поддерживается', '98%'),
(2883, 9, 'Вертикально', 'Не поддерживается', '96%'),
(2884, 9, 'Вертикально', 'Не поддерживается', '96%'),
(2885, 9, 'Вертикально', 'Не поддерживается', '96%'),
(2886, 9, 'Вертикально', 'Не поддерживается', '96%'),
(2887, 9, 'Вертикально', 'Не поддерживается', '96%'),
(2888, 9, 'Вертикально', 'Не поддерживается', '96%'),
(2889, 9, 'Вертикально', 'Не поддерживается', '96%'),
(2890, 9, 'Вертикально', 'Не поддерживается', '96%'),
(2891, 9, 'Вертикально', 'Не поддерживается', '96%'),
(2892, 9, 'Вертикально', 'Не поддерживается', '96%'),
(2893, 9, 'Вертикально', 'Не поддерживается', '96%'),
(2894, 9, 'Вертикально', 'Не поддерживается', '96%'),
(2895, 9, 'Вертикально', 'Не поддерживается', '96%'),
(2896, 9, 'Вертикально', 'Не поддерживается', '96%'),
(2897, 9, 'Вертикально', 'Не поддерживается', '96%'),
(2898, 9, 'Вертикально', 'Не поддерживается', '96%'),
(2899, 9, 'Вертикально', 'Не поддерживается', '96%'),
(2900, 9, 'Вертикально', 'Не поддерживается', '96%'),
(2901, 9, 'Вертикально', 'Не поддерживается', '96%'),
(2902, 9, 'Вертикально', 'Не поддерживается', '96%'),
(2903, 9, 'Вертикально', 'Не поддерживается', '96%'),
(2904, 9, 'Вертикально', 'Не поддерживается', '96%'),
(2905, 9, 'Вертикально', 'Не поддерживается', '96%'),
(2906, 9, 'Вертикально', 'Не поддерживается', '96%'),
(2907, 9, 'Вертикально', 'Не поддерживается', '96%'),
(2908, 9, 'Вертикально', 'Не поддерживается', '96%'),
(2909, 9, 'Вертикально', 'Не поддерживается', '96%'),
(2910, 9, 'Вертикально', 'Не поддерживается', '96%'),
(2911, 9, 'Вертикально', 'Не поддерживается', '96%'),
(2912, 9, 'Вертикально', 'Не поддерживается', '96%'),
(2913, 9, 'Вертикально', 'Не поддерживается', '96%'),
(2914, 9, 'Вертикально', 'Не поддерживается', '96%'),
(2915, 9, 'Вертикально', 'Не поддерживается', '96%'),
(2916, 9, 'Вертикально', 'Не поддерживается', '96%'),
(2917, 9, 'Вертикально', 'Не поддерживается', '96%'),
(2918, 9, 'Вертикально', 'Не поддерживается', '96%'),
(2919, 9, 'Вертикально', 'Не поддерживается', '96%'),
(2920, 9, 'Вертикально', 'Не поддерживается', '96%'),
(2921, 9, 'Вертикально', 'Не поддерживается', '96%'),
(2922, 9, 'Вертикально', 'Не поддерживается', '96%'),
(2923, 9, 'Вертикально', 'Не поддерживается', '96%'),
(2924, 9, 'Вертикально', 'Не поддерживается', '96%'),
(2925, 9, 'Вертикально', 'Не поддерживается', '96%'),
(2926, 9, 'Вертикально', 'Не поддерживается', '96%'),
(2927, 9, 'Вертикально', 'Не поддерживается', '96%'),
(2928, 9, 'Вертикально', 'Не поддерживается', '96%'),
(2929, 9, 'Вертикально', 'Не поддерживается', '96%'),
(2930, 9, 'Вертикально', 'Не поддерживается', '96%'),
(2931, 9, 'Вертикально', 'Не поддерживается', '96%'),
(2932, 9, 'Вертикально', 'Не поддерживается', '96%'),
(2933, 9, 'Вертикально', 'Не поддерживается', '96%'),
(2934, 9, 'Вертикально', 'Не поддерживается', '96%'),
(2935, 9, 'Вертикально', 'Не поддерживается', '95%'),
(2936, 9, 'Вертикально', 'Не поддерживается', '95%'),
(2937, 9, 'Вертикально', 'Не поддерживается', '95%'),
(2938, 9, 'Вертикально', 'Не поддерживается', '95%'),
(2939, 9, 'Вертикально', 'Не поддерживается', '95%'),
(2940, 9, 'Вертикально', 'Не поддерживается', '95%'),
(2941, 9, 'Вертикально', 'Не поддерживается', '95%'),
(2942, 9, 'Вертикально', 'Не поддерживается', '95%'),
(2943, 9, 'Вертикально', 'Не поддерживается', '95%'),
(2944, 9, 'Вертикально', 'Не поддерживается', '95%'),
(2945, 9, 'Вертикально', 'Не поддерживается', '95%'),
(2946, 9, 'Вертикально', 'Не поддерживается', '95%'),
(2947, 9, 'Вертикально', 'Не поддерживается', '95%'),
(2948, 9, 'Вертикально', 'Не поддерживается', '95%'),
(2949, 9, 'Вертикально', 'Не поддерживается', '95%'),
(2950, 9, 'Вертикально', 'Не поддерживается', '95%'),
(2951, 9, 'Вертикально', 'Не поддерживается', '95%'),
(2952, 9, 'Вертикально', 'Не поддерживается', '95%'),
(2953, 9, 'Вертикально', 'Не поддерживается', '95%'),
(2954, 9, 'Вертикально', 'Не поддерживается', '95%'),
(2955, 9, 'Вертикально', 'Не поддерживается', '95%'),
(2956, 9, 'Вертикально', 'Не поддерживается', '95%'),
(2957, 9, 'Вертикально', 'Не поддерживается', '95%'),
(2958, 9, 'Вертикально', 'Не поддерживается', '95%'),
(2959, 9, 'Вертикально', 'Не поддерживается', '95%'),
(2960, 9, 'Вертикально', 'Не поддерживается', '95%'),
(2961, 9, 'Вертикально', 'Не поддерживается', '95%'),
(2962, 9, 'Вертикально', 'Не поддерживается', '95%'),
(2963, 9, 'Вертикально', 'Не поддерживается', '95%'),
(2964, 9, 'Вертикально', 'Не поддерживается', '95%'),
(2965, 9, 'Вертикально', 'Не поддерживается', '95%'),
(2966, 9, 'Вертикально', 'Не поддерживается', '95%'),
(2967, 9, 'Вертикально', 'Не поддерживается', '95%'),
(2968, 9, 'Вертикально', 'Не поддерживается', '95%'),
(2969, 9, 'Вертикально', 'Не поддерживается', '95%'),
(2970, 9, 'Вертикально', 'Не поддерживается', '95%'),
(2971, 9, 'Вертикально', 'Не поддерживается', '95%'),
(2972, 9, 'Вертикально', 'Не поддерживается', '95%'),
(2973, 9, 'Вертикально', 'Не поддерживается', '95%'),
(2974, 9, 'Вертикально', 'Не поддерживается', '95%'),
(2975, 9, 'Вертикально', 'Не поддерживается', '95%'),
(2976, 9, 'Вертикально', 'Не поддерживается', '95%'),
(2977, 9, 'Вертикально', 'Не поддерживается', '95%'),
(2978, 9, 'Вертикально', 'Не поддерживается', '95%'),
(2979, 9, 'Вертикально', 'Не поддерживается', '95%'),
(2980, 9, 'Вертикально', 'Не поддерживается', '95%'),
(2981, 9, 'Вертикально', 'Не поддерживается', '95%'),
(2982, 9, 'Вертикально', 'Не поддерживается', '95%'),
(2983, 9, 'Вертикально', 'Не поддерживается', '95%'),
(2984, 9, 'Вертикально', 'Не поддерживается', '95%'),
(2985, 9, 'Вертикально', 'Не поддерживается', '95%'),
(2986, 9, 'Вертикально', 'Не поддерживается', '95%'),
(2987, 9, 'Вертикально', 'Не поддерживается', '95%'),
(2988, 9, 'Вертикально', 'Не поддерживается', '95%'),
(2989, 9, 'Вертикально', 'Не поддерживается', '95%'),
(2990, 9, 'Вертикально', 'Не поддерживается', '94%'),
(2991, 9, 'Вертикально', 'Не поддерживается', '94%'),
(2992, 9, 'Вертикально', 'Не поддерживается', '94%'),
(2993, 9, 'Вертикально', 'Не поддерживается', '94%'),
(2994, 9, 'Вертикально', 'Не поддерживается', '94%'),
(2995, 9, 'Вертикально', 'Не поддерживается', '94%'),
(2996, 9, 'Вертикально', 'Не поддерживается', '94%'),
(2997, 9, 'Вертикально', 'Не поддерживается', '94%'),
(2998, 9, 'Вертикально', 'Не поддерживается', '94%'),
(2999, 9, 'Вертикально', 'Не поддерживается', '94%'),
(3000, 9, 'Вертикально', 'Не поддерживается', '94%'),
(3001, 9, 'Вертикально', 'Не поддерживается', '94%'),
(3002, 9, 'Вертикально', 'Не поддерживается', '94%'),
(3003, 9, 'Вертикально', 'Не поддерживается', '94%'),
(3004, 9, 'Вертикально', 'Не поддерживается', '94%'),
(3005, 9, 'Вертикально', 'Не поддерживается', '94%'),
(3006, 9, 'Вертикально', 'Не поддерживается', '94%'),
(3007, 9, 'Вертикально', 'Не поддерживается', '94%'),
(3008, 9, 'Вертикально', 'Не поддерживается', '94%'),
(3009, 9, 'Вертикально', 'Не поддерживается', '94%'),
(3010, 9, 'Вертикально', 'Не поддерживается', '94%'),
(3011, 9, 'Вертикально', 'Не поддерживается', '94%'),
(3012, 9, 'Вертикально', 'Не поддерживается', '94%'),
(3013, 9, 'Вертикально', 'Не поддерживается', '94%'),
(3014, 9, 'Вертикально', 'Не поддерживается', '94%'),
(3015, 9, 'Вертикально', 'Не поддерживается', '94%'),
(3016, 9, 'Вертикально', 'Не поддерживается', '94%'),
(3017, 9, 'Вертикально', 'Не поддерживается', '94%'),
(3018, 9, 'Вертикально', 'Не поддерживается', '94%'),
(3019, 9, 'Вертикально', 'Не поддерживается', '94%'),
(3020, 9, 'Вертикально', 'Не поддерживается', '94%'),
(3021, 9, 'Вертикально', 'Не поддерживается', '94%');

-- --------------------------------------------------------

--
-- Структура таблицы `events`
--

CREATE TABLE `events` (
  `id` int(11) NOT NULL,
  `id_order` int(11) DEFAULT NULL,
  `id_individual` int(11) DEFAULT NULL,
  `created_at` timestamp NULL DEFAULT CURRENT_TIMESTAMP,
  `id_status` int(11) NOT NULL
) ENGINE=InnoDB DEFAULT CHARSET=utf8;

-- --------------------------------------------------------

--
-- Структура таблицы `free`
--

CREATE TABLE `free` (
  `id` int(11) NOT NULL,
  `name` char(10) NOT NULL
) ENGINE=InnoDB DEFAULT CHARSET=utf8;

--
-- Дамп данных таблицы `free`
--

INSERT INTO `free` (`id`, `name`) VALUES
(1, 'Любые хара'),
(2, 'Не любые х');

-- --------------------------------------------------------

--
-- Структура таблицы `hardness`
--

CREATE TABLE `hardness` (
  `id` int(11) NOT NULL,
  `k` decimal(11,1) DEFAULT NULL
) ENGINE=InnoDB DEFAULT CHARSET=utf8;

--
-- Дамп данных таблицы `hardness`
--

INSERT INTO `hardness` (`id`, `k`) VALUES
(1, '1.0'),
(2, '1.1'),
(3, '1.2'),
(4, '1.3'),
(5, '1.4');

-- --------------------------------------------------------

--
-- Структура таблицы `heighthandle`
--

CREATE TABLE `heighthandle` (
  `id` int(11) NOT NULL,
  `name` char(40) NOT NULL
) ENGINE=InnoDB DEFAULT CHARSET=utf8;

--
-- Дамп данных таблицы `heighthandle`
--

INSERT INTO `heighthandle` (`id`, `name`) VALUES
(1, '100'),
(2, '90'),
(3, '95'),
(4, '107');

-- --------------------------------------------------------

--
-- Структура таблицы `individual_order`
--

CREATE TABLE `individual_order` (
  `id` int(11) NOT NULL,
  `id_user` int(11) NOT NULL,
  `id_master` int(11) DEFAULT NULL,
  `description` text,
  `image` char(10) DEFAULT NULL,
  `sum_of_order` int(11) DEFAULT NULL,
  `id_payed` int(11) NOT NULL DEFAULT '1',
  `money_payed` int(11) NOT NULL DEFAULT '0',
  `id_payment` int(11) NOT NULL,
  `id_status` int(11) NOT NULL DEFAULT '1',
  `purpose` text,
  `created_at` timestamp NULL DEFAULT CURRENT_TIMESTAMP,
  `updated_at` timestamp NULL DEFAULT CURRENT_TIMESTAMP ON UPDATE CURRENT_TIMESTAMP,
  `days_for_order` int(11) DEFAULT NULL,
  `id_viewed` int(11) DEFAULT '1',
  `id_viewed_master` int(11) NOT NULL DEFAULT '1',
  `id_type_order` int(11) NOT NULL DEFAULT '2',
  `id_type_send` int(11) NOT NULL DEFAULT '1'
) ENGINE=InnoDB DEFAULT CHARSET=utf8;

--
-- Дамп данных таблицы `individual_order`
--

INSERT INTO `individual_order` (`id`, `id_user`, `id_master`, `description`, `image`, `sum_of_order`, `id_payed`, `money_payed`, `id_payment`, `id_status`, `purpose`, `days_for_order`, `id_viewed`, `id_viewed_master`, `id_type_order`, `id_type_send`) VALUES
(1, 34, NULL, 'Если я пришлю старый большой напильник довоенный советский с него можно будет выковать?? Меня только сам клинок интересует, т.к. рукоятки сам делаю на ножи.', '1.jpg', 4000, 1, 0, 1, 10, 'Сообщить сумму заказа', NULL, 2, 2, 2, 1),
(2, 66, NULL, 'Нож катраномологированый не боевой. Набедреные ножны к нему. Общая длина до 250мм', '2.jpg', NULL, 1, 0, 1, 10, 'Сообщить сумму заказа', NULL, 2, 2, 2, 1),
(3, 68, NULL, 'Мне надо точно такой же нож.Какая цена будет.Живу в России(Новосибирск)', NULL, NULL, 1, 0, 1, 10, 'Сообщить сумму заказа', NULL, 2, 2, 2, 1),
(4, 75, NULL, 'Здравствуйте.\nХотел бы иметь нож, ковка (Х12МФ).\nНакладки бакелитовые, т.е. полная копия.', '4.jpg', NULL, 1, 0, 1, 10, 'Сообщить сумму заказа', NULL, 2, 1, 2, 1),
(5, 82, NULL, 'Кап,95х18,длина клинка 85-90мм,больстен-нерж', '5.jpg', 1250, 2, 375, 1, 11, 'Отказ Итого 375р', 12, 2, 1, 2, 1),
(6, 83, NULL, NULL, '6.jpg', NULL, 1, 0, 1, 10, 'Сообщить сумму заказа', NULL, 2, 1, 2, 1),
(7, 86, NULL, NULL, '7.jpeg', 3800, 2, 4200, 1, 11, '22.10 KOVAL', 15, 2, 1, 2, 1),
(8, 99, NULL, 'На ваше усмотрение', '8.jpg', NULL, 1, 0, 1, 10, 'Сообщить сумму заказа', NULL, 2, 1, 2, 1),
(9, 106, NULL, 'Хотел узнать по стоимости , от стоимости будет зависеть материал, лезвие 14,5 , толщина 3,9\r\nграб, нержа(или что - нибудь не желтого цвета)', '9.jpg', NULL, 1, 0, 1, 10, 'Сообщить сумму заказа', NULL, 2, 1, 2, 1),
(10, 106, NULL, 'Вопрос цены', '10.jpg', NULL, 1, 0, 1, 10, 'Сообщить сумму заказа', NULL, 2, 1, 2, 1),
(11, 116, NULL, 'Рог лося или аналогичный пластик', '11.jpg', NULL, 1, 0, 1, 10, 'Сообщить сумму заказа', NULL, 2, 1, 2, 1);

-- --------------------------------------------------------

--
-- Структура таблицы `knifes`
--

CREATE TABLE `knifes` (
  `id` int(11) NOT NULL,
  `name` char(21) NOT NULL,
  `id_steel` int(11) NOT NULL,
  `blade_length` decimal(11,1) NOT NULL,
  `blade_width` decimal(11,1) NOT NULL,
  `blade_thickness` decimal(11,1) NOT NULL,
  `handle_length` decimal(11,1) NOT NULL,
  `price` int(11) NOT NULL,
  `handle` char(200) DEFAULT NULL,
  `description` text NOT NULL,
  `id_status` int(11) NOT NULL,
  `created_at` timestamp NULL DEFAULT CURRENT_TIMESTAMP,
  `updated_at` timestamp NULL DEFAULT CURRENT_TIMESTAMP ON UPDATE CURRENT_TIMESTAMP
) ENGINE=InnoDB DEFAULT CHARSET=utf8;

-- --------------------------------------------------------

--
-- Структура таблицы `knife_images`
--

CREATE TABLE `knife_images` (
  `id` int(11) NOT NULL,
  `id_knife` int(11) NOT NULL,
  `number` int(11) NOT NULL,
  `image` char(200) NOT NULL,
  `created_at` timestamp NULL DEFAULT CURRENT_TIMESTAMP,
  `updated_at` timestamp NULL DEFAULT CURRENT_TIMESTAMP ON UPDATE CURRENT_TIMESTAMP
) ENGINE=InnoDB DEFAULT CHARSET=utf8;

-- --------------------------------------------------------

--
-- Структура таблицы `knife_images_serial`
--

CREATE TABLE `knife_images_serial` (
  `id` int(11) NOT NULL,
  `id_knife` int(11) NOT NULL,
  `number` int(11) NOT NULL,
  `image` char(200) NOT NULL,
  `created_at` timestamp NULL DEFAULT CURRENT_TIMESTAMP,
  `updated_at` timestamp NULL DEFAULT CURRENT_TIMESTAMP ON UPDATE CURRENT_TIMESTAMP
) ENGINE=InnoDB DEFAULT CHARSET=utf8;

--
-- Дамп данных таблицы `knife_images_serial`
--

INSERT INTO `knife_images_serial` (`id`, `id_knife`, `number`, `image`) VALUES
(2, 1, 1, '1Serial(1).jpg'),
(3, 1, 2, '1Serial(2).jpg'),
(4, 2, 1, '2Serial(1).jpg'),
(5, 2, 2, '2Serial(2).jpg'),
(6, 3, 3, '3Serial(3).jpg'),
(7, 4, 1, '4Serial(1).jpg'),
(8, 1, 3, '1Serial(3).jpg'),
(9, 5, 1, '5Serial(1).jpg'),
(10, 5, 2, '5Serial(2).jpg'),
(11, 5, 3, '5Serial(3).jpg'),
(12, 5, 4, '5Serial(4).jpg'),
(13, 6, 1, '6Serial(1).jpg'),
(15, 6, 3, '6Serial(3).jpg'),
(16, 6, 4, '6Serial(4).jpg'),
(18, 6, 2, '6Serial(2).jpg'),
(21, 6, 5, '6Serial(5).jpg'),
(22, 7, 1, '7Serial(1).jpg'),
(23, 7, 2, '7Serial(2).jpg'),
(24, 7, 3, '7Serial(3).jpg'),
(25, 7, 4, '7Serial(4).jpg'),
(26, 7, 5, '7Serial(5).jpg'),
(27, 8, 1, '8Serial(1).jpg'),
(28, 8, 2, '8Serial(2).jpg'),
(29, 8, 3, '8Serial(3).jpg'),
(30, 8, 4, '8Serial(4).jpg'),
(31, 9, 1, '9Serial(1).jpg'),
(32, 9, 2, '9Serial(2).jpg'),
(33, 7, 6, '7Serial(6).jpg'),
(34, 10, 1, '10Serial(1).jpg'),
(35, 10, 2, '10Serial(2).jpg'),
(36, 10, 3, '10Serial(3).jpg'),
(37, 10, 4, '10Serial(4).jpg'),
(38, 10, 5, '10Serial(5).jpg');

-- --------------------------------------------------------

--
-- Структура таблицы `knife_properties_in_order`
--

CREATE TABLE `knife_properties_in_order` (
  `id` int(11) NOT NULL,
  `id_order` int(11) NOT NULL,
  `id_typeOfSteel` int(11) NOT NULL,
  `id_typeOfBlade` int(11) NOT NULL,
  `id_typeOfBolster` int(11) NOT NULL,
  `id_typeOfHandle` int(11) NOT NULL,
  `id_typeOfHandleMaterial` int(11) NOT NULL,
  `blade_length` decimal(11,1) NOT NULL,
  `blade_height` decimal(11,1) NOT NULL,
  `butt_width` decimal(11,1) NOT NULL,
  `handle_length` decimal(11,1) NOT NULL
) ENGINE=InnoDB DEFAULT CHARSET=utf8;

--
-- Дамп данных таблицы `knife_properties_in_order`
--

INSERT INTO `knife_properties_in_order` (`id`, `id_order`, `id_typeOfSteel`, `id_typeOfBlade`, `id_typeOfBolster`, `id_typeOfHandle`, `id_typeOfHandleMaterial`, `blade_length`, `blade_height`, `butt_width`, `handle_length`) VALUES
(8, 10, 17, 15, 4, 31, 10, '130.0', '27.0', '3.5', '115.0'),
(9, 11, 3, 21, 5, 31, 11, '130.0', '33.0', '3.5', '115.0'),
(10, 12, 17, 15, 5, 31, 10, '150.0', '28.0', '3.5', '125.0'),
(11, 13, 3, 18, 5, 12, 11, '115.0', '32.0', '3.5', '115.0'),
(12, 14, 2, 4, 5, 12, 10, '130.0', '32.0', '2.4', '120.0'),
(13, 15, 3, 23, 4, 31, 4, '130.0', '29.0', '3.5', '120.0'),
(14, 16, 16, 17, 5, 23, 11, '130.0', '29.0', '3.5', '120.0'),
(15, 17, 16, 15, 8, 31, 2, '110.0', '33.0', '2.4', '115.0'),
(16, 18, 17, 26, 4, 31, 9, '100.0', '25.0', '2.7', '115.0'),
(17, 19, 3, 3, 15, 11, 9, '160.0', '28.0', '3.5', '120.0'),
(18, 20, 16, 3, 4, 26, 10, '140.0', '29.0', '2.4', '120.0'),
(19, 21, 3, 3, 4, 31, 4, '135.0', '27.0', '2.4', '120.0'),
(20, 22, 3, 21, 14, 30, 4, '130.0', '40.0', '2.7', '120.0'),
(21, 23, 2, 9, 5, 31, 10, '100.0', '25.0', '4.0', '120.0'),
(22, 24, 3, 3, 4, 31, 4, '130.0', '29.0', '3.5', '120.0'),
(23, 25, 2, 18, 4, 31, 4, '110.0', '27.0', '2.7', '115.0'),
(24, 26, 16, 21, 4, 31, 2, '135.0', '29.0', '3.0', '120.0'),
(25, 27, 17, 18, 4, 31, 2, '110.0', '27.0', '2.7', '115.0'),
(26, 28, 16, 21, 4, 31, 2, '135.0', '29.0', '3.0', '120.0'),
(27, 29, 17, 18, 4, 31, 4, '110.0', '27.0', '2.7', '115.0'),
(28, 30, 3, 3, 4, 31, 4, '130.0', '29.0', '3.5', '120.0'),
(29, 31, 2, 5, 4, 18, 4, '135.0', '27.0', '2.0', '120.0'),
(30, 32, 14, 7, 4, 31, 4, '110.0', '33.0', '3.0', '115.0'),
(31, 33, 2, 18, 4, 31, 4, '110.0', '27.0', '2.7', '115.0'),
(32, 34, 17, 3, 4, 31, 4, '150.0', '35.0', '4.5', '120.0'),
(33, 35, 14, 18, 4, 31, 4, '110.0', '27.0', '2.7', '115.0'),
(34, 36, 17, 18, 4, 31, 4, '110.0', '27.0', '2.7', '115.0'),
(35, 38, 17, 3, 4, 31, 4, '150.0', '35.0', '4.5', '120.0'),
(36, 39, 17, 3, 4, 31, 4, '150.0', '35.0', '4.5', '120.0'),
(37, 40, 2, 18, 4, 31, 4, '110.0', '27.0', '2.7', '115.0'),
(38, 41, 2, 3, 4, 31, 4, '150.0', '35.0', '4.5', '120.0'),
(39, 42, 2, 3, 4, 31, 4, '150.0', '35.0', '4.5', '120.0'),
(40, 43, 17, 3, 4, 31, 4, '150.0', '35.0', '4.5', '120.0'),
(41, 44, 3, 3, 4, 31, 4, '130.0', '29.0', '3.5', '120.0'),
(42, 45, 3, 18, 4, 31, 4, '115.0', '27.0', '2.7', '115.0'),
(43, 46, 17, 30, 5, 32, 10, '125.0', '26.0', '3.5', '105.0'),
(44, 47, 3, 7, 4, 31, 10, '110.0', '33.0', '3.0', '115.0'),
(45, 48, 16, 5, 5, 13, 11, '85.0', '27.0', '4.5', '85.0'),
(46, 49, 17, 14, 4, 31, 10, '150.0', '35.0', '4.5', '120.0'),
(47, 50, 3, 3, 4, 31, 4, '130.0', '29.0', '3.5', '120.0'),
(48, 51, 3, 3, 4, 31, 4, '130.0', '29.0', '3.5', '120.0'),
(49, 52, 3, 5, 8, 12, 10, '135.0', '25.0', '3.2', '115.0'),
(50, 53, 3, 5, 4, 18, 4, '135.0', '27.0', '2.0', '120.0'),
(51, 54, 3, 3, 4, 31, 4, '130.0', '29.0', '3.5', '120.0'),
(52, 55, 3, 18, 15, 18, 5, '120.0', '30.0', '3.5', '115.0'),
(53, 56, 3, 7, 4, 31, 4, '110.0', '33.0', '3.0', '115.0'),
(54, 57, 3, 7, 4, 31, 4, '110.0', '33.0', '3.0', '115.0'),
(55, 58, 3, 18, 15, 28, 11, '130.0', '29.0', '4.5', '115.0'),
(56, 59, 14, 31, 5, 24, 10, '165.0', '35.0', '4.5', '120.0'),
(57, 60, 3, 14, 12, 18, 5, '130.0', '30.0', '2.4', '120.0'),
(58, 61, 3, 3, 4, 31, 4, '130.0', '29.0', '3.5', '100.0'),
(59, 62, 3, 9, 5, 25, 4, '100.0', '27.0', '4.0', '120.0'),
(60, 63, 3, 5, 4, 18, 4, '135.0', '27.0', '2.9', '120.0'),
(61, 64, 3, 3, 4, 31, 4, '120.0', '29.0', '3.5', '120.0'),
(62, 65, 14, 7, 4, 31, 4, '110.0', '33.0', '3.0', '115.0'),
(63, 66, 2, 3, 5, 12, 6, '130.0', '29.0', '3.5', '120.0'),
(64, 67, 2, 30, 4, 25, 4, '85.0', '23.0', '2.4', '95.0'),
(65, 68, 3, 26, 4, 12, 4, '110.0', '26.0', '2.7', '110.0'),
(66, 69, 16, 32, 12, 23, 11, '130.0', '29.0', '2.4', '120.0'),
(67, 70, 3, 30, 4, 32, 10, '115.0', '25.0', '2.5', '110.0'),
(68, 71, 3, 15, 15, 28, 2, '130.0', '33.0', '2.1', '120.0'),
(69, 72, 19, 23, 12, 15, 5, '125.0', '22.0', '2.4', '115.0'),
(70, 73, 3, 30, 15, 31, 4, '115.0', '23.0', '2.5', '105.0'),
(71, 74, 3, 15, 4, 31, 4, '130.0', '25.0', '3.5', '95.0'),
(72, 75, 3, 15, 4, 31, 4, '130.0', '25.0', '3.5', '95.0'),
(73, 76, 3, 3, 4, 31, 6, '130.0', '25.0', '3.5', '90.0'),
(74, 77, 2, 15, 4, 12, 5, '130.0', '25.0', '3.5', '115.0'),
(75, 78, 3, 3, 4, 31, 11, '130.0', '29.0', '3.5', '120.0'),
(76, 79, 3, 3, 4, 31, 11, '130.0', '29.0', '3.5', '120.0'),
(77, 80, 3, 27, 1, 12, 4, '150.0', '31.0', '2.4', '120.0'),
(78, 81, 3, 3, 4, 31, 11, '130.0', '29.0', '3.5', '120.0'),
(79, 82, 2, 30, 5, 28, 11, '90.0', '35.0', '4.0', '100.0'),
(80, 83, 2, 23, 5, 31, 4, '120.0', '33.0', '3.4', '120.0'),
(81, 84, 3, 15, 4, 31, 11, '130.0', '31.0', '3.5', '100.0'),
(82, 85, 3, 3, 4, 31, 11, '130.0', '29.0', '3.5', '100.0'),
(83, 86, 3, 3, 4, 31, 11, '130.0', '29.0', '3.5', '100.0'),
(84, 87, 3, 3, 4, 31, 11, '130.0', '29.0', '3.5', '100.0'),
(85, 88, 3, 3, 4, 31, 11, '130.0', '29.0', '3.5', '100.0'),
(86, 89, 2, 18, 4, 31, 2, '110.0', '27.0', '2.7', '115.0'),
(87, 90, 3, 7, 4, 18, 10, '125.0', '30.0', '3.4', '115.0'),
(88, 91, 3, 3, 5, 31, 4, '120.0', '28.0', '3.5', '120.0'),
(89, 92, 3, 15, 8, 12, 5, '130.0', '33.0', '2.4', '120.0'),
(90, 93, 3, 10, 5, 31, 11, '140.0', '29.0', '3.5', '120.0'),
(91, 95, 18, 33, 12, 30, 5, '150.0', '37.0', '2.4', '120.0'),
(92, 96, 2, 18, 4, 32, 11, '105.0', '26.0', '3.2', '115.0'),
(93, 97, 16, 20, 4, 35, 10, '230.0', '50.0', '6.0', '130.0'),
(94, 98, 19, 9, 5, 11, 10, '130.0', '20.0', '4.0', '110.0'),
(95, 99, 2, 46, 5, 36, 11, '145.0', '35.0', '3.5', '120.0'),
(96, 100, 2, 26, 1, 12, 5, '125.0', '28.0', '2.4', '110.0'),
(97, 101, 19, 44, 4, 36, 6, '140.0', '31.0', '2.1', '110.0'),
(98, 102, 18, 27, 8, 12, 4, '140.0', '32.0', '2.4', '120.0'),
(99, 103, 3, 33, 5, 34, 11, '130.0', '38.0', '3.5', '120.0'),
(100, 104, 3, 3, 4, 36, 11, '115.0', '29.0', '3.5', '120.0'),
(101, 105, 3, 3, 4, 36, 11, '130.0', '29.0', '3.5', '120.0'),
(102, 106, 3, 3, 4, 36, 11, '130.0', '29.0', '3.5', '120.0'),
(103, 107, 18, 3, 12, 35, 11, '135.0', '25.0', '2.0', '85.0'),
(104, 108, 3, 27, 8, 12, 4, '150.0', '32.0', '2.4', '120.0'),
(105, 109, 3, 18, 8, 25, 4, '80.0', '20.0', '2.1', '90.0'),
(106, 110, 19, 9, 4, 12, 2, '130.0', '26.0', '2.5', '110.0'),
(107, 111, 2, 26, 5, 12, 6, '145.0', '34.0', '3.5', '120.0'),
(108, 112, 18, 27, 8, 28, 5, '150.0', '29.0', '2.4', '125.0'),
(109, 113, 2, 27, 8, 28, 5, '150.0', '29.0', '2.4', '125.0'),
(110, 114, 19, 27, 5, 12, 6, '125.0', '31.0', '3.4', '120.0'),
(111, 115, 18, 3, 4, 12, 2, '130.0', '26.0', '3.5', '120.0'),
(112, 117, 18, 40, 8, 31, 11, '130.0', '30.0', '2.4', '120.0'),
(113, 118, 3, 3, 5, 31, 14, '130.0', '35.0', '3.0', '120.0'),
(114, 119, 3, 33, 5, 25, 11, '100.0', '43.0', '3.0', '110.0'),
(115, 120, 18, 42, 5, 24, 4, '130.0', '27.0', '3.0', '120.0'),
(116, 121, 19, 25, 8, 24, 11, '140.0', '30.0', '2.4', '120.0'),
(117, 122, 3, 40, 8, 34, 11, '140.0', '30.0', '2.4', '120.0'),
(118, 123, 3, 27, 4, 31, 14, '130.0', '28.0', '3.5', '120.0'),
(119, 124, 18, 31, 5, 26, 11, '150.0', '50.0', '2.4', '125.0'),
(120, 125, 19, 22, 4, 25, 5, '165.0', '40.0', '3.0', '110.0'),
(121, 126, 3, 3, 4, 31, 14, '130.0', '29.0', '3.5', '120.0'),
(122, 127, 3, 3, 4, 31, 14, '130.0', '29.0', '3.5', '120.0'),
(123, 128, 3, 3, 5, 32, 11, '100.0', '34.0', '2.0', '120.0'),
(124, 129, 2, 45, 5, 34, 6, '165.0', '36.0', '3.5', '120.0'),
(125, 130, 19, 31, 13, 11, 6, '150.0', '34.0', '2.3', '110.0'),
(126, 131, 3, 39, 5, 25, 11, '130.0', '29.0', '3.5', '115.0'),
(127, 132, 3, 30, 5, 18, 11, '110.0', '35.0', '2.5', '120.0'),
(128, 133, 3, 3, 4, 31, 14, '130.0', '29.0', '3.5', '120.0');

-- --------------------------------------------------------

--
-- Структура таблицы `messages`
--

CREATE TABLE `messages` (
  `id` int(11) NOT NULL,
  `id_order` int(11) DEFAULT NULL,
  `id_individual` int(11) DEFAULT NULL,
  `id_sender` int(11) DEFAULT NULL,
  `id_recipient` int(11) DEFAULT NULL,
  `attach_image` char(20) DEFAULT NULL,
  `created_at` timestamp NULL DEFAULT CURRENT_TIMESTAMP,
  `message` text,
  `id_message_type` int(11) NOT NULL
) ENGINE=InnoDB DEFAULT CHARSET=utf8;

--
-- Дамп данных таблицы `messages`
--

INSERT INTO `messages` (`id`, `id_order`, `id_individual`, `id_sender`, `id_recipient`, `attach_image`, `message`, `id_message_type`) VALUES
(25, 9, NULL, NULL, NULL, NULL, 'Сумма заказа: 5450 + 400 (доставка) = 5850 р.', 4),
(26, 9, NULL, NULL, NULL, NULL, 'Статус заказа: поступил', 2),
(27, 9, NULL, NULL, NULL, NULL, 'Сумма заказа: 4800 + 400 (доставка) = 5200 р.', 4),
(28, 10, NULL, NULL, NULL, NULL, 'Сумма заказа: 2494 + 400 (доставка) = 2894 р.', 4),
(29, 10, NULL, NULL, NULL, NULL, 'Статус заказа: поступил', 2),
(30, 10, NULL, NULL, NULL, NULL, 'Статус заказа: отменён', 2),
(31, 11, NULL, NULL, NULL, NULL, 'Сумма заказа: 5040 + 700 (доставка) = 5740 р.', 4),
(32, 11, NULL, NULL, NULL, NULL, 'Статус заказа: поступил', 2),
(33, 11, NULL, NULL, NULL, NULL, 'Статус заказа: отменён', 2),
(34, 12, NULL, NULL, NULL, NULL, 'Сумма заказа: 3040 + 400 (доставка) = 3440 р.', 4),
(35, 12, NULL, NULL, NULL, NULL, 'Статус заказа: поступил', 2),
(36, 13, NULL, NULL, NULL, NULL, 'Сумма заказа: 4090 + 400 (доставка) = 4490 р.', 4),
(37, 13, NULL, NULL, NULL, NULL, 'Статус заказа: поступил', 2),
(38, 13, NULL, NULL, NULL, NULL, 'Статус заказа: отменён', 2),
(39, 12, NULL, NULL, NULL, NULL, 'Статус заказа: отменён', 2),
(40, 14, NULL, NULL, NULL, NULL, 'Сумма заказа: 4080 + 400 (доставка) = 4480 р.', 4),
(41, 14, NULL, NULL, NULL, NULL, 'Статус заказа: поступил', 2),
(42, 14, NULL, NULL, NULL, NULL, 'Статус заказа: отменён', 2),
(43, 9, NULL, 27, NULL, '43.jpg', NULL, 1),
(44, 9, NULL, 27, NULL, '44.jpg', NULL, 1),
(45, 9, NULL, 27, NULL, '45.jpg', NULL, 1),
(46, 9, NULL, 27, NULL, '46.jpg', NULL, 1),
(47, NULL, 1, NULL, NULL, NULL, 'Статус заказа: поступил', 2),
(48, NULL, 1, 1, NULL, NULL, 'Да можем, но напильник - не лучший вариант для рубящего клинка из за хрупкости. Можем вам предложить сталь 60с2а она лучше подойдёт. Так же какая нужна толщина обуха?', 1),
(49, 15, NULL, NULL, NULL, NULL, 'Сумма заказа: 4390 + 400 (доставка) = 4790 р.', 4),
(50, 15, NULL, NULL, NULL, NULL, 'Статус заказа: поступил', 2),
(51, NULL, 1, 34, NULL, NULL, 'Толщина в обухе не менее 12 мм. И зуб \" шивы\" был, с напильником убедились))  подскажите цену с вашим материалом!? ', 1),
(52, NULL, 1, 34, NULL, NULL, 'Убедились))  Т9', 1),
(53, NULL, 1, 34, NULL, NULL, 'Убедили ', 1),
(54, NULL, 1, 1, NULL, NULL, '4000 р', 1),
(55, NULL, 1, 1, NULL, NULL, 'Так же насчет ширины спусков и сечения клинка,можно схематичное изображение сечения?', 1),
(56, NULL, 1, 34, NULL, NULL, 'Хорошо сейчас посмотрю у себя чертежи и размеры скину, спасибо', 1),
(57, NULL, 1, 34, NULL, NULL, 'Общая длина всей заготовки 450 мм. Толщина в обухе 7 мм. Ширина клинка в самом широком месте 80 мм. Спуски от середины клинка. Простите за не точную предыдущую информацию о толщина в обухе. 12 мм.  это много. ', 1),
(58, NULL, 1, 1, NULL, NULL, '80мм вы говорите как на рисунке указано так?', 1),
(59, NULL, 1, 1, NULL, NULL, 'или ширина режущей кромки до обуха?', 1),
(60, NULL, 1, 1, NULL, NULL, 'И насчет обработки клинка, он должен быть отшлифован или со следами ковки?', 1),
(61, NULL, 1, 1, NULL, '61.jpg', 'Вот пример отшлифованного', 1),
(62, NULL, 1, 1, NULL, '62.jpg', 'Вот пример со следами ковки', 1),
(63, NULL, 1, 1, NULL, NULL, 'Шлифованный выйдет дороже', 1),
(64, NULL, 1, 34, NULL, NULL, 'Нет ковка, да как на рисунке 80 мм. С новыми размерами цена меняется?? Шлифовку не надо проводить, ковка и спуски под заточку. Вас запутал и сам запутался. ', 1),
(65, NULL, 1, 3, NULL, NULL, 'цена та же , делаю как по чертежу, сталь 60с2а, все правильно? ', 1),
(66, 15, NULL, NULL, NULL, NULL, 'Статус заказа: отменён', 2),
(67, NULL, 1, NULL, NULL, NULL, 'Сумма заказа: 4000 + 400 (доставка) = 4400 р.', 4),
(68, NULL, 1, 27, NULL, NULL, 'Если вы согласны, то внесите предоплату в 30% = 1300р. на  карту Сбербанка 5469 9900 1055 42 72 Глеб Александрович А. После оплаты мастер приступит к изготовлению. Сроки выполнения 5 дней. Как заказ будет готов вам придёт оповещение на почту и будут высланы фотографии готового изделия.', 1),
(69, NULL, 1, 1, NULL, NULL, 'Глеб Александрович Ю*', 1),
(70, NULL, 1, 34, NULL, NULL, 'Пару дней на обдумывание. ', 1),
(71, NULL, 1, 27, NULL, NULL, 'хорошо', 1),
(72, 16, NULL, NULL, NULL, NULL, 'Сумма заказа: 4905 + 400 (доставка) = 5305 р.', 4),
(73, 16, NULL, NULL, NULL, NULL, 'Статус заказа: поступил', 2),
(74, 16, NULL, NULL, NULL, NULL, 'Статус заказа: отменён', 2),
(75, 17, NULL, NULL, NULL, NULL, 'Сумма заказа: 4734 + 400 (доставка) = 5134 р.', 4),
(76, 17, NULL, NULL, NULL, NULL, 'Статус заказа: поступил', 2),
(77, 18, NULL, NULL, NULL, NULL, 'Сумма заказа: 2322 + 400 (доставка) = 2722 р.', 4),
(78, 18, NULL, NULL, NULL, NULL, 'Статус заказа: поступил', 2),
(79, 18, NULL, NULL, NULL, NULL, 'Дней на заказ: 3', 4),
(80, 18, NULL, 37, NULL, NULL, 'Что-то мне предоплата не нравиться. Как Вам вариант доставки курьерской службой и оплатой при получении?', 1),
(81, 18, NULL, 27, NULL, NULL, 'Все индивидуальные заказы выполняются по предоплате. Просто в случае если вы откажетесь от готового изделия мы теряем время и деньги', 1),
(82, 18, NULL, 1, NULL, NULL, 'Ошиблись в сумме на предоплату. Не 800р а 700р', 1),
(83, 18, NULL, 37, NULL, NULL, 'Перевел уже 800.', 1),
(84, 18, NULL, NULL, NULL, NULL, 'Всего внесено: 800 р.', 4),
(85, 18, NULL, 27, NULL, NULL, 'Всё хорошо приняли в работу к пятнице будет готов. Как изготовим клинок в этот диалог мастер скинет его фото. По готовности всего ножа соответственно тоже будет фотоотчёт', 1),
(86, 18, NULL, 37, NULL, NULL, 'Ок.', 1),
(87, 17, NULL, NULL, NULL, NULL, 'Всего внесено: 1420 р.', 4),
(88, 17, NULL, NULL, NULL, NULL, 'Дней на заказ: 7', 4),
(89, 17, NULL, NULL, NULL, NULL, 'Статус заказа: изготавливается', 2),
(90, 18, NULL, NULL, NULL, NULL, 'Статус заказа: изготавливается', 2),
(91, 19, NULL, NULL, NULL, NULL, 'Сумма заказа: 4950 + 400 (доставка) = 5350 р.', 4),
(92, 19, NULL, NULL, NULL, NULL, 'Статус заказа: поступил', 2),
(93, 19, NULL, 27, NULL, NULL, 'Здравствуйте, Евгений! Ваш номер недоступен поэтому пишем здесь. Навершие на рукоять из латуни будет дополнительно стоить 500р. Итого 4950 + 500 = 5450р.Нож сделаем за 7 дней. После внесения предоплаты(оплата отобразится в личном кабинете на сайте) в 30% = 1630р.  на карту СБ 5469 9900 1055 4272  Глеб Александрович Ю. кузнец начнёт изготовление ножа. Как изготовим клинок отправим его фото. По готовности всего ножа соответственно тоже будет фотоотчёт.', 1),
(94, 19, NULL, NULL, NULL, NULL, 'Всего внесено: 1630 р.', 4),
(95, 19, NULL, NULL, NULL, NULL, 'Дней на заказ: 7', 4),
(96, 19, NULL, 27, NULL, NULL, 'Все хорошо, предоплата пришла, кузнец приступает к работе', 1),
(97, 19, NULL, NULL, NULL, NULL, 'Статус заказа: изготавливается', 2),
(98, 19, NULL, NULL, NULL, NULL, 'Сумма заказа: 5450 + 400 (доставка) = 5850 р.', 4),
(99, 18, NULL, 27, NULL, '99.jpg', NULL, 1),
(100, 18, NULL, 27, NULL, '100.jpg', NULL, 1),
(101, 18, NULL, 27, NULL, '101.jpg', NULL, 1),
(102, 18, NULL, 27, NULL, '102.jpg', NULL, 1),
(103, 18, NULL, 27, NULL, '103.jpg', NULL, 1),
(104, 18, NULL, NULL, NULL, NULL, 'Статус заказа: готов', 2),
(105, 18, NULL, 27, NULL, NULL, 'Клинок тонко сведён - для хорошего реза. Не рекомендуется рубить и метать.', 1),
(106, 20, NULL, NULL, NULL, NULL, 'Сумма заказа: 4959 + 400 (доставка) = 5359 р.', 4),
(107, 20, NULL, NULL, NULL, NULL, 'Статус заказа: поступил', 2),
(108, 21, NULL, NULL, NULL, NULL, 'Сумма заказа: 3825 + 400 (доставка) = 4225 р.', 4),
(109, 21, NULL, NULL, NULL, NULL, 'Статус заказа: поступил', 2),
(110, 21, NULL, 27, NULL, NULL, 'Извиняемся за недоработку в вконструкторе, сделаем 3 мм обух', 1),
(111, NULL, 1, NULL, NULL, NULL, 'Статус заказа: отменён', 2),
(112, 22, NULL, NULL, NULL, NULL, 'Сумма заказа: 5580 + 400 (доставка) = 5980 р.', 4),
(113, 22, NULL, NULL, NULL, NULL, 'Статус заказа: поступил', 2),
(114, 22, NULL, NULL, NULL, NULL, 'Статус заказа: отменён', 2),
(115, 18, NULL, 27, NULL, '115.jpg', NULL, 1),
(116, 21, NULL, NULL, NULL, NULL, 'Всего внесено: 1200 р.', 4),
(117, 21, NULL, NULL, NULL, NULL, 'Дней на заказ: 10', 4),
(118, 21, NULL, NULL, NULL, NULL, 'Статус заказа: изготавливается', 2),
(119, 23, NULL, NULL, NULL, NULL, 'Сумма заказа: 2151 + 400 (доставка) = 2551 р.', 4),
(120, 23, NULL, NULL, NULL, NULL, 'Статус заказа: поступил', 2),
(121, 23, NULL, 1, NULL, NULL, 'Здравствуйте, уточнаю у кузнеца насчет стоунвош', 1),
(122, 23, NULL, NULL, NULL, NULL, 'Всего внесено: 640 р.', 4),
(123, 23, NULL, NULL, NULL, NULL, 'Дней на заказ: 7', 4),
(124, 23, NULL, NULL, NULL, NULL, 'Статус заказа: изготавливается', 2),
(125, 23, NULL, 42, NULL, NULL, 'Прошу спуски от середины клинка', 1),
(126, 23, NULL, 1, NULL, NULL, 'Хорошо т.е сабелные', 1),
(127, 23, NULL, 42, NULL, NULL, 'Нет,как у классического \"Helle\"', 1),
(128, 23, NULL, 42, NULL, NULL, 'Сабельный это же линза,или я ошибаюсь?', 1),
(129, 23, NULL, 1, NULL, NULL, 'нет', 1),
(130, 23, NULL, 1, NULL, NULL, 'сейчас скину картинку', 1),
(131, 23, NULL, 42, NULL, NULL, 'Прямые спуски от середины клинка.', 1),
(132, 23, NULL, 1, NULL, '132.jpg', NULL, 1),
(133, 23, NULL, 1, NULL, '133.png', NULL, 1),
(134, 23, NULL, 42, NULL, NULL, 'Да', 1),
(135, 23, NULL, 1, NULL, NULL, 'На втором рисунке в разрезе', 1),
(136, 23, NULL, 1, NULL, NULL, 'Хорошо сделаем', 1),
(137, 23, NULL, 42, NULL, NULL, 'Спасибо', 1),
(138, 18, NULL, 37, NULL, NULL, 'Спсб. Жду не дождусь.', 1),
(139, 18, NULL, 1, NULL, NULL, 'После доплаты оставшихся 1520 + 400 (Почта РФ) = 1920 р., отправим вам нож. Реквизиты для оплаты: СБ 5469 9900 1055 4272 Глеб Александрович Ю.', 1),
(140, 18, NULL, 1, NULL, NULL, 'После отправки скинем трек номер для отслеживания', 1),
(141, 18, NULL, 37, NULL, NULL, 'Оплатил.', 1),
(142, 18, NULL, NULL, NULL, NULL, 'Всего внесено: 2722 р.', 4),
(143, 18, NULL, NULL, NULL, NULL, 'Статус заказа: ожидает отправки', 2),
(144, 19, NULL, 38, NULL, NULL, 'Добрый день!', 1),
(145, 19, NULL, 38, NULL, NULL, 'можно фото?', 1),
(146, 19, NULL, 1, NULL, NULL, 'Здравствуйте, пока ваш нож еще не начали изготавливать. Сейчас изготавливаются заказы, что поступили раньше. Извиняемся если смутили выставленным статусом \"изготавливается\", пока он у нас ставится по внесению предоплаты. Фото клинка будет завтра-послезавтра.', 1),
(147, 18, NULL, NULL, NULL, NULL, 'Статус заказа: отправлен', 2),
(148, 18, NULL, 27, NULL, NULL, 'Трек номер: 60180016625656 Отслеживать тут: https://www.pochta.ru/TRACKING', 1),
(149, 19, NULL, 27, NULL, '149.JPG', NULL, 1),
(150, 19, NULL, 27, NULL, '150.jpg', NULL, 1),
(151, 21, NULL, 1, NULL, '151.jpg', NULL, 1),
(152, 17, NULL, 27, NULL, '152.jpg', NULL, 1),
(153, 17, NULL, NULL, NULL, NULL, 'Всего внесено: 5134 р.', 4),
(154, 19, NULL, 38, NULL, NULL, 'Спасибо ', 1),
(155, 17, NULL, 1, NULL, '155.jpg', NULL, 1),
(156, 17, NULL, 1, NULL, '156.jpg', NULL, 1),
(157, 17, NULL, 1, NULL, '157.jpg', NULL, 1),
(158, 17, NULL, 1, NULL, '158.jpg', NULL, 1),
(159, 17, NULL, 1, NULL, '159.jpg', NULL, 1),
(160, 17, NULL, 1, NULL, '160.jpg', NULL, 1),
(161, 17, NULL, 1, NULL, '161.jpg', NULL, 1),
(162, 17, NULL, NULL, NULL, NULL, 'Статус заказа: готов', 2),
(163, 19, NULL, 1, NULL, '163.png', 'Уточняю насчёт почтового индекса. Вы  указали индекс: 142784, почта говорит что для вашего адреса индекс: 108850 (на скриншоте).', 1),
(164, 24, NULL, NULL, NULL, NULL, 'Сумма заказа: 3951 + 400 (доставка) = 4351 р.', 4),
(165, 24, NULL, NULL, NULL, NULL, 'Статус заказа: поступил', 2),
(166, 24, NULL, NULL, NULL, NULL, 'Статус заказа: отменён', 2),
(167, 19, NULL, 38, NULL, NULL, 'Ок, у нас отделение почтовое поменялось', 1),
(168, 19, NULL, 38, NULL, NULL, 'Нож готов?', 1),
(169, 19, NULL, 38, NULL, NULL, 'Можно фото?', 1),
(170, 19, NULL, 1, NULL, NULL, 'Завтра будет', 1),
(171, 19, NULL, 27, NULL, NULL, 'Фото ожидайте сегодня после 19:00', 1),
(172, 17, NULL, NULL, NULL, NULL, 'Статус заказа: отправлен', 2),
(173, 25, NULL, NULL, NULL, NULL, 'Сумма заказа: 2669 + 400 (доставка) = 3069 р.', 4),
(174, 25, NULL, NULL, NULL, NULL, 'Статус заказа: поступил', 2),
(175, 26, NULL, NULL, NULL, NULL, 'Сумма заказа: 4888 + 400 (доставка) = 5288 р.', 4),
(176, 26, NULL, NULL, NULL, NULL, 'Статус заказа: поступил', 2),
(177, 27, NULL, NULL, NULL, NULL, 'Сумма заказа: 2703 + 400 (доставка) = 3103 р.', 4),
(178, 27, NULL, NULL, NULL, NULL, 'Статус заказа: поступил', 2),
(179, 28, NULL, NULL, NULL, NULL, 'Сумма заказа: 4888 + 400 (доставка) = 5288 р.', 4),
(180, 28, NULL, NULL, NULL, NULL, 'Статус заказа: поступил', 2),
(181, 28, NULL, NULL, NULL, NULL, 'Статус заказа: отменён', 2),
(182, 27, NULL, NULL, NULL, NULL, 'Статус заказа: отменён', 2),
(183, 25, NULL, NULL, NULL, NULL, 'Статус заказа: отменён', 2),
(184, 26, NULL, NULL, NULL, NULL, 'Статус заказа: отменён', 2),
(185, 29, NULL, NULL, NULL, NULL, 'Сумма заказа: 2363 + 400 (доставка) = 2763 р.', 4),
(186, 29, NULL, NULL, NULL, NULL, 'Статус заказа: поступил', 2),
(187, 29, NULL, NULL, NULL, NULL, 'Статус заказа: отменён', 2),
(188, 30, NULL, NULL, NULL, NULL, 'Сумма заказа: 3951 + 400 (доставка) = 4351 р.', 4),
(189, 30, NULL, NULL, NULL, NULL, 'Статус заказа: поступил', 2),
(190, 30, NULL, NULL, NULL, NULL, 'Статус заказа: отменён', 2),
(191, 31, NULL, NULL, NULL, NULL, 'Сумма заказа: 3494 + 400 (доставка) = 3894 р.', 4),
(192, 31, NULL, NULL, NULL, NULL, 'Статус заказа: поступил', 2),
(193, 32, NULL, NULL, NULL, NULL, 'Сумма заказа: 2890 + 400 (доставка) = 3290 р.', 4),
(194, 32, NULL, NULL, NULL, NULL, 'Статус заказа: поступил', 2),
(195, 33, NULL, NULL, NULL, NULL, 'Сумма заказа: 2669 + 400 (доставка) = 3069 р.', 4),
(196, 33, NULL, NULL, NULL, NULL, 'Статус заказа: поступил', 2),
(197, 34, NULL, NULL, NULL, NULL, 'Сумма заказа: 4463 + 400 (доставка) = 4863 р.', 4),
(198, 34, NULL, NULL, NULL, NULL, 'Статус заказа: поступил', 2),
(199, 35, NULL, NULL, NULL, NULL, 'Сумма заказа: 2516 + 400 (доставка) = 2916 р.', 4),
(200, 35, NULL, NULL, NULL, NULL, 'Статус заказа: поступил', 2),
(201, 36, NULL, NULL, NULL, NULL, 'Сумма заказа: 2363 + 400 (доставка) = 2763 р.', 4),
(202, 36, NULL, NULL, NULL, NULL, 'Статус заказа: поступил', 2),
(203, 38, NULL, NULL, NULL, NULL, 'Сумма заказа: 4463 + 400 (доставка) = 4863 р.', 4),
(204, 38, NULL, NULL, NULL, NULL, 'Статус заказа: поступил', 2),
(205, 39, NULL, NULL, NULL, NULL, 'Сумма заказа: 4463 + 400 (доставка) = 4863 р.', 4),
(206, 39, NULL, NULL, NULL, NULL, 'Статус заказа: поступил', 2),
(207, 40, NULL, NULL, NULL, NULL, 'Сумма заказа: 2669 + 400 (доставка) = 3069 р.', 4),
(208, 40, NULL, NULL, NULL, NULL, 'Статус заказа: поступил', 2),
(209, 41, NULL, NULL, NULL, NULL, 'Сумма заказа: 5389 + 400 (доставка) = 5789 р.', 4),
(210, 41, NULL, NULL, NULL, NULL, 'Статус заказа: поступил', 2),
(211, 41, NULL, NULL, NULL, NULL, 'Статус заказа: отменён', 2),
(212, 40, NULL, NULL, NULL, NULL, 'Статус заказа: отменён', 2),
(213, 39, NULL, NULL, NULL, NULL, 'Статус заказа: отменён', 2),
(214, 38, NULL, NULL, NULL, NULL, 'Статус заказа: отменён', 2),
(215, 36, NULL, NULL, NULL, NULL, 'Статус заказа: отменён', 2),
(216, 35, NULL, NULL, NULL, NULL, 'Статус заказа: отменён', 2),
(217, 34, NULL, NULL, NULL, NULL, 'Статус заказа: отменён', 2),
(218, 42, NULL, NULL, NULL, NULL, 'Сумма заказа: 5706 + 700 (доставка) = 6406 р.', 4),
(219, 42, NULL, NULL, NULL, NULL, 'Статус заказа: поступил', 2),
(220, 42, NULL, NULL, NULL, NULL, 'Статус заказа: отменён', 2),
(221, 33, NULL, NULL, NULL, NULL, 'Статус заказа: отменён', 2),
(222, 32, NULL, NULL, NULL, NULL, 'Статус заказа: отменён', 2),
(223, 31, NULL, NULL, NULL, NULL, 'Статус заказа: отменён', 2),
(224, 43, NULL, NULL, NULL, NULL, 'Сумма заказа: 4463 + 400 (доставка) = 4863 р.', 4),
(225, 43, NULL, NULL, NULL, NULL, 'Статус заказа: поступил', 2),
(226, 43, NULL, NULL, NULL, NULL, 'Статус заказа: отменён', 2),
(227, 44, NULL, NULL, NULL, NULL, 'Сумма заказа: 3951 + 400 (доставка) = 4351 р.', 4),
(228, 44, NULL, NULL, NULL, NULL, 'Статус заказа: поступил', 2),
(229, 44, NULL, NULL, NULL, NULL, 'Статус заказа: отменён', 2),
(230, 45, NULL, NULL, NULL, NULL, 'Сумма заказа: 2916 + 400 (доставка) = 3316 р.', 4),
(231, 45, NULL, NULL, NULL, NULL, 'Статус заказа: поступил', 2),
(232, 45, NULL, NULL, NULL, NULL, 'Статус заказа: отменён', 2),
(233, 19, NULL, 27, NULL, '233.JPG', NULL, 1),
(234, 19, NULL, 27, NULL, '234.jpg', NULL, 1),
(235, 19, NULL, 27, NULL, '235.jpg', NULL, 1),
(236, 19, NULL, 27, NULL, '236.jpg', NULL, 1),
(237, 19, NULL, NULL, NULL, NULL, 'Статус заказа: готов', 2),
(238, 19, NULL, 38, NULL, NULL, 'Спасибо, когда отправите?', 1),
(239, 19, NULL, 27, NULL, NULL, 'После доплаты оставшихся 3320 + 400(Почта РФ) = 3720 р. отправим. Завтра будет трек номер отправки.  Реквизиты для оплаты: СБ 5469 9900 1055 4272 Глеб Александрович Ю.', 1),
(240, 19, NULL, 38, NULL, NULL, 'Перевёл ', 1),
(241, 19, NULL, 38, NULL, NULL, 'Рукоятка чем-то  пропитана?', 1),
(242, 19, NULL, 27, NULL, NULL, 'Danish oil', 1),
(243, 19, NULL, 27, NULL, NULL, 'Завтра скинем трек как отправим', 1),
(244, 19, NULL, NULL, NULL, NULL, 'Всего внесено: 5350 р.', 4),
(245, 19, NULL, NULL, NULL, NULL, 'Статус заказа: ожидает отправки', 2),
(246, 19, NULL, NULL, NULL, NULL, 'Статус заказа: отправлен', 2),
(247, 19, NULL, 27, NULL, NULL, 'Трек номер Почты России 60129395071210', 1),
(248, 46, NULL, NULL, NULL, NULL, 'Сумма заказа: 2061 + 400 (доставка) = 2461 р.', 4),
(249, 46, NULL, NULL, NULL, NULL, 'Статус заказа: поступил', 2),
(250, NULL, 2, NULL, NULL, NULL, 'Статус заказа: поступил', 2),
(251, 47, NULL, NULL, NULL, NULL, 'Сумма заказа: 2865 + 400 (доставка) = 3265 р.', 4),
(252, 47, NULL, NULL, NULL, NULL, 'Статус заказа: поступил', 2),
(253, NULL, 3, NULL, NULL, NULL, 'Статус заказа: поступил', 2),
(254, 48, NULL, NULL, NULL, NULL, 'Сумма заказа: 2583 + 400 (доставка) = 2983 р.', 4),
(255, 48, NULL, NULL, NULL, NULL, 'Статус заказа: поступил', 2),
(256, 48, NULL, 27, NULL, NULL, ' Здравствуйте, Григорий! Нож сделаем ко вторнику 11.09.18. к предоплате 775 рублей. Оплата отобразится в этом диалоге. Как будет готов клинок вам скинут его фото и потом всего ножа по готовности. Реквизиты для оплаты: СБ 5469 9900 1055 4272 Глеб Александрович Ю.', 1),
(257, NULL, 3, 27, NULL, NULL, 'Кирилл, здравствуйте. Продублируйте пожалуйста изображение в этот диалог почему то не дошло до нас фото.', 1),
(258, 18, NULL, NULL, NULL, NULL, 'Статус заказа: доставлен на почту', 2),
(259, 47, NULL, NULL, NULL, NULL, 'Сумма заказа: 2965 + 400 (доставка) = 3365 р.', 4),
(260, 47, NULL, 27, NULL, NULL, '+100 р. за темляк', 1),
(261, 47, NULL, 67, NULL, NULL, 'Что такое темляк?', 1),
(262, 47, NULL, 67, NULL, NULL, 'Нужно немного изменить форму ручки', 1),
(263, 47, NULL, 67, NULL, NULL, 'Как это отобразить на макете?', 1),
(264, 47, NULL, 27, NULL, '264.png', 'Под темляк отверстие будет как на этом фото', 1),
(265, 47, NULL, 27, NULL, NULL, 'Форму рукояти можете сменить, оформив новый заказ. Скидку в 5% сохраним.', 1),
(266, 47, NULL, 67, NULL, NULL, 'Можно скрин моего заказа я на нём отредактирую, спасибо.', 1),
(267, 47, NULL, 27, NULL, NULL, 'Сейчас', 1),
(268, 47, NULL, 27, NULL, '268.png', NULL, 1),
(269, 47, NULL, 67, NULL, NULL, 'Это не мой, лезвие не такое', 1),
(270, 47, NULL, 27, NULL, NULL, 'Если вы с телефона нажмите кнопку заказ в правом верхнем углу, там увидите ваш заказ.', 1),
(271, 47, NULL, 27, NULL, NULL, 'возможно произошла ошибка', 1),
(272, 47, NULL, 67, NULL, NULL, 'Это не мой заказ', 1),
(273, 47, NULL, 27, NULL, NULL, 'Подскажите пожалуйста, вы с телефона заказывали или с компьютера?', 1),
(274, 49, NULL, NULL, NULL, NULL, 'Сумма заказа: 3936 + 400 (доставка) = 4336 р.', 4),
(275, 49, NULL, NULL, NULL, NULL, 'Статус заказа: поступил', 2),
(276, 47, NULL, 67, NULL, NULL, 'С телефона, может я не туда сохранил', 1),
(277, 47, NULL, 27, NULL, NULL, 'Возможно, я сейчас попробовал с телефона заказ пришел такой какой нужно.', 1),
(278, 47, NULL, 27, NULL, NULL, 'Приносим извинения, мы недавно запустились на сайте возможны недоработки. Сконструируйте нож по новой этот заказ отменим', 1),
(279, 47, NULL, 67, NULL, NULL, 'Сейчас переделаю', 1),
(280, 50, NULL, NULL, NULL, NULL, 'Сумма заказа: 3951 + 400 (доставка) = 4351 р.', 4),
(281, 50, NULL, NULL, NULL, NULL, 'Статус заказа: поступил', 2),
(282, 50, NULL, NULL, NULL, NULL, 'Статус заказа: отменён', 2),
(283, 49, NULL, NULL, NULL, NULL, 'Статус заказа: отменён', 2),
(284, 51, NULL, NULL, NULL, NULL, 'Сумма заказа: 3951 + 400 (доставка) = 4351 р.', 4),
(285, 51, NULL, NULL, NULL, NULL, 'Статус заказа: поступил', 2),
(286, 51, NULL, NULL, NULL, NULL, 'Статус заказа: отменён', 2),
(287, 48, NULL, NULL, NULL, NULL, 'Всего внесено: 775 р.', 4),
(288, 48, NULL, NULL, NULL, NULL, 'Дней на заказ: 9', 4),
(289, 48, NULL, NULL, NULL, NULL, 'Статус заказа: подтвержден', 2),
(290, 48, NULL, NULL, NULL, NULL, 'Всего внесено: 810 р.', 4),
(291, 21, NULL, 27, NULL, NULL, 'У нас кузнец приболел, на 2 дня позже сделаем, соответственно вам будет скидка за каждый просроченный день +5%', 1),
(292, 23, NULL, 27, NULL, NULL, 'У нас кузнец приболел, на 2 дня позже сделаем, соответственно вам будет скидка за каждый просроченный день +5%', 1),
(293, 47, NULL, NULL, NULL, NULL, 'Статус заказа: отменён', 2),
(294, 52, NULL, NULL, NULL, NULL, 'Сумма заказа: 3204 + 400 (доставка) = 3604 р.', 4),
(295, 52, NULL, NULL, NULL, NULL, 'Статус заказа: поступил', 2),
(296, 52, NULL, 27, NULL, '296.png', 'теперь все так?', 1),
(297, 52, NULL, 67, NULL, NULL, 'да,то что хотел', 1),
(298, 52, NULL, 27, NULL, NULL, 'Темляк добавляем?', 1),
(299, 52, NULL, 67, NULL, NULL, 'конечно', 1),
(300, 52, NULL, NULL, NULL, NULL, 'Сумма заказа: 3304 + 400 (доставка) = 3704 р.', 4),
(301, 52, NULL, 67, NULL, NULL, 'на карту 1000 хватит', 1),
(302, 52, NULL, 27, NULL, NULL, 'К предоплате 990', 1),
(303, 52, NULL, 27, NULL, NULL, 'Сбербанк 5469 9900 1055 4272 Глеб Александрович Ю.', 1),
(304, 52, NULL, 27, NULL, NULL, 'Сделаем к 11.09.18', 1),
(305, 52, NULL, 67, NULL, NULL, 'завтра утром закину', 1),
(306, 52, NULL, 27, NULL, NULL, 'Хорошо. Отпишем вам смс что дошли и тут  в диалоге отобразится', 1),
(307, 52, NULL, 67, NULL, NULL, 'хорошего вечера', 1),
(308, 52, NULL, 27, NULL, NULL, 'Вам тоже)', 1),
(309, 52, NULL, 27, NULL, NULL, 'Ах да чуть не забыли скидку в +5%.', 1),
(310, 52, NULL, NULL, NULL, NULL, 'Сумма заказа: 3130 + 400 (доставка) = 3530 р.', 4),
(311, 23, NULL, 42, NULL, NULL, 'Принято', 1),
(312, 53, NULL, NULL, NULL, NULL, 'Сумма заказа: 3766 + 400 (доставка) = 4166 р.', 4),
(313, 53, NULL, NULL, NULL, NULL, 'Статус заказа: поступил', 2),
(314, 53, NULL, NULL, NULL, NULL, 'Статус заказа: отменён', 2),
(315, 54, NULL, NULL, NULL, NULL, 'Сумма заказа: 3951 + 700 (доставка) = 4651 р.', 4),
(316, 54, NULL, NULL, NULL, NULL, 'Статус заказа: поступил', 2),
(317, 54, NULL, NULL, NULL, NULL, 'Статус заказа: отменён', 2),
(318, 55, NULL, NULL, NULL, NULL, 'Сумма заказа: 3960 + 400 (доставка) = 4360 р.', 4),
(319, 55, NULL, NULL, NULL, NULL, 'Статус заказа: поступил', 2),
(320, 55, NULL, 27, NULL, NULL, 'Сейчас скидку добавим', 1),
(321, 55, NULL, NULL, NULL, NULL, 'Сумма заказа: 3740 + 400 (доставка) = 4140 р.', 4),
(322, 55, NULL, 27, NULL, NULL, 'Сделаем нож к 11.09.18', 1),
(323, 55, NULL, 27, NULL, NULL, 'К предоплате 1120р. Сбербанк 5469 9900 1055 4272 Глеб Александрович Ю', 1),
(324, 55, NULL, 27, NULL, NULL, 'Как оплатите внесенная сумма отобразится тут в диалоге', 1),
(325, 55, NULL, 71, NULL, NULL, 'Сейчас оплачу', 1),
(326, 52, NULL, NULL, NULL, NULL, 'Всего внесено: 1000 р.', 4),
(327, 55, NULL, NULL, NULL, NULL, 'Всего внесено: 1120 р.', 4),
(328, 55, NULL, NULL, NULL, NULL, 'Дней на заказ: 9', 4),
(329, 55, NULL, NULL, NULL, NULL, 'Статус заказа: подтвержден', 2),
(330, 55, NULL, 27, NULL, NULL, 'Как начнем изготовление клинка будет статус изготавливается. По готовности клинка скинем фото', 1),
(331, 55, NULL, 27, NULL, NULL, 'Потом соответственно как нож будет готов будет тоже фотоотчёт', 1),
(332, 55, NULL, 27, NULL, NULL, 'Пока можете заполнить в профиле свой адрес слева в колонке для отправки', 1),
(333, 52, NULL, NULL, NULL, NULL, 'Статус заказа: подтвержден', 2),
(334, 52, NULL, NULL, NULL, NULL, 'Дней на заказ: 9', 4),
(335, 56, NULL, NULL, NULL, NULL, 'Сумма заказа: 3341 + 400 (доставка) = 3741 р.', 4),
(336, 56, NULL, NULL, NULL, NULL, 'Статус заказа: поступил', 2),
(337, 56, NULL, NULL, NULL, NULL, 'Статус заказа: отменён', 2),
(338, 57, NULL, NULL, NULL, NULL, 'Сумма заказа: 3341 + 400 (доставка) = 3741 р.', 4),
(339, 57, NULL, NULL, NULL, NULL, 'Статус заказа: поступил', 2),
(340, 57, NULL, NULL, NULL, NULL, 'Статус заказа: отменён', 2),
(341, 58, NULL, NULL, NULL, NULL, 'Сумма заказа: 4059 + 400 (доставка) = 4459 р.', 4),
(342, 58, NULL, NULL, NULL, NULL, 'Статус заказа: поступил', 2),
(343, 58, NULL, 72, NULL, NULL, 'Как оплатить?', 1),
(344, 58, NULL, 27, NULL, NULL, 'Здравствуйте', 1),
(345, 58, NULL, 72, NULL, NULL, 'Здравствуйте', 1),
(346, 58, NULL, 27, NULL, NULL, 'Сейчас сбросим реквизиты', 1),
(347, 58, NULL, 72, NULL, NULL, 'Хорошо', 1),
(348, 58, NULL, 27, NULL, NULL, ' Реквизиты для оплаты: СБ 5469 9900 1055 4272 Глеб Александрович Ю.', 1),
(349, 58, NULL, 27, NULL, NULL, '1215 р. к предоплате', 1),
(350, 58, NULL, 27, NULL, NULL, 'Сделаем за 10 дней', 1),
(351, 58, NULL, 72, NULL, NULL, 'Глеб перевёл всю сумму полностью', 1),
(352, 58, NULL, 72, NULL, NULL, 'Надеюсь качество мне понравится', 1),
(353, 58, NULL, 27, NULL, NULL, ')', 1),
(354, 58, NULL, 27, NULL, NULL, 'По готовности клинка, сюда сбросим фото', 1),
(355, 58, NULL, 27, NULL, NULL, 'Потом соответственно готового ножа и ножен', 1),
(356, 58, NULL, 72, NULL, NULL, 'Просто я себе клинок под финку нквд заказывал пришло такое что мне его только выкинуть остаётся! Вот на свой страх и риск заказал у вас первый нож. Понравится заказывать каждые пол года буду.', 1),
(357, 58, NULL, 72, NULL, NULL, 'Хорошо буду ждать, спасибо', 1),
(358, 58, NULL, NULL, NULL, NULL, 'Всего внесено: 4459 р.', 4),
(359, 58, NULL, NULL, NULL, NULL, 'Дней на заказ: 10', 4),
(360, 58, NULL, NULL, NULL, NULL, 'Статус заказа: подтвержден', 2),
(361, 58, NULL, 27, NULL, NULL, 'Оповестим как будет готов клинок смс и по почте', 1),
(362, 58, NULL, 72, NULL, NULL, 'Ок', 1),
(363, 23, NULL, 27, NULL, NULL, 'Приносим извинения, к сожалению стоунвош сделать не получилось на этой стали. Есть два варианта решения: либо мы вам возвращаем вам предоплату (напишите реквизиты куда отправить деньги), либо нож будет с сатином тогда вам не нужно будет вносить оставшуюся плату за нож, вам останется оплатить только доставку', 1),
(364, 21, NULL, NULL, NULL, NULL, 'Сумма заказа: 3633 + 400 (доставка) = 4033 р.', 4),
(365, 19, NULL, NULL, NULL, NULL, 'Статус заказа: доставлен на почту', 2),
(366, 18, NULL, NULL, NULL, NULL, 'Статус заказа: доставлен', 2),
(367, 19, NULL, 27, NULL, NULL, 'Мы неправильно выставили вам сумму на доплату ножа, забыли учесть надбавку в 500р за навершие из латуни, Переведите пожалуста 500 р. Сбербанк 5469 9900 1055 4272 Глеб Александрович Ю.', 1),
(368, 19, NULL, NULL, NULL, NULL, 'Всего внесено: 5850 р.', 4),
(369, 18, NULL, 37, NULL, NULL, 'Получил. Спасибо.', 1),
(370, 18, NULL, NULL, NULL, NULL, 'Статус заказа: выполнен', 2),
(371, 23, NULL, 42, NULL, NULL, 'Пусть будет сатин', 1),
(372, 23, NULL, 42, NULL, NULL, 'И конечно пусть будет нож! :-)', 1),
(373, 23, NULL, 42, NULL, NULL, 'Я прекрасно понимаю ваши трудности, не волнуйтесь.', 1),
(374, 23, NULL, 42, NULL, NULL, 'И ещё: вы напрасно не развиваете свой аккаунт в Инстаграм,я мог бы вас неплохо пропиарить в своём аккаунте @vk_paracordstyle', 1),
(375, 59, NULL, NULL, NULL, NULL, 'Сумма заказа: 4995 + 400 (доставка) = 5395 р.', 4),
(376, 59, NULL, NULL, NULL, NULL, 'Статус заказа: поступил', 2),
(377, 23, NULL, 27, NULL, NULL, 'Хорошо. Времени нет пока нас 2 человека)', 1),
(378, 60, NULL, NULL, NULL, NULL, 'Сумма заказа: 4770 + 400 (доставка) = 5170 р.', 4),
(379, 60, NULL, NULL, NULL, NULL, 'Статус заказа: поступил', 2),
(380, NULL, 4, NULL, NULL, NULL, 'Статус заказа: поступил', 2),
(381, NULL, 4, 27, NULL, NULL, 'Здравствуйте', 1),
(382, NULL, 4, 27, NULL, NULL, 'Рукоять из такого материала не сделаем, пока работаем только с деревом', 1),
(383, 23, NULL, 42, NULL, NULL, 'Москва тоже не сразу строилась ;-)', 1),
(384, NULL, 4, 75, NULL, NULL, 'Спасибо, тогда вопрос снят.', 1),
(385, NULL, 4, NULL, NULL, NULL, 'Статус заказа: отменён', 2),
(386, 21, NULL, NULL, NULL, NULL, 'Сумма заказа: 3440 + 400 (доставка) = 3840 р.', 4),
(387, 17, NULL, NULL, NULL, NULL, 'Статус заказа: выполнен', 2),
(388, 9, NULL, NULL, NULL, NULL, 'Статус заказа: отменён', 2),
(389, 20, NULL, NULL, NULL, NULL, 'Статус заказа: отменён', 2),
(390, 59, NULL, NULL, NULL, NULL, 'Всего внесено: 1500 р.', 4),
(391, 59, NULL, NULL, NULL, NULL, 'Дней на заказ: 14', 4),
(392, 59, NULL, NULL, NULL, NULL, 'Статус заказа: подтвержден', 2),
(393, 23, NULL, 27, NULL, NULL, 'Это да)', 1),
(394, 23, NULL, 27, NULL, '394.jpg', 'Ножны сегодня доделаем завтра отправляем', 1),
(395, 23, NULL, NULL, NULL, NULL, 'Статус заказа: готов', 2),
(396, 23, NULL, 42, NULL, NULL, 'Большое спасибо Сколько денег перевести?', 1),
(397, 23, NULL, 27, NULL, NULL, '400р за отправку Реквизиты для оплаты: СБ 5469 9900 1055 4272 Глеб Александрович Ю.', 1),
(398, 23, NULL, 27, NULL, NULL, 'завтра трек номер дадим', 1),
(399, 23, NULL, NULL, NULL, NULL, 'Сумма заказа: 640 + 400 (доставка) = 1040 р.', 4),
(400, 23, NULL, NULL, NULL, NULL, 'Всего внесено: 1040 р.', 4),
(401, 23, NULL, 27, NULL, NULL, 'Что то вам с нами повезло, мы спуски плоские сделали(', 1),
(402, 23, NULL, 42, NULL, NULL, 'Я заметил.Без претензий ))', 1),
(403, 60, NULL, 27, NULL, NULL, 'Здравствуйте, Анвар. Нож сделаем к 19.09.18. к предоплате 1430 рублей. Оплата отобразится в этом диалоге. Как будет готов клинок вам скинут его фото и потом всего ножа по готовности. Реквизиты для оплаты: СБ 5469 9900 1055 4272 Глеб Александрович Ю.', 1),
(404, 21, NULL, 27, NULL, '404.jpg', NULL, 1),
(405, 21, NULL, 27, NULL, '405.jpg', NULL, 1),
(406, 21, NULL, 27, NULL, '406.jpg', NULL, 1),
(407, 21, NULL, NULL, NULL, NULL, 'Статус заказа: готов', 2),
(408, 21, NULL, 27, NULL, NULL, 'Оплачиваете оставшуюся сумму в 2640 р., мы отправляем нож вам. Реквизиты для оплаты: СБ 5469 9900 1055 4272 Глеб Александрович Ю.', 1),
(409, 61, NULL, NULL, NULL, NULL, 'Сумма заказа: 3564 + 400 (доставка) = 3964 р.', 4),
(410, 61, NULL, NULL, NULL, NULL, 'Статус заказа: поступил', 2),
(411, 61, NULL, NULL, NULL, NULL, 'Статус заказа: отменён', 2),
(412, 21, NULL, NULL, NULL, NULL, 'Всего внесено: 3840 р.', 4),
(413, 21, NULL, NULL, NULL, NULL, 'Статус заказа: ожидает отправки', 2),
(414, 62, NULL, NULL, NULL, NULL, 'Сумма заказа: 2979 + 400 (доставка) = 3379 р.', 4),
(415, 62, NULL, NULL, NULL, NULL, 'Статус заказа: поступил', 2),
(416, 62, NULL, 27, NULL, NULL, 'Хорошо', 1),
(417, 63, NULL, NULL, NULL, NULL, 'Сумма заказа: 3766 + 400 (доставка) = 4166 р.', 4),
(418, 63, NULL, NULL, NULL, NULL, 'Статус заказа: поступил', 2),
(419, 63, NULL, 77, NULL, NULL, 'jgf', 1),
(420, 63, NULL, NULL, NULL, NULL, 'Статус заказа: отменён', 2),
(421, 52, NULL, 27, NULL, NULL, 'Вам нужно только отверстие под темляк или сама веревка тоже?', 1),
(422, 19, NULL, NULL, NULL, NULL, 'Статус заказа: выполнен', 2),
(423, 64, NULL, NULL, NULL, NULL, 'Сумма заказа: 3654 + 400 (доставка) = 4054 р.', 4),
(424, 64, NULL, NULL, NULL, NULL, 'Статус заказа: поступил', 2),
(425, 64, NULL, NULL, NULL, NULL, 'Статус заказа: отменён', 2),
(426, 65, NULL, NULL, NULL, NULL, 'Сумма заказа: 2890 + 400 (доставка) = 3290 р.', 4),
(427, 65, NULL, NULL, NULL, NULL, 'Статус заказа: поступил', 2),
(428, 65, NULL, NULL, NULL, NULL, 'Статус заказа: отменён', 2),
(429, 23, NULL, 27, NULL, NULL, 'Сейчас трек скинем', 1),
(430, 23, NULL, 27, NULL, NULL, '60180016633972', 1),
(431, 23, NULL, NULL, NULL, NULL, 'Статус заказа: отправлен', 2),
(432, 21, NULL, NULL, NULL, NULL, 'Статус заказа: отправлен', 2),
(433, 21, NULL, 27, NULL, NULL, '60180016633989', 1),
(434, 23, NULL, 42, NULL, NULL, 'Спасибо', 1),
(435, 66, NULL, NULL, NULL, NULL, 'Сумма заказа: 3510 + 400 (доставка) = 3910 р.', 4),
(436, 66, NULL, NULL, NULL, NULL, 'Статус заказа: поступил', 2),
(437, 66, NULL, NULL, NULL, NULL, 'Статус заказа: отменён', 2),
(438, 58, NULL, 72, NULL, NULL, 'Здравствуйте глеб. Хотел спросить, а как будут производить заточку лезвия? От самого тыльника? Или чуть отступят?', 1),
(439, 58, NULL, 1, NULL, NULL, 'Да отступ будет, в сантиметр', 1),
(440, 58, NULL, 1, NULL, '440.jpg', 'Как тут примерно', 1),
(441, 58, NULL, 72, NULL, NULL, 'Отлично спасибо', 1),
(442, 67, NULL, NULL, NULL, NULL, 'Сумма заказа: 2100 + 400 (доставка) = 2500 р.', 4),
(443, 67, NULL, NULL, NULL, NULL, 'Статус заказа: поступил', 2),
(444, 55, NULL, 71, NULL, NULL, 'Здравствуйте. Как там поживает мой нож？', 1),
(445, 55, NULL, 1, NULL, NULL, 'Здравствуйте, вот только начали изготавливать, завтра - послезавтра будут фотки клинка готового', 1),
(446, 55, NULL, NULL, NULL, NULL, 'Статус заказа: изготавливается', 2),
(447, 58, NULL, NULL, NULL, NULL, 'Статус заказа: изготавливается', 2),
(448, 52, NULL, NULL, NULL, NULL, 'Статус заказа: изготавливается', 2),
(449, 48, NULL, NULL, NULL, NULL, 'Статус заказа: изготавливается', 2),
(450, 52, NULL, 67, NULL, NULL, 'Темляк не нужен', 1),
(451, 52, NULL, 27, NULL, NULL, 'отверстие нужно, да?', 1),
(452, 52, NULL, 27, NULL, NULL, 'Делаем только отверстие без самого темляка', 1),
(453, 68, NULL, NULL, NULL, NULL, 'Сумма заказа: 2967 + 400 (доставка) = 3367 р.', 4),
(454, 68, NULL, NULL, NULL, NULL, 'Статус заказа: поступил', 2),
(455, 55, NULL, 27, NULL, '455.jpg', 'Вы не такие следы ковки имеете ввиду? Если нет то скиньте пожалуйста какие нужно сделать', 1),
(456, 68, NULL, NULL, NULL, NULL, 'Всего внесено: 890 р.', 4),
(457, 68, NULL, NULL, NULL, NULL, 'Дней на заказ: 14', 4),
(458, 68, NULL, NULL, NULL, NULL, 'Статус заказа: подтвержден', 2),
(459, NULL, 5, NULL, NULL, NULL, 'Статус заказа: поступил', 2),
(460, 58, NULL, 27, NULL, '460.jpg', NULL, 1),
(461, 52, NULL, 27, NULL, '461.jpg', NULL, 1),
(462, 52, NULL, 67, NULL, NULL, 'Моя прелесть))))', 1),
(463, 52, NULL, 27, NULL, NULL, '))', 1),
(464, NULL, 5, 27, NULL, NULL, 'Насчет длины рукояти можно уточнить? Вам 1 такой нож нужен?', 1),
(465, 67, NULL, NULL, NULL, NULL, 'Всего внесено: 1000 р.', 4),
(466, 67, NULL, NULL, NULL, NULL, 'Статус заказа: подтвержден', 2),
(467, 67, NULL, NULL, NULL, NULL, 'Дней на заказ: 12', 4),
(468, NULL, 5, 82, NULL, NULL, 'Добрый день Глеб!Размер рукояти,примерно 100-110 мм.Нож нужен один.', 1),
(469, NULL, 5, 27, NULL, '469.jpg', 'Именно с таким больстером (про форму речь) выйдет 4000 вместе с ножнами. Если же брать больстер как у нас на фото то 3000р.', 1),
(470, NULL, 5, 82, NULL, NULL, 'Могу ли я заказать Вам только клинок такой формы?', 1),
(471, NULL, 5, 27, NULL, NULL, '1250 р выйдет', 1),
(472, NULL, 5, 82, NULL, NULL, 'Отлично!', 1),
(473, NULL, 5, 27, NULL, NULL, 'Вам обух сколько нужен?', 1),
(474, NULL, 5, 82, NULL, NULL, '2,5-3,0 мм', 1),
(475, NULL, 5, 27, NULL, NULL, '3 сделаем', 1),
(476, NULL, 5, 82, NULL, NULL, 'Хорошо!Оформим заказ?', 1),
(477, NULL, 5, 27, NULL, NULL, 'Так еще вопрос хвостовик вам под какой монтаж?', 1),
(478, NULL, 5, 82, NULL, NULL, 'Всадной,длина ,примерно,40 мм', 1),
(479, NULL, 5, 27, NULL, NULL, 'К 20 числу сделаем', 1),
(480, NULL, 5, 27, NULL, NULL, 'Реквизиты для оплаты: СБ 5469 9900 1055 4272 Глеб Александрович Ю.', 1),
(481, NULL, 5, 27, NULL, NULL, 'Предоплата у нас 30% = 375р', 1),
(482, NULL, 5, 82, NULL, NULL, 'Спасибо!Сбербанк онлайн можно?', 1),
(483, NULL, 5, 27, NULL, NULL, 'да конечно', 1),
(484, NULL, 5, 82, NULL, NULL, 'Переведу всю сумму сразу?', 1),
(485, NULL, 5, 27, NULL, NULL, 'Как вам удобно, можно', 1),
(486, NULL, 5, 27, NULL, NULL, 'И последний вопрос вам заточить клинок?', 1),
(487, NULL, 5, 82, NULL, NULL, 'Да и сделайте хврстовик чуть длиннее,примерно 60 мм и шириной 8 мм,хочу мозаичный пин вставить 6 мм.', 1),
(488, NULL, 5, 82, NULL, NULL, 'Оплату прошла?', 1),
(489, NULL, 5, 27, NULL, NULL, 'Да пришла', 1),
(490, NULL, 5, 27, NULL, NULL, 'Все что сказали сделаем', 1),
(491, NULL, 5, NULL, NULL, NULL, 'Сумма заказа: 1250 + 400 (доставка) = 1650 р.', 4),
(492, NULL, 5, NULL, NULL, NULL, 'Всего внесено: 1250 р.', 4),
(493, NULL, 5, NULL, NULL, NULL, 'Дней на заказ: 12', 4),
(494, NULL, 5, 27, NULL, NULL, 'Пока в моем профиле слева в колонке заполните данные для отправки', 1),
(495, NULL, 5, 27, NULL, NULL, 'И да забыли про доставку сказать, Почта РФ 400р', 1),
(496, NULL, 5, 82, NULL, NULL, 'Доставку сразу оплатить или при получении?', 1),
(497, NULL, 5, 27, NULL, NULL, 'Сразу', 1),
(498, NULL, 5, 82, NULL, NULL, 'Отправил!А твёрдость клинка  какая будет?', 1),
(499, NULL, 5, NULL, NULL, NULL, 'Всего внесено: 1650 р.', 4),
(500, NULL, 5, 27, NULL, NULL, 'Применрно 57-58 HRC получается из 95х18', 1),
(501, NULL, 5, 82, NULL, NULL, 'Отлично!', 1),
(502, 58, NULL, 72, NULL, NULL, 'Ну выресовывается что то', 1),
(503, NULL, 6, NULL, NULL, NULL, 'Статус заказа: поступил', 2),
(504, 58, NULL, 72, NULL, NULL, 'Глеб скажи пожалуйсто я получу заказ до 19 сентября?', 1),
(505, 58, NULL, 27, NULL, NULL, 'Впринципе, да, но может и нет. До Москвы 5-7 дней идет', 1),
(506, NULL, 6, 27, NULL, NULL, 'Здравствуйте, Дмитрий. Нож на рисунке (из за развитого упора у рукояти) - холодное оружие, мы не сможем такой сделать', 1),
(507, 58, NULL, 72, NULL, NULL, 'Ну вы посторайтесь ребят, хотелось бы получить свой подарак вовремя', 1),
(508, 58, NULL, 72, NULL, NULL, 'Ну не получится я не обижусь', 1),
(509, 58, NULL, 27, NULL, NULL, 'Хорошо', 1),
(510, 52, NULL, 67, NULL, NULL, 'День добрый, фоток больше не будет?)))', 1),
(511, 52, NULL, 27, NULL, NULL, 'Потом уже готовый) Сами бы рады больше делать времени у кузнеца не хватает', 1),
(512, NULL, 5, 82, NULL, NULL, 'Добрый вечер,Глеб!Если возможно,не надо клейма или других надписей.Спасибо!', 1),
(513, 48, NULL, 69, NULL, NULL, 'На сколько помню ко вторнику обещали сделать', 1),
(514, 48, NULL, 27, NULL, NULL, 'Да все так и есть сегодня будет фото.', 1),
(515, 48, NULL, 27, NULL, NULL, 'Клинок фото через пол часа - час будет. К вечеру весь нож', 1),
(516, NULL, 5, 27, NULL, NULL, 'Здравствуйте, да их и не будет', 1),
(517, 48, NULL, 69, NULL, NULL, 'Ок', 1),
(518, 48, NULL, 27, NULL, '518.jpg', 'Ваш клинок', 1),
(519, 48, NULL, 27, NULL, NULL, 'Темно сейчас в кузнице, извиняемся за качество', 1),
(520, 48, NULL, 27, NULL, NULL, 'фото*', 1),
(521, 48, NULL, 69, NULL, NULL, 'Отлично, только отверстие под веревочку не забудьте пожалуста', 1),
(522, 60, NULL, NULL, NULL, NULL, 'Статус заказа: отменён', 2),
(523, 48, NULL, 27, NULL, NULL, 'Сегодня нож не будет готов. Завтра в 11-12 часов скидку в 5% за задержку даем', 1),
(524, 48, NULL, NULL, NULL, NULL, 'Сумма заказа: 2683 + 400 (доставка) = 3083 р.', 4),
(525, 48, NULL, 27, NULL, NULL, 'За темляк добавили +100', 1),
(526, 48, NULL, NULL, NULL, NULL, 'Сумма заказа: 2550 + 400 (доставка) = 2950 р.', 4),
(527, 48, NULL, 27, NULL, NULL, 'Скидка в 5%', 1),
(528, 48, NULL, 69, NULL, NULL, 'ножны в комплект входят?', 1),
(529, 48, NULL, 27, NULL, NULL, 'да', 1),
(530, 68, NULL, 81, NULL, NULL, 'Смотрел фото готовых ножей на сайте и в группе ВК, сильно удивился, что на всех клинках отсутствует клеймо мастерской. Дизайн названия Вятич смотрится неплохо, если его перенести на клинки - получился бы дополнительный пиар ход) ну это так... Мысли вслух)', 1),
(531, 68, NULL, 27, NULL, NULL, 'Да мы так и хотим в дальнейшем, пока нет подходящего оборудования, чтобы быстро и качественно сделать клеймо', 1),
(532, 23, NULL, NULL, NULL, NULL, 'Статус заказа: доставлен на почту', 2),
(533, 58, NULL, 72, NULL, NULL, 'Глеб ну как там стадия готовности', 1),
(534, 48, NULL, 27, NULL, '534.jpg', NULL, 1),
(535, 48, NULL, NULL, NULL, NULL, 'Статус заказа: готов', 2),
(536, 58, NULL, 27, NULL, NULL, 'Сегодня вечером будет готов', 1),
(537, 48, NULL, 27, NULL, NULL, '2140росталось доплатить и мы отправляем Реквизиты для оплаты: СБ 5469 9900 1055 4272 Глеб Александрович Ю.', 1),
(538, 52, NULL, 27, NULL, NULL, 'Возможно будет задержка на 1 день. Скидку в 5% в таком случае дадим', 1),
(539, 52, NULL, 67, NULL, NULL, 'А когда будет готовый?', 1),
(540, 52, NULL, 27, NULL, NULL, 'если с задержкой получится то завтра', 1),
(541, 52, NULL, 67, NULL, NULL, 'Скидка, это приятно)))', 1),
(542, 58, NULL, 27, NULL, NULL, 'или завтра утром', 1),
(543, 58, NULL, 27, NULL, '543.jpg', NULL, 1),
(544, 58, NULL, NULL, NULL, NULL, 'Статус заказа: готов', 2),
(545, 52, NULL, NULL, NULL, NULL, 'Сумма заказа: 2970 + 400 (доставка) = 3370 р.', 4),
(546, 52, NULL, 27, NULL, NULL, 'Скидка в 5%', 1),
(547, 48, NULL, NULL, NULL, NULL, 'Всего внесено: 2950 р.', 4),
(548, 48, NULL, 27, NULL, NULL, 'Оплата прошла, сегодня отправляем', 1),
(549, 48, NULL, 27, NULL, NULL, 'Трек номер почты сбросим сюда, смс напишем как отправим', 1),
(550, 48, NULL, 27, NULL, NULL, 'Только вопрос 1', 1),
(551, 48, NULL, 27, NULL, NULL, 'У вас фамилия указана как \"п\"', 1),
(552, 48, NULL, 27, NULL, NULL, 'В \"моём профиле\" слева в колонке можете исправить', 1),
(553, 58, NULL, 72, NULL, NULL, 'Спасибо глеб. когда отправите?', 1),
(554, 58, NULL, 27, NULL, NULL, 'Сегодня', 1),
(555, 58, NULL, 27, NULL, NULL, 'Будет трек номер', 1),
(556, 58, NULL, 27, NULL, NULL, 'Напишем смс как отправим', 1),
(557, 58, NULL, 72, NULL, NULL, 'Ок', 1),
(558, 48, NULL, 27, NULL, NULL, 'Всё ок, видим фамилию', 1),
(559, 52, NULL, 67, NULL, NULL, 'Спасибо))) когда отправка?', 1),
(560, 52, NULL, 27, NULL, NULL, 'Если сегодня до 16:00 успеем сделать то сегодня, если нет то завтра', 1),
(561, 58, NULL, NULL, NULL, NULL, 'Статус заказа: ожидает отправки', 2),
(562, 48, NULL, NULL, NULL, NULL, 'Статус заказа: ожидает отправки', 2),
(563, 23, NULL, NULL, NULL, NULL, 'Статус заказа: доставлен', 2),
(564, 52, NULL, 67, NULL, NULL, 'Фото перед отправкой , пожалуйста))', 1),
(565, 52, NULL, 27, NULL, NULL, 'да естественно', 1),
(566, 48, NULL, 69, NULL, NULL, 'Способ доставки поменять уже поздно?', 1),
(567, 48, NULL, 27, NULL, NULL, 'Ems у нас еще есть', 1),
(568, 48, NULL, 27, NULL, NULL, 'можно поменять', 1),
(569, 48, NULL, 27, NULL, NULL, 'У нас город маленький транспортных компании нет', 1),
(570, 48, NULL, 69, NULL, NULL, 'это быстрее?', 1),
(571, 48, NULL, 27, NULL, NULL, 'да но дороже на 300р', 1),
(572, 48, NULL, 69, NULL, NULL, 'Деньги перевёл.', 1),
(573, 48, NULL, 69, NULL, NULL, 'Сколько примерно время доставки, и куда доставят?', 1),
(574, 48, NULL, NULL, NULL, NULL, 'Сумма заказа: 2550 + 700 (доставка) = 3250 р.', 4),
(575, 48, NULL, NULL, NULL, NULL, 'Всего внесено: 3250 р.', 4),
(576, 48, NULL, 27, NULL, NULL, 'Сейчас подскажем', 1),
(577, 48, NULL, 27, NULL, NULL, '4-6 дней', 1),
(578, 48, NULL, 27, NULL, NULL, 'Сейчас фото ножа покрасивше скинем', 1),
(579, 48, NULL, 27, NULL, '579.jpg', NULL, 1),
(580, 48, NULL, 27, NULL, '580.jpg', NULL, 1),
(581, 48, NULL, 69, NULL, NULL, 'Выглядит ОЧЕНЬ', 1),
(582, 48, NULL, 27, NULL, NULL, ')', 1),
(583, 48, NULL, 27, NULL, NULL, 'Не успеет сегодня кузнец, завтра с утра отправим', 1),
(584, 58, NULL, 27, NULL, NULL, 'Не успеет сегодня кузнец, завтра с утра отправим', 1),
(585, 48, NULL, 69, NULL, NULL, 'Добро', 1),
(586, 58, NULL, 72, NULL, NULL, 'Хорошо Глеб ;', 1),
(587, 48, NULL, 27, NULL, NULL, 'через пол часа идем отправлять', 1),
(588, 58, NULL, NULL, NULL, NULL, 'Статус заказа: отправлен', 2),
(589, 58, NULL, 27, NULL, NULL, 'Трек номер почты РФ 60180016613240', 1),
(590, 48, NULL, NULL, NULL, NULL, 'Статус заказа: отправлен', 2),
(591, 48, NULL, 27, NULL, NULL, 'трек номер EMS ED024270988RU', 1),
(592, 48, NULL, 27, NULL, NULL, 'Отслеживать на сайте https://www.pochta.ru/tracking', 1),
(593, 48, NULL, 69, NULL, NULL, 'Спасибо, слежу', 1),
(594, 52, NULL, 27, NULL, NULL, 'Ваш задержится еще на день-два, скидку еще дадим', 1),
(595, 55, NULL, 27, NULL, NULL, 'Ваш нож задержится еще на день-два, скидку за задержку дадим', 1),
(596, 52, NULL, 67, NULL, NULL, 'Печалька', 1),
(597, 58, NULL, 72, NULL, NULL, 'Спасибо глеб', 1),
(598, NULL, 6, NULL, NULL, NULL, 'Статус заказа: отменён', 2),
(599, 23, NULL, NULL, NULL, NULL, 'Статус заказа: выполнен', 2),
(600, 52, NULL, 27, NULL, '600.jpg', NULL, 1),
(601, 52, NULL, 27, NULL, '601.jpg', NULL, 1),
(602, 52, NULL, 27, NULL, '602.jpg', NULL, 1),
(603, 52, NULL, NULL, NULL, NULL, 'Статус заказа: готов', 2),
(604, 52, NULL, NULL, NULL, NULL, 'Сумма заказа: 2820 + 400 (доставка) = 3220 р.', 4),
(605, 52, NULL, 27, NULL, NULL, 'Доплачиваете 2220, и мы отправляем Сбербанк 5469 9900 1055 4272 Глеб Александрович Ю.', 1),
(606, 69, NULL, NULL, NULL, NULL, 'Сумма заказа: 4986 + 400 (доставка) = 5386 р.', 4),
(607, 69, NULL, NULL, NULL, NULL, 'Статус заказа: поступил', 2),
(608, 52, NULL, NULL, NULL, NULL, 'Всего внесено: 3220 р.', 4),
(609, 52, NULL, NULL, NULL, NULL, 'Статус заказа: ожидает отправки', 2),
(610, 69, NULL, NULL, NULL, NULL, 'Сумма заказа: 5086 + 400 (доставка) = 5486 р.', 4),
(611, 69, NULL, NULL, NULL, NULL, 'Всего внесено: 1525 р.', 4),
(612, 69, NULL, NULL, NULL, NULL, 'Дней на заказ: 14', 4),
(613, 69, NULL, NULL, NULL, NULL, 'Статус заказа: подтвержден', 2),
(614, 69, NULL, 27, NULL, NULL, 'темляк (напоминание для нас)', 1),
(615, 62, NULL, 42, NULL, NULL, 'Получил заказ 23, оттестировал в полевых условиях.Снимаю свой заказ 62.Надо искать другую сталь или термичку лучше,по моим запросом мягковата.', 1),
(616, 62, NULL, 27, NULL, NULL, 'хорошо', 1),
(617, 59, NULL, NULL, NULL, NULL, 'Статус заказа: изготавливается', 2),
(618, 59, NULL, 27, NULL, '618.jpg', NULL, 1),
(619, 59, NULL, 27, NULL, '619.jpg', NULL, 1),
(620, 59, NULL, 73, NULL, NULL, 'Отверстие под темляк и отлично! Доделывайте. Спасибо.', 1),
(621, 59, NULL, 27, NULL, NULL, 'А мы разве обговаривали темляк?', 1),
(622, 59, NULL, 27, NULL, NULL, 'Повезло, что нож еще на закалили, сделаем темляк будет +100 рублей', 1),
(623, 59, NULL, NULL, NULL, NULL, 'Сумма заказа: 5095 + 400 (доставка) = 5495 р.', 4),
(624, 55, NULL, 71, NULL, NULL, 'Хорошо. Сделайте только грамотно. Здесь столько видео насмотреля, что ножи делают херовые, откровенно говоря. Не у вас конкретно. Садятся через пару резов. Надеюсь на ваше качество.', 1),
(625, 59, NULL, 73, NULL, NULL, 'Не темляк. Отверстие. Делайте. И спасибо еще раз!', 1),
(626, 59, NULL, 27, NULL, NULL, 'ну да это и имели ввиду', 1),
(627, 48, NULL, 69, NULL, NULL, 'Нож получил. Большое Спасибо! Получился даже лучше чем думал.', 1),
(628, 68, NULL, 81, NULL, NULL, 'Насколько я помню, х12 подвержена потемнению в кислой среде. Чем посоветуете обработать клинок с новья, чтобы он сразу равномерно потемнел?', 1),
(629, 68, NULL, 27, NULL, NULL, 'Уточню у кузнеца и отвечу, хорошо', 1),
(630, 48, NULL, 27, NULL, NULL, 'Рады что понравился)', 1),
(631, 48, NULL, 27, NULL, NULL, 'И спасибо за отзыв)', 1),
(632, 48, NULL, NULL, NULL, NULL, 'Статус заказа: выполнен', 2),
(633, 52, NULL, 27, NULL, NULL, 'Отправим завтра сегодня у кузнеца времени не было', 1),
(634, 62, NULL, NULL, NULL, NULL, 'Статус заказа: отменён', 2),
(635, 52, NULL, NULL, NULL, NULL, 'Статус заказа: отправлен', 2),
(636, 52, NULL, 27, NULL, NULL, 'Трек номер 60129395032358', 1),
(637, 55, NULL, NULL, NULL, NULL, 'Статус заказа: готов', 2),
(638, 55, NULL, 27, NULL, NULL, 'Скидка за задержку', 1),
(639, 55, NULL, NULL, NULL, NULL, 'Сумма заказа: 3240 + 400 (доставка) = 3640 р.', 4),
(640, 58, NULL, 72, NULL, NULL, 'Глеб спосибо за хороший нож качество мне очень пришлось по душе!) Хочу спросить а с ним проблем нн будет если милиция остоновит по пути на рыбалку? Он идёт как холодное оружие или нет?!', 1),
(641, 58, NULL, 72, NULL, NULL, 'И ещё вопрос а смогут ли ваши мастера зделать мне финку по моему чертежу?', 1),
(642, 58, NULL, 27, NULL, '642.png', 'Нет не холодное, можете обьяснить тем что у вас травмоопасная рукоять, а именно  подпальцевая выемка меньше 5мм. (на скриншоте указано)', 1),
(643, 58, NULL, 27, NULL, NULL, 'Да можете сбросить, скажем можем или нет', 1),
(644, 58, NULL, 27, NULL, NULL, 'про финку', 1),
(645, 58, NULL, 27, NULL, NULL, 'Рады что понравился наш нож) Если не трудно, можете написать отзыв в группе вконтакте, чтобы люди знали что хорошо делаем https://vk.com/topic-74873609_38982367', 1),
(646, 55, NULL, 71, NULL, NULL, 'Я же предоплату вносил. 1120 рублей.', 1),
(647, 55, NULL, 27, NULL, NULL, 'Да вносили, это общая сумма заказа поменялась, в правом нижнем углу сумма сколько доплатить нужно', 1),
(648, 58, NULL, 72, NULL, NULL, 'Хорошо сегодня  напишу', 1),
(649, 58, NULL, NULL, NULL, NULL, 'Статус заказа: выполнен', 2),
(650, NULL, 3, NULL, NULL, NULL, 'Статус заказа: отменён', 2),
(651, NULL, 2, NULL, NULL, NULL, 'Статус заказа: отменён', 2),
(652, 55, NULL, NULL, NULL, NULL, 'Всего внесено: 3640 р.', 4),
(653, 55, NULL, NULL, NULL, NULL, 'Статус заказа: ожидает отправки', 2),
(654, 46, NULL, NULL, NULL, NULL, 'Статус заказа: отменён', 2),
(655, 68, NULL, 27, NULL, NULL, 'Извиняюсь за задержку в ответе. Азотной кислотой можно обработать', 1),
(656, 59, NULL, 27, NULL, NULL, 'нож завтра будет готов', 1),
(657, 68, NULL, 81, NULL, NULL, 'Спасибо.', 1),
(658, 70, NULL, NULL, NULL, NULL, 'Сумма заказа: 2270 + 700 (доставка) = 2970 р.', 4),
(659, 70, NULL, NULL, NULL, NULL, 'Статус заказа: поступил', 2),
(660, 70, NULL, 27, NULL, NULL, 'Игорь здравствуйте, такой нож сделаем вам за 2 недели', 1),
(661, 70, NULL, 27, NULL, NULL, 'К предоплате 680р. Сбербанк 5469 9900 1055 4272 Глеб Александрович Ю', 1),
(662, 70, NULL, NULL, NULL, NULL, 'Всего внесено: 680 р.', 4),
(663, 70, NULL, NULL, NULL, NULL, 'Дней на заказ: 15', 4),
(664, 70, NULL, NULL, NULL, NULL, 'Статус заказа: подтвержден', 2),
(665, 55, NULL, 27, NULL, NULL, 'Отправили', 1),
(666, 55, NULL, 27, NULL, NULL, 'трек', 1),
(667, 55, NULL, 27, NULL, NULL, '60129301051138', 1),
(668, 55, NULL, NULL, NULL, NULL, 'Статус заказа: отправлен', 2),
(669, 55, NULL, 71, NULL, NULL, 'Отправили почтой？', 1),
(670, 55, NULL, 27, NULL, NULL, 'да', 1),
(671, NULL, 5, 27, NULL, NULL, 'Извиняемся, будет задержка заказа на 2-4 дня', 1),
(672, 59, NULL, 27, NULL, '672.jpg', NULL, 1),
(673, 59, NULL, 27, NULL, '673.jpg', NULL, 1),
(674, 59, NULL, 27, NULL, NULL, 'На финальной стадии, может быть еще на 1 день задержится', 1),
(675, NULL, 5, 82, NULL, NULL, 'не критично!:)', 1),
(676, 68, NULL, 81, NULL, NULL, 'Глеб, добрый день, хотелось бы уточнить стадию выполнения заказа и возможность установки втулки-отверстия под темляк.', 1),
(677, 68, NULL, 81, NULL, '677.jpg', NULL, 1),
(678, 68, NULL, 27, NULL, NULL, 'Здравствуйте, заказ задержится на 2-4 дня Скидку сделаем за просроченные дни по 5% за день. Темляк сделаем будет +120р стоить', 1),
(679, 59, NULL, 27, NULL, '679.jpg', NULL, 1),
(680, 59, NULL, 27, NULL, '680.jpg', NULL, 1),
(681, 59, NULL, 27, NULL, '681.jpg', NULL, 1),
(682, 59, NULL, 27, NULL, '682.jpg', NULL, 1),
(683, 59, NULL, NULL, NULL, NULL, 'Статус заказа: готов', 2),
(684, 68, NULL, 81, NULL, NULL, 'Хорошо, делайте.', 1),
(685, 59, NULL, NULL, NULL, NULL, 'Сумма заказа: 4585 + 400 (доставка) = 4985 р.', 4),
(686, 59, NULL, 27, NULL, NULL, 'Скидка 10% за просроченные дни', 1),
(687, 59, NULL, 27, NULL, NULL, 'Оплачиваете 3485р и отправляем Сбербанк 5469 9900 1055 4272 Глеб Александрович Ю', 1),
(688, 68, NULL, NULL, NULL, NULL, 'Сумма заказа: 3087 + 400 (доставка) = 3487 р.', 4);
INSERT INTO `messages` (`id`, `id_order`, `id_individual`, `id_sender`, `id_recipient`, `attach_image`, `message`, `id_message_type`) VALUES
(689, 68, NULL, 27, NULL, NULL, 'добавили 120 за темляк', 1),
(690, 68, NULL, 81, NULL, NULL, 'Латунный будет? Или медь?', 1),
(691, 68, NULL, 27, NULL, '691.jpg', 'Как тут', 1),
(692, 68, NULL, 27, NULL, NULL, 'Помойму латунь', 1),
(693, 68, NULL, 27, NULL, NULL, 'у кузнеца уточну напишу', 1),
(694, 68, NULL, 27, NULL, NULL, 'медь!', 1),
(695, 68, NULL, 81, NULL, NULL, 'В принципе не должна окисляться в дереве', 1),
(696, 59, NULL, 27, NULL, NULL, 'Пришли', 1),
(697, 59, NULL, 73, NULL, NULL, 'Оплачено', 1),
(698, 59, NULL, 27, NULL, NULL, 'Сегодня-завтра отправим. На крайний в понедельник утром', 1),
(699, 59, NULL, NULL, NULL, NULL, 'Всего внесено: 4985 р.', 4),
(700, 59, NULL, 27, NULL, NULL, 'Смс отправим что отправили, сюда трек скинем', 1),
(701, 59, NULL, NULL, NULL, NULL, 'Статус заказа: ожидает отправки', 2),
(702, 59, NULL, 27, NULL, NULL, 'В пондельник отправляем', 1),
(703, 52, NULL, NULL, NULL, NULL, 'Статус заказа: доставлен', 2),
(704, 52, NULL, NULL, NULL, NULL, 'Статус заказа: выполнен', 2),
(705, 59, NULL, NULL, NULL, NULL, 'Статус заказа: отправлен', 2),
(706, 59, NULL, 27, NULL, NULL, 'Трек номер: 60129301041658', 1),
(707, 67, NULL, NULL, NULL, NULL, 'Статус заказа: изготавливается', 2),
(708, 68, NULL, NULL, NULL, NULL, 'Статус заказа: изготавливается', 2),
(709, NULL, 5, 27, NULL, NULL, 'Завтра утром поковку скинем фото. Еще на день-два задержится', 1),
(710, NULL, 5, 27, NULL, '710.jpg', NULL, 1),
(711, NULL, 5, NULL, NULL, NULL, 'Статус заказа: изготавливается', 2),
(712, 68, NULL, 27, NULL, '712.jpg', NULL, 1),
(713, 68, NULL, 27, NULL, NULL, 'поковка', 1),
(714, 68, NULL, NULL, NULL, NULL, 'Сумма заказа: 2650 + 400 (доставка) = 3050 р.', 4),
(715, 68, NULL, 27, NULL, NULL, 'Дали скидку за задержку', 1),
(716, 68, NULL, 81, NULL, NULL, 'Спасибо. Искренне надеюсь, что отставание по срокам не повлияет на качество исполнения)', 1),
(717, 70, NULL, 27, NULL, NULL, 'Игорь здравствуйте. У нас возникли непредвиденные проблемы на производстве. Нож сделать не сможем. Пришлите реквизиты, вернём предоплату в 680р. Приносим извинения', 1),
(718, 69, NULL, NULL, NULL, NULL, 'Статус заказа: отменён', 2),
(719, 70, NULL, 85, NULL, NULL, 'Здравствуйте  А вообще будет производство Прошу держать в курсе Выслать можно по номеру телефона 89110281250', 1),
(720, 70, NULL, 1, NULL, NULL, 'Перевели', 1),
(721, 70, NULL, 1, NULL, NULL, 'Сейчас будем искать  другие производства для изготовления. Там уже будут другие цены', 1),
(722, 70, NULL, 85, NULL, NULL, 'Пришли спасибо Надеюсь цены не сильно вырастут', 1),
(723, 70, NULL, 1, NULL, NULL, 'Где-то через неделю определимся с ценами окончательно', 1),
(724, 70, NULL, NULL, NULL, NULL, 'Всего внесено: 0 р.', 4),
(725, 70, NULL, NULL, NULL, NULL, 'Статус заказа: отменён', 2),
(726, 69, NULL, NULL, NULL, NULL, 'Всего внесено: 0 р.', 4),
(727, 55, NULL, NULL, NULL, NULL, 'Статус заказа: доставлен на почту', 2),
(728, 55, NULL, NULL, NULL, NULL, 'Статус заказа: выполнен', 2),
(729, 71, NULL, NULL, NULL, NULL, 'Сумма заказа: 5382 + 400 (доставка) = 5782 р.', 4),
(730, 71, NULL, NULL, NULL, NULL, 'Статус заказа: поступил', 2),
(731, 71, NULL, NULL, NULL, NULL, 'Статус заказа: отменён', 2),
(732, NULL, 5, 1, NULL, NULL, 'Завтра будет готов, ждите фото к вечеру', 1),
(733, 68, NULL, 1, NULL, NULL, 'Будет готов в первую половину  следующей недели', 1),
(734, 21, NULL, NULL, NULL, NULL, 'Статус заказа: доставлен на почту', 2),
(735, 21, NULL, NULL, NULL, NULL, 'Статус заказа: выполнен', 2),
(736, NULL, 5, 1, NULL, NULL, 'Допустили ошибку в закалке, полностью переделаем', 1),
(737, 72, NULL, NULL, NULL, NULL, 'Сумма заказа: 3168 + 400 (доставка) = 3568 р.', 4),
(738, 72, NULL, NULL, NULL, NULL, 'Статус заказа: поступил', 2),
(739, 72, NULL, NULL, NULL, NULL, 'Статус заказа: отменён', 2),
(740, 59, NULL, 73, NULL, NULL, 'Посылка дошла. Спасибо! Завтра ухожу в одиночный поход на 10 дней. Беру с собой. По возращении о впечатлениях отпишусь. )', 1),
(741, 59, NULL, 1, NULL, NULL, 'Хорошо) во влаге не держите нож заржавеет', 1),
(742, 59, NULL, NULL, NULL, NULL, 'Статус заказа: выполнен', 2),
(743, NULL, 7, NULL, NULL, NULL, 'Статус заказа: поступил', 2),
(744, NULL, 7, 1, NULL, NULL, 'Характеристики что будет делать: 95х18, 140мм - длина, 30мм - высота, 3.5мм - обух, сабельные спуски, 120мм - рукоять, береста, без дола!', 1),
(745, NULL, 7, NULL, NULL, NULL, 'Дней на заказ: 15', 4),
(746, NULL, 7, NULL, NULL, NULL, 'Сумма заказа: 4400 + 400 (доставка) = 4800 р.', 4),
(747, NULL, 7, NULL, NULL, NULL, 'Всего внесено: 4400 р.', 4),
(748, 73, NULL, NULL, NULL, NULL, 'Сумма заказа: 3015 + 400 (доставка) = 3415 р.', 4),
(749, 73, NULL, NULL, NULL, NULL, 'Статус заказа: поступил', 2),
(750, 73, NULL, 1, NULL, NULL, 'за 15 рабочих дней', 1),
(751, 73, NULL, 1, NULL, NULL, 'сделаем', 1),
(752, 73, NULL, 1, NULL, NULL, 'сейчас скину реквизиты', 1),
(753, 73, NULL, 85, NULL, NULL, 'Хорошо ', 1),
(754, 73, NULL, 1, NULL, NULL, 'К предоплате 905р. Сбербанк 5469 9900 1055 4272 Глеб Александрович Ю', 1),
(755, 73, NULL, NULL, NULL, NULL, 'Всего внесено: 905 р.', 4),
(756, 73, NULL, NULL, NULL, NULL, 'Дней на заказ: 15', 4),
(757, 73, NULL, 27, NULL, NULL, 'пришли', 1),
(758, 73, NULL, 85, NULL, NULL, 'Жду Держите в курсе А возможно ли заказать один клинок', 1),
(759, 73, NULL, 1, NULL, NULL, 'да', 1),
(760, 74, NULL, NULL, NULL, NULL, 'Сумма заказа: 1764 + 400 (доставка) = 2164 р.', 4),
(761, 74, NULL, NULL, NULL, NULL, 'Статус заказа: поступил', 2),
(762, 75, NULL, NULL, NULL, NULL, 'Сумма заказа: 1764 + 400 (доставка) = 2164 р.', 4),
(763, 75, NULL, NULL, NULL, NULL, 'Статус заказа: поступил', 2),
(764, 75, NULL, NULL, NULL, NULL, 'Статус заказа: отменён', 2),
(765, 76, NULL, NULL, NULL, NULL, 'Сумма заказа: 3798 + 400 (доставка) = 4198 р.', 4),
(766, 76, NULL, NULL, NULL, NULL, 'Статус заказа: поступил', 2),
(767, 76, NULL, NULL, NULL, NULL, 'Статус заказа: отменён', 2),
(768, 74, NULL, NULL, NULL, NULL, 'Статус заказа: отменён', 2),
(769, 77, NULL, NULL, NULL, NULL, 'Сумма заказа: 4059 + 400 (доставка) = 4459 р.', 4),
(770, 77, NULL, NULL, NULL, NULL, 'Статус заказа: поступил', 2),
(771, 77, NULL, NULL, NULL, NULL, 'Статус заказа: отменён', 2),
(772, 68, NULL, 1, NULL, '772.jpg', NULL, 1),
(773, 68, NULL, 1, NULL, '773.jpg', NULL, 1),
(774, 68, NULL, 1, NULL, '774.jpg', NULL, 1),
(775, 68, NULL, NULL, NULL, NULL, 'Статус заказа: готов', 2),
(776, 68, NULL, NULL, NULL, NULL, 'Сумма заказа: 2350 + 400 (доставка) = 2750 р.', 4),
(777, 68, NULL, 27, NULL, NULL, 'Под темляк отверстие завтра сделаем и отправим после оплаты оставшихся 1860р 5469990010554272 Глеб Александрович Ю.', 1),
(778, 68, NULL, 81, NULL, NULL, 'Оплатил. Жду не дождусь пустить в дело)', 1),
(779, 68, NULL, NULL, NULL, NULL, 'Всего внесено: 2750 р.', 4),
(780, 68, NULL, 27, NULL, NULL, 'Как отправим, напишем смс и скинем трек номер', 1),
(781, 68, NULL, 81, NULL, NULL, 'Глеб, сколько нужно доплатить за более быструю доставку?', 1),
(782, 68, NULL, 81, NULL, NULL, '15го уезжаю, хотелось бы забрать до отъезда ', 1),
(783, 68, NULL, 27, NULL, NULL, 'Тогда лучше EMS экспресс доставкой она дороже на 300р, но так как задержка по нашей вине. То доплатите 200р. с ней сроки доставки 5-7 дней будут', 1),
(784, 68, NULL, 81, NULL, NULL, 'Глеб, успели отправить в субботу?', 1),
(785, 68, NULL, 1, NULL, NULL, 'сегодня отправляем', 1),
(786, 68, NULL, 81, NULL, NULL, '.', 1),
(787, 68, NULL, 81, NULL, NULL, 'Что-то чат не грузится пока сообщение не отправишь', 1),
(788, 68, NULL, 1, NULL, NULL, 'да у нас ошибка будем исправлять', 1),
(789, 68, NULL, 1, NULL, NULL, 'ED009728136RU', 1),
(790, 68, NULL, 1, NULL, NULL, 'отправили', 1),
(791, 78, NULL, NULL, NULL, NULL, 'Сумма заказа: 4599 + 400 (доставка) = 4999 р.', 4),
(792, 78, NULL, NULL, NULL, NULL, 'Статус заказа: поступил', 2),
(793, 79, NULL, NULL, NULL, NULL, 'Сумма заказа: 4599 + 400 (доставка) = 4999 р.', 4),
(794, 79, NULL, NULL, NULL, NULL, 'Статус заказа: поступил', 2),
(795, 79, NULL, NULL, NULL, NULL, 'Статус заказа: отменён', 2),
(796, 78, NULL, NULL, NULL, NULL, 'Статус заказа: отменён', 2),
(797, 68, NULL, NULL, NULL, NULL, 'Статус заказа: отправлен', 2),
(798, NULL, 5, 1, NULL, NULL, 'Закалили клинок завтра должен быть готов', 1),
(799, NULL, 5, 1, NULL, '799.jpg', NULL, 1),
(800, NULL, 5, NULL, NULL, NULL, 'Статус заказа: готов', 2),
(801, NULL, 5, 1, NULL, NULL, 'Отправляем? И заточку вам делать или нет?', 1),
(802, 80, NULL, NULL, NULL, NULL, 'Сумма заказа: 5832 + 400 (доставка) = 6232 р.', 4),
(803, 80, NULL, NULL, NULL, NULL, 'Статус заказа: поступил', 2),
(804, 81, NULL, NULL, NULL, NULL, 'Сумма заказа: 4599 + 400 (доставка) = 4999 р.', 4),
(805, 81, NULL, NULL, NULL, NULL, 'Статус заказа: поступил', 2),
(806, 81, NULL, NULL, NULL, NULL, 'Статус заказа: отменён', 2),
(807, 80, NULL, NULL, NULL, NULL, 'Всего внесено: 1800 р.', 4),
(808, 80, NULL, NULL, NULL, NULL, 'Дней на заказ: 21', 4),
(809, 80, NULL, NULL, NULL, NULL, 'Статус заказа: подтвержден', 2),
(810, 67, NULL, NULL, NULL, NULL, 'Статус заказа: отменён', 2),
(811, NULL, 7, NULL, NULL, NULL, 'Статус заказа: изготавливается', 2),
(812, 73, NULL, NULL, NULL, NULL, 'Статус заказа: изготавливается', 2),
(813, NULL, 5, NULL, NULL, NULL, 'Статус заказа: переговоры', 2),
(814, 80, NULL, NULL, NULL, NULL, 'Сумма заказа: 6080 + 400 (доставка) = 6480 р.', 4),
(815, 73, NULL, 27, NULL, '815.jpg', NULL, 1),
(816, 73, NULL, 27, NULL, '816.jpg', NULL, 1),
(817, 73, NULL, NULL, NULL, NULL, 'Статус заказа: готов', 2),
(818, 73, NULL, 27, NULL, NULL, 'Устраивает?', 1),
(819, 73, NULL, 27, NULL, NULL, 'Тут мастер сделал другую рукоять, можем переделать', 1),
(820, 73, NULL, 85, NULL, NULL, 'Все в порядке А заточка и полировка будет', 1),
(821, 73, NULL, 27, NULL, NULL, 'да заточка будет', 1),
(822, 73, NULL, 27, NULL, NULL, 'про полировку спрошу и отпишу вам', 1),
(823, 73, NULL, 85, NULL, NULL, 'Хорошо ЖДУ реквизиты ', 1),
(824, 73, NULL, 27, NULL, NULL, '2510р Сбербанк 5469 9900 1055 4272 Глеб Александрович Ю', 1),
(825, 73, NULL, 27, NULL, NULL, '2110+400(доставка) =2510', 1),
(826, 73, NULL, 85, NULL, NULL, 'А рукоять чем покрыта', 1),
(827, 73, NULL, 27, NULL, NULL, 'сейчас спрошу', 1),
(828, 73, NULL, 27, NULL, NULL, 'без пропитки, уже заточен', 1),
(829, 73, NULL, 85, NULL, NULL, 'Деньги посланы', 1),
(830, 73, NULL, 27, NULL, NULL, 'Пришли', 1),
(831, 73, NULL, NULL, NULL, NULL, 'Всего внесено: 3415 р.', 4),
(832, 73, NULL, 27, NULL, NULL, 'Клинок отполирован, просто фото такое', 1),
(833, 73, NULL, 85, NULL, NULL, 'После отправки  трек соообщите', 1),
(834, 73, NULL, 27, NULL, NULL, 'да смс скинем как отправим', 1),
(835, 73, NULL, 85, NULL, NULL, 'ОК', 1),
(836, 73, NULL, 27, NULL, NULL, 'У вас дом 5 кв 1?', 1),
(837, 73, NULL, 27, NULL, NULL, 'Просто вы улицу записали как \"Молодежная 5-1\"', 1),
(838, 73, NULL, 85, NULL, NULL, 'Да', 1),
(839, 73, NULL, NULL, NULL, NULL, 'Статус заказа: ожидает отправки', 2),
(840, 82, NULL, NULL, NULL, NULL, 'Сумма заказа: 3111 + 400 (доставка) = 3511 р.', 4),
(841, 82, NULL, NULL, NULL, NULL, 'Статус заказа: поступил', 2),
(842, 82, NULL, 27, NULL, NULL, 'Здравствуйте Александр. Такой нож сделаем не более чем за 15 рабочих дней', 1),
(843, 82, NULL, 27, NULL, NULL, 'К пердоплате 930р на карту сбербанка 5469990010554272 Глеб Александрович Ю. ', 1),
(844, 82, NULL, 27, NULL, NULL, 'Если остались какие-то вопросы, задавайте', 1),
(845, 83, NULL, NULL, NULL, NULL, 'Сумма заказа: 5216 + 400 (доставка) = 5616 р.', 4),
(846, 83, NULL, NULL, NULL, NULL, 'Статус заказа: поступил', 2),
(847, 84, NULL, NULL, NULL, NULL, 'Сумма заказа: 4750 + 400 (доставка) = 5150 р.', 4),
(848, 84, NULL, NULL, NULL, NULL, 'Статус заказа: поступил', 2),
(849, 85, NULL, NULL, NULL, NULL, 'Сумма заказа: 4646 + 400 (доставка) = 5046 р.', 4),
(850, 85, NULL, NULL, NULL, NULL, 'Статус заказа: поступил', 2),
(851, 86, NULL, NULL, NULL, NULL, 'Сумма заказа: 4532 + 400 (доставка) = 4932 р.', 4),
(852, 86, NULL, NULL, NULL, NULL, 'Статус заказа: поступил', 2),
(853, 87, NULL, NULL, NULL, NULL, 'Сумма заказа: 4646 + 400 (доставка) = 5046 р.', 4),
(854, 87, NULL, NULL, NULL, NULL, 'Статус заказа: поступил', 2),
(855, 88, NULL, NULL, NULL, NULL, 'Сумма заказа: 4532 + 400 (доставка) = 4932 р.', 4),
(856, 88, NULL, NULL, NULL, NULL, 'Статус заказа: поступил', 2),
(857, 88, NULL, NULL, NULL, NULL, 'Статус заказа: отменён', 2),
(858, 87, NULL, NULL, NULL, NULL, 'Статус заказа: отменён', 2),
(859, 86, NULL, NULL, NULL, NULL, 'Статус заказа: отменён', 2),
(860, 89, NULL, NULL, NULL, NULL, 'Сумма заказа: 3717 + 400 (доставка) = 4117 р.', 4),
(861, 89, NULL, NULL, NULL, NULL, 'Статус заказа: поступил', 2),
(862, 89, NULL, NULL, NULL, NULL, 'Статус заказа: отменён', 2),
(863, 85, NULL, NULL, NULL, NULL, 'Статус заказа: отменён', 2),
(864, 83, NULL, NULL, NULL, NULL, 'Статус заказа: отменён', 2),
(865, 84, NULL, NULL, NULL, NULL, 'Статус заказа: отменён', 2),
(866, 68, NULL, 81, NULL, NULL, 'Заказ получен, большое спасибо) смотрится отлично! Заточен супер! По всей длине лезвия самую тонкую газетку режет. Из замечаний: посажен в рукоять чуть в сторону, обратите на это внимание в будущем. И больстер составной и залит эпоксидкой? В этом месте чуть эстетичнее делать нужно. В остальном доволен как слон)', 1),
(867, 68, NULL, 27, NULL, NULL, 'Спасибо за  отзыв)', 1),
(868, 68, NULL, 27, NULL, NULL, 'будем исправлять косяки', 1),
(869, 68, NULL, 81, NULL, NULL, 'В ВК напишу обязательно)', 1),
(870, 68, NULL, 27, NULL, NULL, 'ждём)', 1),
(871, 68, NULL, 81, NULL, '871.jpg', NULL, 1),
(872, 68, NULL, 81, NULL, '872.jpg', NULL, 1),
(873, 68, NULL, 81, NULL, NULL, 'Ещё раз спасибо) давно искал ему пару)', 1),
(874, 68, NULL, 27, NULL, NULL, 'Обращайтесь ещё) Косяки будем исправлять', 1),
(875, 68, NULL, 81, NULL, '875.jpg', NULL, 1),
(876, 68, NULL, 81, NULL, NULL, 'Обязательно посоветую друзьям) кузнецу отдельное спасибо за работу.', 1),
(877, 90, NULL, NULL, NULL, NULL, 'Сумма заказа: 3852 + 400 (доставка) = 4252 р.', 4),
(878, 90, NULL, NULL, NULL, NULL, 'Статус заказа: поступил', 2),
(879, 90, NULL, 27, NULL, NULL, '1150р к предоплате Сбербанк 5469990010554272 Глеб Александрович Ю', 1),
(880, 68, NULL, NULL, NULL, NULL, 'Статус заказа: выполнен', 2),
(881, 90, NULL, 98, NULL, NULL, 'перевел', 1),
(882, 90, NULL, NULL, NULL, NULL, 'Всего внесено: 1150 р.', 4),
(883, 90, NULL, NULL, NULL, NULL, 'Дней на заказ: 15', 4),
(884, 90, NULL, NULL, NULL, NULL, 'Статус заказа: подтвержден', 2),
(885, 82, NULL, 95, NULL, NULL, 'Понял завтра закину предоплату', 1),
(886, 82, NULL, 95, NULL, NULL, 'А где вы находитесь чтобы примерно понимать сколько будет идти посылка?', 1),
(887, 82, NULL, 27, NULL, NULL, 'обл. Владимирская, г. Суздаль.', 1),
(888, 82, NULL, 27, NULL, NULL, 'Как внесёте предоплату отпишите тут или по смс на номер +7(925)-195-59-78', 1),
(889, 73, NULL, NULL, NULL, NULL, 'Статус заказа: отправлен', 2),
(890, 73, NULL, 27, NULL, NULL, '60612027007577', 1),
(891, NULL, 8, NULL, NULL, NULL, 'Статус заказа: поступил', 2),
(892, 91, NULL, NULL, NULL, NULL, 'Сумма заказа: 4494 + 400 (доставка) = 4894 р.', 4),
(893, 91, NULL, NULL, NULL, NULL, 'Статус заказа: поступил', 2),
(894, 92, NULL, NULL, NULL, NULL, 'Сумма заказа: 5710 + 400 (доставка) = 6110 р.', 4),
(895, 92, NULL, NULL, NULL, NULL, 'Статус заказа: поступил', 2),
(896, 92, NULL, NULL, NULL, NULL, 'Статус заказа: отменён', 2),
(897, 91, NULL, NULL, NULL, NULL, 'Статус заказа: отменён', 2),
(898, 93, NULL, NULL, NULL, NULL, 'Сумма заказа: 5159 + 400 (доставка) = 5559 р.', 4),
(899, 93, NULL, NULL, NULL, NULL, 'Статус заказа: поступил', 2),
(900, 93, NULL, NULL, NULL, NULL, 'Статус заказа: отменён', 2),
(901, 94, NULL, NULL, NULL, NULL, 'Сумма заказа: 6850 + 700 (доставка) = 7550 р.', 4),
(902, 94, NULL, NULL, NULL, NULL, 'Статус заказа: поступил', 2),
(903, 94, NULL, NULL, NULL, NULL, 'Статус заказа: отменён', 2),
(904, 95, NULL, NULL, NULL, NULL, 'Сумма заказа: 10564 + 400 (доставка) = 10964 р.', 4),
(905, 95, NULL, NULL, NULL, NULL, 'Статус заказа: поступил', 2),
(906, NULL, 5, NULL, NULL, NULL, 'Статус заказа: изготавливается', 2),
(907, NULL, 5, 27, NULL, NULL, 'Переделываем форму', 1),
(908, NULL, 5, 27, NULL, '908.jpg', NULL, 1),
(909, NULL, 5, NULL, NULL, NULL, 'Статус заказа: готов', 2),
(910, NULL, 5, 27, NULL, NULL, 'Без полировки клинок, сверяем форму', 1),
(911, NULL, 5, 82, NULL, NULL, 'Доброй ночи,Глеб!Этот клинок не то,что я ожидал.Верните деньги.', 1),
(912, 96, NULL, NULL, NULL, NULL, 'Сумма заказа: 3186 + 400 (доставка) = 3586 р.', 4),
(913, 96, NULL, NULL, NULL, NULL, 'Статус заказа: поступил', 2),
(914, 96, NULL, 27, NULL, NULL, 'Здравствуйте, Александр. Нож сделаем за 10 рабочих дней. К предоплате 955 рублей на карту сбербанка 5469 9900 1055 4272 Глеб Александрович Ю.', 1),
(915, 96, NULL, 27, NULL, NULL, 'После оплаты начнем изготовление, по готовности скинем фото клинка и потом всего ножа. Если остались какие-либо вопросы задавайте', 1),
(916, 96, NULL, 27, NULL, NULL, 'Как оплатите отпишите пожалуйста здесь', 1),
(917, NULL, 5, 1, NULL, NULL, 'Напишите свои реквизиты вернем деньги за вычетом предоплаты 30% (375р) К возврату 1275р', 1),
(918, 90, NULL, NULL, NULL, NULL, 'Статус заказа: изготавливается', 2),
(919, 96, NULL, 104, NULL, NULL, 'Оплатил 955 рублей', 1),
(920, 96, NULL, 27, NULL, NULL, 'пришлт', 1),
(921, 96, NULL, 27, NULL, NULL, 'пришли*', 1),
(922, 96, NULL, NULL, NULL, NULL, 'Всего внесено: 955 р.', 4),
(923, 96, NULL, NULL, NULL, NULL, 'Дней на заказ: 10', 4),
(924, 96, NULL, NULL, NULL, NULL, 'Статус заказа: подтвержден', 2),
(925, NULL, 5, 82, NULL, NULL, 'перевод на карту Сбербанка по номеру телефона +79176885944', 1),
(926, NULL, 5, 27, NULL, NULL, 'Перевели', 1),
(927, 95, NULL, NULL, NULL, NULL, 'Статус заказа: отменён', 2),
(928, NULL, 8, NULL, NULL, NULL, 'Статус заказа: отменён', 2),
(929, NULL, 5, NULL, NULL, NULL, 'Всего внесено: 375 р.', 4),
(930, NULL, 5, NULL, NULL, NULL, 'Статус заказа: выполнен', 2),
(931, 97, NULL, NULL, NULL, NULL, 'Сумма заказа: 34254 + 700 (доставка) = 34954 р.', 4),
(932, 97, NULL, NULL, NULL, NULL, 'Статус заказа: поступил', 2),
(933, 97, NULL, NULL, NULL, NULL, 'Статус заказа: отменён', 2),
(934, NULL, 9, NULL, NULL, NULL, 'Статус заказа: поступил', 2),
(935, 96, NULL, NULL, NULL, NULL, 'Статус заказа: изготавливается', 2),
(936, 98, NULL, NULL, NULL, NULL, 'Сумма заказа: 2151 + 400 (доставка) = 2551 р.', 4),
(937, 98, NULL, NULL, NULL, NULL, 'Статус заказа: поступил', 2),
(938, 98, NULL, 27, NULL, NULL, 'Здравствуйте Платон, нож сделаем за 15 рабочих дней', 1),
(939, 98, NULL, 27, NULL, NULL, 'К пердоплате 645р на карту сбербанка 5469990010554272 Глеб Александрович Ю.', 1),
(940, 98, NULL, 27, NULL, NULL, 'Если остались какие-то вопросы, задавайте', 1),
(941, NULL, 9, NULL, NULL, NULL, 'Статус заказа: отменён', 2),
(942, 98, NULL, NULL, NULL, NULL, 'Всего внесено: 645 р.', 4),
(943, 98, NULL, NULL, NULL, NULL, 'Статус заказа: подтвержден', 2),
(944, 98, NULL, NULL, NULL, NULL, 'Дней на заказ: 15', 4),
(945, 98, NULL, 27, NULL, NULL, 'Из х12мф делаем', 1),
(946, 82, NULL, NULL, NULL, NULL, 'Статус заказа: отменён', 2),
(947, 96, NULL, 104, NULL, NULL, 'Ножны , желательно , черного цвета .', 1),
(948, 96, NULL, 27, NULL, NULL, 'ок', 1),
(949, NULL, 7, 27, NULL, '949.jpg', 'Клинок', 1),
(950, 90, NULL, 27, NULL, '950.jpg', 'Клинок', 1),
(951, 90, NULL, 98, NULL, NULL, 'Вы большие молодцы', 1),
(952, NULL, 10, NULL, NULL, NULL, 'Статус заказа: поступил', 2),
(953, 99, NULL, NULL, NULL, NULL, 'Сумма заказа: 4803 + 400 (доставка) = 5203 р.', 4),
(954, 99, NULL, NULL, NULL, NULL, 'Статус заказа: поступил', 2),
(955, 99, NULL, NULL, NULL, NULL, 'Всего внесено: 1500 р.', 4),
(956, 99, NULL, NULL, NULL, NULL, 'Дней на заказ: 15', 4),
(957, 99, NULL, NULL, NULL, NULL, 'Статус заказа: подтвержден', 2),
(958, 73, NULL, NULL, NULL, NULL, 'Статус заказа: выполнен', 2),
(959, 80, NULL, NULL, NULL, NULL, 'Статус заказа: изготавливается', 2),
(960, NULL, 10, NULL, NULL, NULL, 'Статус заказа: отменён', 2),
(961, 96, NULL, 27, NULL, '961.jpg', NULL, 1),
(962, 96, NULL, NULL, NULL, NULL, 'Статус заказа: готов', 2),
(963, 96, NULL, 27, NULL, NULL, 'допустили ошибку с плоскими спусками сделали', 1),
(964, 96, NULL, 27, NULL, NULL, 'Сделаем скидку в 300 рублей', 1),
(965, 96, NULL, 104, NULL, NULL, 'хорошо', 1),
(966, 96, NULL, NULL, NULL, NULL, 'Сумма заказа: 2886 + 400 (доставка) = 3286 р.', 4),
(967, 96, NULL, 27, NULL, NULL, 'скидка', 1),
(968, 96, NULL, 27, NULL, NULL, '2330р осталось доплатить. Сбербанк 5469 9900 1055 4272 Глеб Александрович Ю', 1),
(969, 96, NULL, 104, NULL, NULL, 'доплатил', 1),
(970, 96, NULL, NULL, NULL, NULL, 'Всего внесено: 3286 р.', 4),
(971, 96, NULL, 27, NULL, NULL, 'Пришли', 1),
(972, 96, NULL, 27, NULL, NULL, 'как отправим трек скину', 1),
(973, 96, NULL, NULL, NULL, NULL, 'Статус заказа: ожидает отправки', 2),
(974, NULL, 7, NULL, NULL, NULL, 'Статус заказа: готов', 2),
(975, NULL, 7, NULL, NULL, NULL, 'Статус заказа: ожидает отправки', 2),
(976, NULL, 7, NULL, NULL, NULL, 'Всего внесено: 4800 р.', 4),
(977, 96, NULL, NULL, NULL, NULL, 'Статус заказа: отправлен', 2),
(978, 96, NULL, 27, NULL, NULL, 'Трек номер 60612027018122', 1),
(979, 90, NULL, 98, NULL, NULL, 'Добрый день!', 1),
(980, 90, NULL, 98, NULL, NULL, 'Скажите пожалуйста как обстоят дела с моим заказом?', 1),
(981, 90, NULL, 27, NULL, NULL, 'Пока изготавливается', 1),
(982, 90, NULL, 27, NULL, NULL, 'Кузнец болел', 1),
(983, 90, NULL, 27, NULL, NULL, 'постараемся в срок успеть', 1),
(984, 90, NULL, 27, NULL, NULL, 'к 05.11', 1),
(985, NULL, 7, NULL, NULL, NULL, 'Сумма заказа: 3800 + 400 (доставка) = 4200 р.', 4),
(986, NULL, 7, NULL, NULL, NULL, 'Всего внесено: 4200 р.', 4),
(987, 90, NULL, 98, NULL, NULL, 'Здравствуйте', 1),
(988, 90, NULL, 98, NULL, NULL, 'На какой стадии находится исполнение моего заказа?', 1),
(989, 90, NULL, 27, NULL, NULL, 'изготовление рукояти, больстер и клинок готовы, кузнец болел поэтому задержка выходит, на этой неделе скорее всего доделаем', 1),
(990, NULL, 7, NULL, NULL, NULL, 'Статус заказа: отправлен', 2),
(991, 90, NULL, 98, NULL, NULL, 'скажите  когда вы его изготовите и отправите точную дату, уезжаю в командировку', 1),
(992, 100, NULL, NULL, NULL, NULL, 'Сумма заказа: 4338 + 400 (доставка) = 4738 р.', 4),
(993, 100, NULL, NULL, NULL, NULL, 'Статус заказа: поступил', 2),
(994, 90, NULL, 27, NULL, NULL, 'Завтра будет готов, отправка в субботу или понедельник утро', 1),
(995, 90, NULL, NULL, NULL, NULL, 'Статус заказа: готов', 2),
(996, 90, NULL, 27, NULL, '996.jpg', NULL, 1),
(997, 90, NULL, 27, NULL, '997.jpg', NULL, 1),
(998, 90, NULL, NULL, NULL, NULL, 'Сумма заказа: 3410 + 400 (доставка) = 3810 р.', 4),
(999, 90, NULL, 27, NULL, NULL, 'Вот скидка', 1),
(1000, 100, NULL, 27, NULL, NULL, 'Здравствуйте, пока у нас завал на производстве обратитесь с этим же заказом позже', 1),
(1001, 90, NULL, NULL, NULL, NULL, 'Всего внесено: 3810 р.', 4),
(1002, 90, NULL, NULL, NULL, NULL, 'Статус заказа: ожидает отправки', 2),
(1003, 100, NULL, 108, NULL, NULL, 'Здравствуйте! Поставьте меня на очередь в производстве,  сообщите когда будет возможность выполнить заказ. ', 1),
(1004, 100, NULL, 108, NULL, NULL, 'Вашу кузницу посоветовал Сергей с номером заказа 68. Спасибо ', 1),
(1005, 100, NULL, 27, NULL, NULL, 'Хорошо, сообщим через неделю - две когда сможем сделать', 1),
(1006, 90, NULL, NULL, NULL, NULL, 'Статус заказа: отправлен', 2),
(1007, 90, NULL, 27, NULL, NULL, 'Трек номер Почты РФ 60129395075188', 1),
(1008, 96, NULL, NULL, NULL, NULL, 'Статус заказа: выполнен', 2),
(1009, NULL, 7, NULL, NULL, NULL, 'Статус заказа: выполнен', 2),
(1010, 80, NULL, NULL, NULL, NULL, 'Статус заказа: готов', 2),
(1011, 80, NULL, NULL, NULL, NULL, 'Статус заказа: ожидает отправки', 2),
(1012, 98, NULL, NULL, NULL, NULL, 'Статус заказа: изготавливается', 2),
(1013, 100, NULL, NULL, NULL, NULL, 'Статус заказа: изготавливается', 2),
(1014, 100, NULL, NULL, NULL, NULL, 'Статус заказа: поступил', 2),
(1015, 99, NULL, NULL, NULL, NULL, 'Статус заказа: изготавливается', 2),
(1016, 80, NULL, NULL, NULL, NULL, 'Статус заказа: отправлен', 2),
(1017, 90, NULL, NULL, NULL, NULL, 'Статус заказа: выполнен', 2),
(1018, 99, NULL, 106, NULL, NULL, 'Доброго времени суток! К Новому году будет готов?', 1),
(1019, 101, NULL, NULL, NULL, NULL, 'Сумма заказа: 3573 + 400 (доставка) = 3973 р.', 4),
(1020, 101, NULL, NULL, NULL, NULL, 'Статус заказа: поступил', 2),
(1021, 101, NULL, 27, NULL, NULL, 'Здравствуйте такой нож сделаем за 2-3 недели. К предоплате 1070р. Сбербанк 5469990010554272 Глеб Александрович Ю', 1),
(1022, 101, NULL, 27, NULL, NULL, 'Если остались вопросы задавайте', 1),
(1023, 101, NULL, NULL, NULL, NULL, 'Статус заказа: отменён', 2),
(1024, 102, NULL, NULL, NULL, NULL, 'Сумма заказа: 6633 + 400 (доставка) = 7033 р.', 4),
(1025, 102, NULL, NULL, NULL, NULL, 'Статус заказа: поступил', 2),
(1026, 102, NULL, 110, NULL, NULL, 'Куда оплачивать 30% ?', 1),
(1027, 102, NULL, 27, NULL, NULL, 'Здравствуйте Евгений, нож сделаем за 2-3 недели. К предоплате 1990р. Сбербанк 5469990010554272 Глеб Александрович Ю.', 1),
(1028, 102, NULL, NULL, NULL, NULL, 'Всего внесено: 1990 р.', 4),
(1029, 102, NULL, NULL, NULL, NULL, 'Статус заказа: подтвержден', 2),
(1030, 103, NULL, NULL, NULL, NULL, 'Сумма заказа: 5481 + 400 (доставка) = 5881 р.', 4),
(1031, 103, NULL, NULL, NULL, NULL, 'Статус заказа: поступил', 2),
(1032, 103, NULL, NULL, NULL, NULL, 'Статус заказа: отменён', 2),
(1033, 80, NULL, NULL, NULL, NULL, 'Статус заказа: выполнен', 2),
(1034, 98, NULL, NULL, NULL, NULL, 'Статус заказа: отменён', 2),
(1035, 100, NULL, 108, NULL, NULL, 'Здравствуйте! ', 1),
(1036, 100, NULL, 108, NULL, NULL, 'Хочу узнать как обстоят дела с моим заказом', 1),
(1037, 100, NULL, 27, NULL, NULL, 'Здравствуйте можем сделать ваш заказ, изготавливать будет другой мастер нежели Сергею', 1),
(1038, 100, NULL, 27, NULL, NULL, 'К предоплате 1300р. Сбербанк 5469990010554272 Глеб Александрович Ю.', 1),
(1039, 102, NULL, 110, NULL, NULL, 'Здравствуйте. Как продвигается работа? Долго ли еще?)', 1),
(1040, 102, NULL, 27, NULL, NULL, 'Здравствуйте. Сегодня додеали)', 1),
(1041, 102, NULL, NULL, NULL, NULL, 'Статус заказа: готов', 2),
(1042, 102, NULL, 27, NULL, '1042.jpg', NULL, 1),
(1043, 102, NULL, 27, NULL, '1043.jpg', NULL, 1),
(1044, 100, NULL, 27, NULL, NULL, 'Без комментария нужно было отправлять', 1),
(1045, 100, NULL, NULL, NULL, NULL, 'Всего внесено: 1300 р.', 4),
(1046, 100, NULL, NULL, NULL, NULL, 'Статус заказа: подтвержден', 2),
(1047, 100, NULL, 108, NULL, NULL, 'Извините,  перестраховался', 1),
(1048, 100, NULL, 27, NULL, NULL, 'Примерно через 10-14 раб. дней будет готов', 1),
(1049, 100, NULL, 27, NULL, NULL, 'И ещё вам следы ковки обязательно? Просто с ними на выходе клинок обух 2.8-3мм выйдет.', 1),
(1050, 104, NULL, NULL, NULL, NULL, 'Сумма заказа: 4086 + 400 (доставка) = 4486 р.', 4),
(1051, 104, NULL, NULL, NULL, NULL, 'Статус заказа: поступил', 2),
(1052, 104, NULL, NULL, NULL, NULL, 'Статус заказа: отменён', 2),
(1053, 100, NULL, 108, NULL, NULL, 'Нет, не обязательно ', 1),
(1054, 100, NULL, NULL, NULL, NULL, 'Статус заказа: изготавливается', 2),
(1055, 105, NULL, NULL, NULL, NULL, 'Сумма заказа: 4320 + 400 (доставка) = 4720 р.', 4),
(1056, 105, NULL, NULL, NULL, NULL, 'Статус заказа: поступил', 2),
(1057, 106, NULL, NULL, NULL, NULL, 'Сумма заказа: 4320 + 400 (доставка) = 4720 р.', 4),
(1058, 106, NULL, NULL, NULL, NULL, 'Статус заказа: поступил', 2),
(1059, 100, NULL, 27, NULL, '1059.jpg', NULL, 1),
(1060, 100, NULL, 27, NULL, '1060.jpg', NULL, 1),
(1061, 100, NULL, NULL, NULL, NULL, 'Статус заказа: готов', 2),
(1062, 100, NULL, 27, NULL, NULL, 'Готово, только по ошибке сделали не из капа березы а из капа ореха. Можем другой нож с капом березы сделать, будете ждать?', 1),
(1063, 100, NULL, NULL, NULL, NULL, 'Статус заказа: ожидает отправки', 2),
(1064, 106, NULL, NULL, NULL, NULL, 'Статус заказа: отменён', 2),
(1065, 105, NULL, NULL, NULL, NULL, 'Статус заказа: отменён', 2),
(1066, 100, NULL, NULL, NULL, NULL, 'Статус заказа: отправлен', 2),
(1067, 100, NULL, 27, NULL, NULL, 'Трек номер почты РФ 60612030005003', 1),
(1068, 107, NULL, NULL, NULL, NULL, 'Сумма заказа: 4779 + 400 (доставка) = 5179 р.', 4),
(1069, 107, NULL, NULL, NULL, NULL, 'Статус заказа: поступил', 2),
(1070, 107, NULL, NULL, NULL, NULL, 'Сумма заказа: 4990 + 400 (доставка) = 5390 р.', 4),
(1071, 107, NULL, 27, NULL, NULL, 'Дополнительно делаем зазубрины сверху у гарды на 2-3 см и длину рукояти в 120мм', 1),
(1072, 107, NULL, 27, NULL, NULL, 'К предоплате 1497 рублей. Без комментария. Сбербанк 5469990010554272 Глеб Александрович', 1),
(1073, 100, NULL, 108, NULL, NULL, 'Здравствуйте,  вы мне точно тот трек номер дали? Просто посылка по Башкирии гуляет. ', 1),
(1074, 107, NULL, NULL, NULL, NULL, 'Статус заказа: отменён', 2),
(1075, NULL, 11, NULL, NULL, NULL, 'Статус заказа: поступил', 2),
(1076, NULL, 11, 116, NULL, NULL, 'Клык', 1),
(1077, 102, NULL, NULL, NULL, NULL, 'Статус заказа: выполнен', 2),
(1078, 100, NULL, NULL, NULL, NULL, 'Статус заказа: доставлен на почту', 2),
(1079, NULL, 11, NULL, NULL, NULL, 'Статус заказа: отменён', 2),
(1080, 108, NULL, NULL, NULL, NULL, 'Сумма заказа: 5481 + 400 (доставка) = 5881 р.', 4),
(1081, 108, NULL, NULL, NULL, NULL, 'Статус заказа: поступил', 2),
(1082, 108, NULL, 27, NULL, NULL, 'Здравствуйте, нож сделаем за 2-3 недели. К предоплате 1641р. Сбербанк (без комментария) 5469990010554272 Глеб Александрович', 1),
(1083, 108, NULL, 110, NULL, NULL, 'Скинул от карины арсентьевны', 1),
(1084, 108, NULL, 27, NULL, NULL, 'Пришли', 1),
(1085, 108, NULL, 110, NULL, NULL, 'Спасибо, буду ждать', 1),
(1086, 108, NULL, NULL, NULL, NULL, 'Всего внесено: 1650 р.', 4),
(1087, 108, NULL, NULL, NULL, NULL, 'Статус заказа: подтвержден', 2),
(1088, 109, NULL, NULL, NULL, NULL, 'Сумма заказа: 3483 + 400 (доставка) = 3883 р.', 4),
(1089, 109, NULL, NULL, NULL, NULL, 'Статус заказа: поступил', 2),
(1090, 109, NULL, 117, NULL, NULL, 'Перезвоните мне пожалуйста завтра. К заказу применена скидка в 10%, как указано до 20.01?', 1),
(1091, 109, NULL, 117, NULL, NULL, 'Здравствуйте, могу ли я отследить статус заказа', 1),
(1092, 110, NULL, NULL, NULL, NULL, 'Сумма заказа: 2835 + 400 (доставка) = 3235 р.', 4),
(1093, 110, NULL, NULL, NULL, NULL, 'Статус заказа: поступил', 2),
(1094, 110, NULL, 27, NULL, NULL, 'К предоплате 990р Сбербанк (без комментврия) 5469990010554272 Глеб Александрович', 1),
(1095, 110, NULL, NULL, NULL, NULL, 'Всего внесено: 990 р.', 4),
(1096, 110, NULL, NULL, NULL, NULL, 'Дней на заказ: 14', 4),
(1097, 110, NULL, 118, NULL, NULL, 'Подскажите, пожалуйста, когда нужно будет внести оставшуюся сумму?', 1),
(1098, 110, NULL, 27, NULL, NULL, 'Как вам удобнее, можете сразу, можете когда доделаем нож и скинем вам фото.', 1),
(1099, 110, NULL, 118, NULL, NULL, 'У вас в группе написано, что при заказе в подарок можно заказать гравировку. Но я забыл указать это при заказе. Могу ли я сейчас попросить об этом?', 1),
(1100, 110, NULL, 27, NULL, NULL, 'Да', 1),
(1101, 110, NULL, 118, NULL, NULL, 'Я бы хотел попросить выгравировать \"KDZ\" ', 1),
(1102, 110, NULL, 118, NULL, NULL, 'И сделать сатинированый клинок (не полированый, чтобы не царапался сильно)', 1),
(1103, 110, NULL, 27, NULL, NULL, 'Хорошо', 1),
(1104, 99, NULL, NULL, NULL, NULL, 'Статус заказа: готов', 2),
(1105, 110, NULL, NULL, NULL, NULL, 'Статус заказа: подтвержден', 2),
(1106, 111, NULL, NULL, NULL, NULL, 'Сумма заказа: 4860 + 400 (доставка) = 5260 р.', 4),
(1107, 111, NULL, NULL, NULL, NULL, 'Статус заказа: поступил', 2),
(1108, 111, NULL, 119, NULL, NULL, 'fghjn', 1),
(1109, 111, NULL, 27, NULL, NULL, 'hj', 1),
(1110, 111, NULL, NULL, NULL, NULL, 'Всего внесено: 10 р.', 4),
(1111, 111, NULL, NULL, NULL, NULL, 'Статус заказа: отменён', 2),
(1112, 108, NULL, NULL, NULL, NULL, 'Статус заказа: изготавливается', 2),
(1113, 108, NULL, 110, NULL, NULL, 'Только начали изготавливать что ли? :(', 1),
(1114, 108, NULL, 27, NULL, NULL, 'Нет просто статус забыл поставить)', 1),
(1115, 108, NULL, 110, NULL, NULL, 'ааа)', 1),
(1116, 108, NULL, 110, NULL, NULL, 'А долго еще в работе будет, не подскажите?', 1),
(1117, 108, NULL, 27, NULL, NULL, 'Уточню', 1),
(1118, 108, NULL, 110, NULL, NULL, 'Благодарю', 1),
(1119, 108, NULL, 27, NULL, NULL, 'На неделе будет готов', 1),
(1120, 108, NULL, 110, NULL, NULL, 'жду с нетерпеньем :)', 1),
(1121, 99, NULL, NULL, NULL, NULL, 'Всего внесено: 5203 р.', 4),
(1122, 99, NULL, NULL, NULL, NULL, 'Всего внесено: 5203 р.', 4),
(1123, 110, NULL, NULL, NULL, NULL, 'Статус заказа: изготавливается', 2),
(1124, 112, NULL, NULL, NULL, NULL, 'Сумма заказа: 6111 + 700 (доставка) = 6811 р.', 4),
(1125, 112, NULL, NULL, NULL, NULL, 'Статус заказа: поступил', 2),
(1126, 112, NULL, 120, NULL, NULL, 'Можно сталь сменить, посоветовали другой тип, не дамасск ', 1),
(1127, 112, NULL, NULL, NULL, NULL, 'Статус заказа: отменён', 2),
(1128, 113, NULL, NULL, NULL, NULL, 'Сумма заказа: 4887 + 700 (доставка) = 5587 р.', 4),
(1129, 113, NULL, NULL, NULL, NULL, 'Статус заказа: поступил', 2),
(1130, 113, NULL, 27, NULL, NULL, 'К предоплате 1460р Сбербанк(без комментария) 5469990010554272 Глеб Александрович', 1),
(1131, 108, NULL, 110, NULL, NULL, 'Ну че там, мужики?))', 1),
(1132, 108, NULL, 110, NULL, NULL, 'Уже получил сообщение в вацап)', 1),
(1133, 108, NULL, NULL, NULL, NULL, 'Статус заказа: готов', 2),
(1134, 114, NULL, NULL, NULL, NULL, 'Сумма заказа: 3200 + 400 (доставка) = 3600 р.', 4),
(1135, 114, NULL, NULL, NULL, NULL, 'Статус заказа: поступил', 2),
(1136, 114, NULL, NULL, NULL, NULL, 'Статус заказа: отменён', 2),
(1137, 113, NULL, NULL, NULL, NULL, 'Статус заказа: отменён', 2),
(1138, 108, NULL, NULL, NULL, NULL, 'Всего внесено: 5881 р.', 4),
(1139, 108, NULL, NULL, NULL, NULL, 'Статус заказа: отправлен', 2),
(1140, 99, NULL, NULL, NULL, NULL, 'Статус заказа: отправлен', 2),
(1141, 115, NULL, NULL, NULL, NULL, 'Сумма заказа: 4350 + 700 (доставка) = 5050 р.', 4),
(1142, 115, NULL, NULL, NULL, NULL, 'Статус заказа: поступил', 2),
(1143, 115, NULL, 27, NULL, NULL, 'Здравствуйте Дмитрий, такой нож сделаем за 14 дней. К предоплате 1305р Сбербанк 5469990010554272 Глеб Александрович. Отпишите пожалуйста как переведёте предоплату.', 1),
(1144, 116, NULL, NULL, NULL, NULL, 'Сумма заказа: 2050 + 400 (доставка) = 2450 р.', 4),
(1145, 116, NULL, NULL, NULL, NULL, 'Статус заказа: поступил', 2),
(1146, 110, NULL, 118, NULL, NULL, 'Здравствуйте, хотелось бы узнать, как продвигается изготовление ножа ', 1),
(1147, 110, NULL, 118, NULL, NULL, 'Ауу, ответьте хоть кто-нибудь ', 1),
(1148, 110, NULL, 27, NULL, NULL, 'Здравствуйте в четверг будет готов', 1),
(1149, 110, NULL, 118, NULL, NULL, 'Спасибо ', 1),
(1150, 115, NULL, NULL, NULL, NULL, 'Статус заказа: отменён', 2),
(1151, 117, NULL, NULL, NULL, NULL, 'Сумма заказа: 5020 + 400 (доставка) = 5420 р.', 4),
(1152, 117, NULL, NULL, NULL, NULL, 'Статус заказа: поступил', 2),
(1153, 117, NULL, 27, NULL, NULL, 'К предоплате 1506 р. Сбербанк 5469990010554272 Глеб Александрович', 1),
(1154, 117, NULL, 124, NULL, NULL, 'Перевел', 1),
(1155, 117, NULL, 27, NULL, NULL, 'Пришли', 1),
(1156, 117, NULL, NULL, NULL, NULL, 'Всего внесено: 1506 р.', 4),
(1157, 117, NULL, NULL, NULL, NULL, 'Дней на заказ: 14', 4),
(1158, 117, NULL, 124, NULL, NULL, 'Ок', 1),
(1159, 110, NULL, 27, NULL, '1159.jpg', NULL, 1),
(1160, 110, NULL, 27, NULL, '1160.jpg', NULL, 1),
(1161, 110, NULL, NULL, NULL, NULL, 'Статус заказа: готов', 2),
(1162, 110, NULL, NULL, NULL, NULL, 'Сумма заказа: 2665 + 400 (доставка) = 3065 р.', 4),
(1163, 110, NULL, 27, NULL, NULL, 'Скидка за задержку в два дня', 1),
(1164, 110, NULL, 27, NULL, NULL, 'Итого оплачиваете 3065 - 990 =  2075р Сбербанк (без комментария) 5469990010554272 Глеб Александрович', 1),
(1165, 110, NULL, 118, NULL, NULL, 'Перевёл', 1),
(1166, 110, NULL, NULL, NULL, NULL, 'Всего внесено: 3065 р.', 4),
(1167, 110, NULL, NULL, NULL, NULL, 'Статус заказа: ожидает отправки', 2),
(1168, 117, NULL, NULL, NULL, NULL, 'Статус заказа: изготавливается', 2),
(1169, 100, NULL, NULL, NULL, NULL, 'Статус заказа: выполнен', 2),
(1170, 110, NULL, NULL, NULL, NULL, 'Статус заказа: отправлен', 2),
(1171, 110, NULL, 27, NULL, NULL, 'Трек номер 80088233444781', 1),
(1172, 117, NULL, 124, NULL, NULL, 'У вас написано что есть фото отчет о проделанной работе', 1),
(1173, 117, NULL, 124, NULL, NULL, 'Как там моё изделие', 1),
(1174, 117, NULL, 27, NULL, NULL, 'Пока изготавливается. Фото предоставим позже', 1),
(1175, 118, NULL, NULL, NULL, NULL, 'Сумма заказа: 4960 + 400 (доставка) = 5360 р.', 4),
(1176, 118, NULL, NULL, NULL, NULL, 'Статус заказа: поступил', 2),
(1177, 118, NULL, 125, NULL, NULL, 'Вышлите реквизиты для оплаты через сбербанк', 1),
(1178, 118, NULL, NULL, NULL, NULL, 'Всего внесено: 1488 р.', 4),
(1179, 118, NULL, NULL, NULL, NULL, 'Дней на заказ: 14', 4),
(1180, 118, NULL, NULL, NULL, NULL, 'Статус заказа: подтвержден', 2),
(1181, 110, NULL, 118, NULL, NULL, 'Нож пришёл, всё хорошо, спасибо большое)) ', 1),
(1182, 110, NULL, 27, NULL, NULL, 'В благодарность можете оставить отзыв в нашей группе вконтакте)', 1),
(1183, 110, NULL, NULL, NULL, NULL, 'Статус заказа: выполнен', 2),
(1184, 118, NULL, NULL, NULL, NULL, 'Статус заказа: изготавливается', 2),
(1185, 117, NULL, 124, NULL, NULL, 'Здрамтвуйте! Время изготовления ножика уже заканчивается.А фото отчета о проделанной роботы вы не высылаете.', 1),
(1186, 117, NULL, 27, NULL, NULL, 'Здравствуйте,кузнец не выходит на связь, приносим извинения за отсутствие фото. ', 1),
(1187, 117, NULL, 124, NULL, NULL, 'Здоаствуйте. Я так понимаю что к концу сегоднешнего дня ножик должен будет быть готов.', 1),
(1188, 117, NULL, 27, NULL, NULL, 'Да все так потом будет скидка за задержку если не успеем', 1),
(1189, 117, NULL, 124, NULL, NULL, 'Ясно . Хорошо', 1),
(1190, 117, NULL, 27, NULL, NULL, 'Станок сломался у мастера, поэтому будет задержка, к концу этой недели должен быть готов', 1),
(1191, 117, NULL, NULL, NULL, NULL, 'Сумма заказа: 4870 + 400 (доставка) = 5270 р.', 4),
(1192, 117, NULL, 27, NULL, NULL, 'Скидка в 3 процента', 1),
(1193, 117, NULL, 124, NULL, NULL, ' Здраствуйте и того я должен внести 3364 тк 1506 я вам уже переводил.А посмотреть на фото можно изделие', 1),
(1194, 117, NULL, 27, NULL, NULL, 'Да в правом нижнем углу сумма сколько нужно заплатить', 1),
(1195, 117, NULL, 27, NULL, NULL, 'Фото будет позже', 1),
(1196, 117, NULL, 124, NULL, NULL, 'Здравствуйте. Это в заказе в правом нижнем углу.Там сумма без 3% скитки', 1),
(1197, 117, NULL, NULL, NULL, NULL, 'Сумма заказа: 4724 + 400 (доставка) = 5124 р.', 4),
(1198, 117, NULL, 27, NULL, NULL, 'Еще скидка в 3 процента', 1),
(1199, 117, NULL, 27, NULL, NULL, 'В правом нижнем углу сумма со скидкой', 1),
(1200, 117, NULL, 124, NULL, NULL, 'Здраствуйте .Как продвигается мо заказ.', 1),
(1201, 117, NULL, NULL, NULL, NULL, 'Сумма заказа: 4582 + 400 (доставка) = 4982 р.', 4),
(1202, 117, NULL, 27, NULL, NULL, 'Еще скидка в 3 процента', 1),
(1203, 117, NULL, 27, NULL, '1203.jpg', NULL, 1),
(1204, 117, NULL, NULL, NULL, NULL, 'Статус заказа: готов', 2),
(1205, 117, NULL, 27, NULL, NULL, 'Итого осталось доплатить 3076+400(почта РФ) = 3476р Сбербанк (без комментария) 5469990010554272 Глеб Александрович', 1),
(1206, 117, NULL, 124, NULL, NULL, 'Здрпствуйте а гроверовка и чехол будут', 1),
(1207, 117, NULL, 124, NULL, NULL, 'Выглядит ножик круто', 1),
(1208, 117, NULL, 27, NULL, '1208.jpg', NULL, 1),
(1209, 117, NULL, 124, NULL, NULL, 'Здраствуйте .Ножик получился отличный.Мне кажется что надпись слишком большая .Чучуть поменьше её можно зделать чтоб за полосу каторая по середине ножа идет не заходило.Как это реально зделать или все уже не получится.', 1),
(1210, 117, NULL, 27, NULL, NULL, 'два варианта. Либо перешлифовывать +350р либо мы еще скидку дадим в 100 рублей и оставим так.', 1),
(1211, 119, NULL, NULL, NULL, NULL, 'Сумма заказа: 5000 + 700 (доставка) = 5700 р.', 4),
(1212, 119, NULL, NULL, NULL, NULL, 'Статус заказа: поступил', 2),
(1213, 119, NULL, 126, NULL, NULL, 'Подскажите, ножны к ножу делаете?', 1),
(1214, 119, NULL, 27, NULL, NULL, 'Да ножны входят в стоимость ножа', 1),
(1215, 119, NULL, 27, NULL, NULL, 'Сделаем за 18 дней', 1),
(1216, 119, NULL, 27, NULL, NULL, 'К предоплате 1500р сбербанк(без комментария) 5469990010554272 Глеб Александрович', 1),
(1217, 119, NULL, 27, NULL, '1217.jpg', 'Крепления такого типа будут', 1),
(1218, 119, NULL, NULL, NULL, NULL, 'Всего внесено: 1500 р.', 4),
(1219, 119, NULL, NULL, NULL, NULL, 'Дней на заказ: 18', 4),
(1220, 119, NULL, NULL, NULL, NULL, 'Статус заказа: подтвержден', 2),
(1221, 117, NULL, 124, NULL, NULL, ' Здраствуйте как гровировка.', 1),
(1222, 117, NULL, 124, NULL, NULL, 'Здраствуйте .Что произошло что так долго гроверуете надпись.', 1),
(1223, 117, NULL, 27, NULL, NULL, 'Мастер накосячил и сделал надпись по центру клинка. Переносим в угол', 1),
(1224, 117, NULL, 124, NULL, NULL, 'Вы мастеру предостовляете какиенибуть искизы чтоб они правильно гравировку делали.Меня время поджимает клинок идет в подарок а у вас он еще не годов.Сроки изготовления совсем не выдерживаются.', 1),
(1225, 117, NULL, 27, NULL, '1225.jpg', 'Да масетру был предоставлен эскиз', 1),
(1226, 117, NULL, 27, NULL, '1226.jpg', 'А было сделано', 1),
(1227, 117, NULL, 124, NULL, NULL, 'Кагда будет изделие готова', 1),
(1228, 117, NULL, 27, NULL, NULL, 'сегодня скорее всего', 1),
(1229, 117, NULL, 124, NULL, NULL, 'Может быть вы вы ещё скитку зделаете за задержку', 1),
(1230, 117, NULL, 27, NULL, NULL, 'Про размер гравировки не было оговорено.', 1),
(1231, 117, NULL, 124, NULL, NULL, 'Почему там написано наверху около ручки.Что писать по центру или половину  лезвия надпись я не говорил', 1),
(1232, 117, NULL, 124, NULL, NULL, 'Что то не могу до вас дозвониться', 1),
(1233, 117, NULL, 124, NULL, NULL, 'Добрый вечер, как моё изделие готова ?', 1),
(1234, 117, NULL, 27, NULL, NULL, 'Здравствуйте. Мастер пока не выходил на связь', 1),
(1235, 117, NULL, 124, NULL, NULL, 'Здрастауйте как гроверовка готова', 1),
(1236, 117, NULL, 124, NULL, NULL, 'Добрый вечер .Что у вас там происходит как там моё изделие', 1),
(1237, 117, NULL, 124, NULL, NULL, 'Как там моё изделие', 1),
(1238, 117, NULL, 124, NULL, NULL, 'Завтра уже будет месяц как вы делаете мне ножик', 1),
(1239, 117, NULL, 124, NULL, NULL, 'Вы связались с гроверовщиком', 1),
(1240, 117, NULL, 27, NULL, '1240.jpg', NULL, 1),
(1241, 117, NULL, 124, NULL, NULL, 'Здравствуйте а ножны в комплекте можно посмотреть.', 1),
(1242, 117, NULL, 27, NULL, NULL, 'Фото долго нужно будет ждать', 1),
(1243, 117, NULL, 27, NULL, NULL, 'Вечером или завтра', 1),
(1244, 117, NULL, 27, NULL, NULL, 'Итого осталось доплатить 3076+400(почта РФ) = 3476р Сбербанк (без комментария) 5469990010554272 Глеб Александрович', 1),
(1245, 117, NULL, 124, NULL, NULL, 'В смысле долго ждать выже вместе с ножнами будете отпровлять.Я вам перезвоню через 5 минут', 1),
(1246, 119, NULL, NULL, NULL, NULL, 'Статус заказа: изготавливается', 2),
(1247, 117, NULL, NULL, NULL, NULL, 'Всего внесено: 4982 р.', 4),
(1248, 117, NULL, NULL, NULL, NULL, 'Статус заказа: ожидает отправки', 2),
(1249, 120, NULL, NULL, NULL, NULL, 'Сумма заказа: 5110 + 700 (доставка) = 5810 р.', 4),
(1250, 120, NULL, NULL, NULL, NULL, 'Статус заказа: поступил', 2),
(1251, 118, NULL, 125, NULL, NULL, 'Сообщите пожалуйста, в какой стадии мой заказ?', 1),
(1252, 120, NULL, 27, NULL, NULL, 'Здравствуйте Вячеслав. Нож сделаем за 21 день. К предоплате 1533р Сбербанк(без комментария) 5469990010554272 Глеб Александрович', 1),
(1253, 120, NULL, NULL, NULL, NULL, 'Всего внесено: 1533 р.', 4),
(1254, 120, NULL, NULL, NULL, NULL, 'Дней на заказ: 21', 4),
(1255, 120, NULL, NULL, NULL, NULL, 'Статус заказа: подтвержден', 2),
(1256, 118, NULL, 27, NULL, NULL, 'Здравствуйте, скоро будет готов. Были проблемы на производстве. За задержку сделаем скидку', 1),
(1257, 117, NULL, 124, NULL, NULL, 'Здрааствуйте .Как мой заказ получилось отправит', 1),
(1258, 117, NULL, 27, NULL, '1258.jpg', NULL, 1),
(1259, 117, NULL, 27, NULL, NULL, '80088334672588', 1),
(1260, 117, NULL, NULL, NULL, NULL, 'Статус заказа: отправлен', 2),
(1261, 117, NULL, 124, NULL, NULL, 'Круто', 1),
(1262, 117, NULL, 124, NULL, NULL, 'Былобы лучше еслибы ножны были черного цвета под цвет ручки ножа ну ладно так тоже нормально.', 1),
(1263, 120, NULL, NULL, NULL, NULL, 'Статус заказа: изготавливается', 2),
(1264, 117, NULL, 124, NULL, NULL, 'Здравствуйте. У вас на сайте написано что ножны из натуральной кожи идут в подарок .Вы мне прислали ножик с ножнами не из кожи . Ножны не понятно из каково материала хотелось бы из кожи ', 1),
(1265, 117, NULL, 124, NULL, NULL, 'Можно как нибуть исправить эту ошибку', 1),
(1266, 117, NULL, 124, NULL, NULL, 'Здравствуйте ищё раз.Почуму вы не отвечаете на сообщения', 1),
(1267, 117, NULL, 27, NULL, NULL, 'Здравствуйте ножны из кожи. Пока ни кто кроме вас не жаловался', 1),
(1268, 117, NULL, 124, NULL, NULL, 'Во первы ножны надобыло с фотографировать показать мне устроит меня цвет или нет потом отпрпвлять .Во вторых посмотрите сами на ножны и вы увидете что это не кожа.Я бы хотел чтобы вы мне прислали кожанные ножны черного цвета.А другие ножны которые мне прислали я вам отошлю обратно', 1),
(1269, 117, NULL, 27, NULL, NULL, 'Цвет ножен не оговаривался изначально. Ножны кожанные. На черные можем поменять', 1),
(1270, 117, NULL, 124, NULL, NULL, 'Если делаете чтото и берёте за это деньги то делайте нормально  так чтобы товар соответствовал написсаному на сайте я про ножны', 1),
(1271, 117, NULL, 124, NULL, NULL, 'А самим сообразить .Ручка у ножа черная ножны присылаете светлокоричнивые ', 1),
(1272, 117, NULL, 124, NULL, NULL, 'Поменяйте', 1),
(1273, 117, NULL, 124, NULL, NULL, 'Только перед отправкой с фотографируйте', 1),
(1274, 117, NULL, 27, NULL, NULL, 'Черные ножны вам также могут тогда по  материалу не понравится', 1),
(1275, 117, NULL, 124, NULL, NULL, 'Вы мне пришлите черные ножны из натуральной кожи как написано на сайте ', 1),
(1276, 117, NULL, 124, NULL, NULL, 'Наверника за это деньги тоже взяли как за коженные', 1),
(1277, 117, NULL, 27, NULL, NULL, 'Это кожаные ножны мне мастер говорит', 1),
(1278, 117, NULL, 124, NULL, NULL, 'Хорошо пришлите мне черные ножны', 1),
(1279, 117, NULL, 124, NULL, NULL, 'По мне ножны не из натуральной кожи а из заменителя', 1),
(1280, 117, NULL, 27, NULL, NULL, 'Узнаю у мастера цену переделывания ножен', 1),
(1281, 117, NULL, 124, NULL, NULL, 'Вы сами проверьте ножны зажигалочкой кожа это или нет.', 1),
(1282, 117, NULL, 124, NULL, NULL, 'И всё будет понятно', 1),
(1283, 117, NULL, 27, NULL, NULL, 'Заменю слово натуральная на сайте', 1),
(1284, 117, NULL, 27, NULL, NULL, 'Плохо проверили мастера значит', 1),
(1285, 109, NULL, NULL, NULL, NULL, 'Статус заказа: отменён', 2),
(1286, 108, NULL, NULL, NULL, NULL, 'Статус заказа: выполнен', 2),
(1287, 99, NULL, NULL, NULL, NULL, 'Статус заказа: выполнен', 2),
(1288, 117, NULL, 124, NULL, NULL, 'Замените', 1),
(1289, 117, NULL, 124, NULL, NULL, 'А деньги как за натуральную кожу взяли?', 1),
(1290, 117, NULL, 124, NULL, NULL, 'Доугого цаета ножны реально зделать', 1),
(1291, 117, NULL, 27, NULL, NULL, 'Реально', 1),
(1292, 117, NULL, 124, NULL, NULL, 'Присылайте', 1),
(1293, 117, NULL, 27, NULL, NULL, 'Цену сначала узнаю', 1),
(1294, 117, NULL, 27, NULL, NULL, 'Цена ножен будет 450р+почта.', 1),
(1295, 117, NULL, 27, NULL, NULL, 'Пришлите фото места на ножнах где зажигали', 1),
(1296, 117, NULL, 124, NULL, NULL, 'Понятно всё .Теперь буду и ножны ёще две недели ждать.да и ещё заплати за это', 1),
(1297, 117, NULL, 27, NULL, NULL, 'А почему их должны бесплатно делать?', 1),
(1298, 117, NULL, 27, NULL, NULL, 'Фото где поджигали ножны зажигалкой можно увидеть. Ножны из натуральной кожи', 1),
(1299, 117, NULL, 124, NULL, NULL, 'Спорить бесполезно.Надеюсь недостатки учтете и в будущем их больше не повторять.', 1),
(1300, 117, NULL, 124, NULL, NULL, 'Тогда и замечания клиенты писать не будут', 1),
(1301, 117, NULL, 124, NULL, NULL, 'Давайте заканчивать спорить. Опиратор, меннджер или ка правильно вас назвать.Я указал недостатки при изготовлении моего изделия.Надеюсь следующий раз при заказе все недостатки будут учтены.Сам ножик зделон хорошо к нему притэнзий нету', 1),
(1302, 117, NULL, 124, NULL, NULL, 'Почему вы меня заблокировали в групе непойму', 1),
(1303, 117, NULL, 124, NULL, NULL, 'Конечно больше я у вас заказввать не буду .Но и советовать вас тоже не каму не буду потомучто вы не одыкватно реагируете на критику.Удалили все мои отзавы но это не проблема можно новые отослать', 1),
(1304, 117, NULL, NULL, NULL, NULL, 'Статус заказа: выполнен', 2),
(1305, 119, NULL, 126, NULL, NULL, 'Здравия!!! Как обстоят дела с заказом? ', 1),
(1306, 119, NULL, 27, NULL, '1306.jpg', NULL, 1),
(1307, 119, NULL, NULL, NULL, NULL, 'Статус заказа: готов', 2),
(1308, 120, NULL, 27, NULL, '1308.jpg', NULL, 1),
(1309, 120, NULL, NULL, NULL, NULL, 'Статус заказа: готов', 2),
(1310, 118, NULL, 27, NULL, '1310.jpg', NULL, 1),
(1311, 118, NULL, NULL, NULL, NULL, 'Статус заказа: готов', 2),
(1312, 118, NULL, 27, NULL, NULL, 'Скидка в 36% за 12 рабочих дней просрочки', 1),
(1313, 118, NULL, NULL, NULL, NULL, 'Сумма заказа: 3174 + 400 (доставка) = 3574 р.', 4),
(1314, 118, NULL, 27, NULL, NULL, 'Итого осталось доплатить 3574-1488(предоплата) = 2086', 1),
(1315, 120, NULL, 27, NULL, NULL, 'Итого осталось доплатить 5810-1533(предоплата) = 4277р', 1),
(1316, 119, NULL, 27, NULL, NULL, 'Итого осталось доплатить 5700-1500=4200р', 1),
(1317, 118, NULL, 27, NULL, NULL, 'К оплате 2086р Сбербанк(без комментария) 5469990010554272 Глеб Александрович', 1),
(1318, 119, NULL, 27, NULL, NULL, 'К оплате 4200р Сбербанк(без комментария) 5469990010554272 Глеб Александрович', 1),
(1319, 120, NULL, 27, NULL, NULL, 'К оплате 4277р Сбербанк(без комментария) 5469990010554272 Глеб Александрович', 1),
(1320, 119, NULL, 126, NULL, NULL, 'Подскажите,  что с ножнами?  И когда после оплаты я его смогу получить?', 1),
(1321, 119, NULL, 27, NULL, NULL, 'Как оплатите отправим', 1),
(1322, 119, NULL, 27, NULL, NULL, 'Ножны есть', 1),
(1323, 119, NULL, 27, NULL, NULL, 'Фото чуть позже скину', 1),
(1324, 118, NULL, NULL, NULL, NULL, 'Всего внесено: 3574 р.', 4),
(1325, 118, NULL, NULL, NULL, NULL, 'Статус заказа: ожидает отправки', 2),
(1326, 121, NULL, NULL, NULL, NULL, 'Сумма заказа: 3650 + 400 (доставка) = 4050 р.', 4),
(1327, 121, NULL, NULL, NULL, NULL, 'Статус заказа: поступил', 2),
(1328, 121, NULL, NULL, NULL, NULL, 'Статус заказа: отменён', 2),
(1329, 122, NULL, NULL, NULL, NULL, 'Сумма заказа: 4480 + 400 (доставка) = 4880 р.', 4),
(1330, 122, NULL, NULL, NULL, NULL, 'Статус заказа: поступил', 2),
(1331, 122, NULL, 128, NULL, NULL, 'Куда оплачивать ', 1),
(1332, 122, NULL, NULL, NULL, NULL, 'Статус заказа: отменён', 2),
(1333, 122, NULL, NULL, NULL, NULL, 'Статус заказа: поступил', 2),
(1334, 120, NULL, NULL, NULL, NULL, 'Всего внесено: 5810 р.', 4),
(1335, 120, NULL, NULL, NULL, NULL, 'Статус заказа: ожидает отправки', 2),
(1336, 119, NULL, 126, NULL, NULL, 'Перевёл ', 1),
(1337, 119, NULL, NULL, NULL, NULL, 'Всего внесено: 5700 р.', 4);
INSERT INTO `messages` (`id`, `id_order`, `id_individual`, `id_sender`, `id_recipient`, `attach_image`, `message`, `id_message_type`) VALUES
(1338, 119, NULL, NULL, NULL, NULL, 'Статус заказа: ожидает отправки', 2),
(1339, 122, NULL, NULL, NULL, NULL, 'Всего внесено: 1344 р.', 4),
(1340, 122, NULL, NULL, NULL, NULL, 'Дней на заказ: 21', 4),
(1341, 122, NULL, NULL, NULL, NULL, 'Статус заказа: подтвержден', 2),
(1342, 122, NULL, 128, NULL, NULL, 'Можно толщину обуха вместо 2,4 мм сделать 3? Цена ведь не изменится ?', 1),
(1343, 122, NULL, 128, NULL, NULL, '3,5 мм толщину обуха ', 1),
(1344, 122, NULL, NULL, NULL, NULL, 'Сумма заказа: 4480 + 700 (доставка) = 5180 р.', 4),
(1345, 122, NULL, 27, NULL, NULL, 'сменил доставку на ems', 1),
(1346, 122, NULL, NULL, NULL, NULL, 'Сумма заказа: 4580 + 700 (доставка) = 5280 р.', 4),
(1347, 122, NULL, 27, NULL, NULL, '+100 за отверстие на ручке', 1),
(1348, 122, NULL, 128, NULL, NULL, 'Добрый день!!! Процес изготовления ножа пошёл?', 1),
(1349, 118, NULL, 125, NULL, NULL, 'Когда отправите?', 1),
(1350, 119, NULL, 126, NULL, NULL, 'Ну как, отправили?', 1),
(1351, 122, NULL, NULL, NULL, NULL, 'Статус заказа: изготавливается', 2),
(1352, 118, NULL, 27, NULL, NULL, ' 80088434360064', 1),
(1353, 118, NULL, NULL, NULL, NULL, 'Статус заказа: отправлен', 2),
(1354, 120, NULL, 27, NULL, NULL, 'EF011827455RU', 1),
(1355, 120, NULL, NULL, NULL, NULL, 'Статус заказа: отправлен', 2),
(1356, 119, NULL, 27, NULL, NULL, 'Ножны были сшиты с браком как сошьем заново отправим', 1),
(1357, 119, NULL, 126, NULL, NULL, 'Добро! А сколько по времени?  Я не давлю,  просто уже очень хочется поскорей его увидеть))) ', 1),
(1358, 119, NULL, 27, NULL, NULL, 'На этой неделе должны быть переделаны', 1),
(1359, 119, NULL, 126, NULL, NULL, 'Благодарю!  Приятно осознавать,  что Вы так тщательно относитесь к своей работе. ', 1),
(1360, 123, NULL, NULL, NULL, NULL, 'Сумма заказа: 3940 + 400 (доставка) = 4340 р.', 4),
(1361, 123, NULL, NULL, NULL, NULL, 'Статус заказа: поступил', 2),
(1362, 123, NULL, 129, NULL, NULL, 'xc', 1),
(1363, 123, NULL, 27, NULL, NULL, 'cc', 1),
(1364, 123, NULL, 129, NULL, NULL, 'scd', 1),
(1365, 123, NULL, NULL, NULL, NULL, 'Статус заказа: отменён', 2),
(1366, 119, NULL, 27, NULL, '1366.jpg', NULL, 1),
(1367, 119, NULL, 126, NULL, NULL, 'Красотища!', 1),
(1368, 119, NULL, 126, NULL, NULL, 'А когда отправите?', 1),
(1369, 119, NULL, 126, NULL, NULL, 'От всей души Благодарю весь коллектив Вятичей за проделанную работу по изготовлению моего ножа. Изделие великолепно и полностью соответствует всем моим пожеланиям. Желаю Вам процветания и дальнейших успехов.', 1),
(1370, 119, NULL, NULL, NULL, NULL, 'Статус заказа: выполнен', 2),
(1371, 122, NULL, NULL, NULL, NULL, 'Статус заказа: готов', 2),
(1372, 124, NULL, NULL, NULL, NULL, 'Сумма заказа: 10840 + 700 (доставка) = 11540 р.', 4),
(1373, 124, NULL, NULL, NULL, NULL, 'Статус заказа: поступил', 2),
(1374, 124, NULL, NULL, NULL, NULL, 'Всего внесено: 3252 р.', 4),
(1375, 124, NULL, NULL, NULL, NULL, 'Статус заказа: подтвержден', 2),
(1376, 124, NULL, NULL, NULL, NULL, 'Дней на заказ: 21', 4),
(1377, 122, NULL, 27, NULL, NULL, 'Ждем оплаты и отправляем', 1),
(1378, 124, NULL, NULL, NULL, NULL, 'Статус заказа: изготавливается', 2),
(1379, 125, NULL, NULL, NULL, NULL, 'Сумма заказа: 4370 + 700 (доставка) = 5070 р.', 4),
(1380, 125, NULL, NULL, NULL, NULL, 'Статус заказа: поступил', 2),
(1381, 122, NULL, NULL, NULL, NULL, 'Всего внесено: 3544 р.', 4),
(1382, 122, NULL, NULL, NULL, NULL, 'Сумма заказа: 4580 + 400 (доставка) = 4980 р.', 4),
(1383, 122, NULL, NULL, NULL, NULL, 'Всего внесено: 4980 р.', 4),
(1384, 122, NULL, NULL, NULL, NULL, 'Статус заказа: ожидает отправки', 2),
(1385, 124, NULL, NULL, NULL, NULL, 'Статус заказа: готов', 2),
(1386, 124, NULL, NULL, NULL, NULL, 'Статус заказа: готов', 2),
(1387, 122, NULL, NULL, NULL, NULL, 'Статус заказа: отправлен', 2),
(1388, 124, NULL, NULL, NULL, NULL, 'Всего внесено: 11540 р.', 4),
(1389, 124, NULL, NULL, NULL, NULL, 'Статус заказа: ожидает отправки', 2),
(1390, 126, NULL, NULL, NULL, NULL, 'Сумма заказа: 4050 + 400 (доставка) = 4450 р.', 4),
(1391, 126, NULL, NULL, NULL, NULL, 'Статус заказа: поступил', 2),
(1392, 126, NULL, NULL, NULL, NULL, 'Статус заказа: отменён', 2),
(1393, 124, NULL, NULL, NULL, NULL, 'Статус заказа: отправлен', 2),
(1394, 125, NULL, NULL, NULL, NULL, 'Статус заказа: отменён', 2),
(1395, 118, NULL, NULL, NULL, NULL, 'Статус заказа: выполнен', 2),
(1396, 120, NULL, NULL, NULL, NULL, 'Статус заказа: выполнен', 2),
(1397, 127, NULL, NULL, NULL, NULL, 'Сумма заказа: 4050 + 700 (доставка) = 4750 р.', 4),
(1398, 127, NULL, NULL, NULL, NULL, 'Статус заказа: поступил', 2),
(1399, 124, NULL, NULL, NULL, NULL, 'Статус заказа: выполнен', 2),
(1400, 122, NULL, NULL, NULL, NULL, 'Статус заказа: выполнен', 2),
(1401, 128, NULL, NULL, NULL, NULL, 'Сумма заказа: 4250 + 400 (доставка) = 4650 р.', 4),
(1402, 128, NULL, NULL, NULL, NULL, 'Статус заказа: поступил', 2),
(1403, 128, NULL, NULL, NULL, NULL, 'Всего внесено: 1275 р.', 4),
(1404, 128, NULL, NULL, NULL, NULL, 'Дней на заказ: 21', 4),
(1405, 128, NULL, NULL, NULL, NULL, 'Статус заказа: подтвержден', 2),
(1406, 128, NULL, NULL, NULL, NULL, 'Статус заказа: изготавливается', 2),
(1407, 128, NULL, 27, NULL, '1407.jpg', NULL, 1),
(1408, 128, NULL, 27, NULL, '1408.jpg', NULL, 1),
(1409, 128, NULL, 27, NULL, NULL, 'Клинок-110мм,рукоять - 120мм Ширина-30мм По обуху-3мм Сведен - 0.2-0.3 Заточен в 36градусов', 1),
(1410, 128, NULL, 27, NULL, NULL, 'Есть такой нож в наличии тоже х12мф со схожими характеристиками, если не хотите ждать то можем этот отправить по той же цене, рукоять стабилизированная карельская береза', 1),
(1411, 128, NULL, 134, NULL, NULL, 'Готов подождать изготовления того, что заказал.', 1),
(1412, 128, NULL, 27, NULL, NULL, 'Хорошо', 1),
(1413, 127, NULL, NULL, NULL, NULL, 'Статус заказа: отменён', 2),
(1414, 128, NULL, 27, NULL, '1414.jpg', NULL, 1),
(1415, 128, NULL, 27, NULL, '1415.jpg', NULL, 1),
(1416, 128, NULL, 27, NULL, '1416.jpg', NULL, 1),
(1417, 128, NULL, NULL, NULL, NULL, 'Статус заказа: готов', 2),
(1418, 128, NULL, NULL, NULL, NULL, 'Всего внесено: 4650 р.', 4),
(1419, 128, NULL, NULL, NULL, NULL, 'Статус заказа: ожидает отправки', 2),
(1420, 128, NULL, NULL, NULL, NULL, 'Статус заказа: выполнен', 2),
(1421, 129, NULL, NULL, NULL, NULL, 'Сумма заказа: 5660 + 400 (доставка) = 6060 р.', 4),
(1422, 129, NULL, NULL, NULL, NULL, 'Статус заказа: поступил', 2),
(1423, 129, NULL, NULL, NULL, NULL, 'Дней на заказ: 14', 4),
(1424, 129, NULL, NULL, NULL, NULL, 'Дней на заказ: 14', 4),
(1425, 129, NULL, NULL, NULL, NULL, 'Всего внесено: 1700 р.', 4),
(1426, 129, NULL, NULL, NULL, NULL, 'Статус заказа: изготавливается', 2),
(1427, 130, NULL, NULL, NULL, NULL, 'Сумма заказа: 3830 + 400 (доставка) = 4230 р.', 4),
(1428, 130, NULL, NULL, NULL, NULL, 'Статус заказа: поступил', 2),
(1429, 129, NULL, NULL, NULL, NULL, 'Всего внесено: 6060 р.', 4),
(1430, 131, NULL, NULL, NULL, NULL, 'Сумма заказа: 4180 + 400 (доставка) = 4580 р.', 4),
(1431, 131, NULL, NULL, NULL, NULL, 'Статус заказа: поступил', 2),
(1432, 131, NULL, NULL, NULL, NULL, 'Сумма заказа: 4500 + 400 (доставка) = 4900 р.', 4),
(1433, 129, NULL, 27, NULL, '1433.jpg', NULL, 1),
(1434, 129, NULL, NULL, NULL, NULL, 'Статус заказа: готов', 2),
(1435, 129, NULL, 135, NULL, NULL, 'Супер!!!!', 1),
(1436, 129, NULL, NULL, NULL, NULL, 'Статус заказа: ожидает отправки', 2),
(1437, 129, NULL, NULL, NULL, NULL, 'Статус заказа: отправлен', 2),
(1438, 129, NULL, 27, NULL, NULL, 'Трек номер для отслеживания 80110143426578 ', 1),
(1439, 132, NULL, NULL, NULL, NULL, 'Сумма заказа: 3840 + 400 (доставка) = 4240 р.', 4),
(1440, 132, NULL, NULL, NULL, NULL, 'Статус заказа: поступил', 2),
(1441, 132, NULL, NULL, NULL, NULL, 'Статус заказа: изготавливается', 2),
(1442, 132, NULL, NULL, NULL, NULL, 'Всего внесено: 1152 р.', 4),
(1443, 132, NULL, NULL, NULL, NULL, 'Дней на заказ: 14', 4),
(1444, 129, NULL, 135, NULL, NULL, 'Спасибо. Очень доволен!!!', 1),
(1445, 129, NULL, 27, NULL, NULL, 'Будем рады вашему отзыву в группе вконтакте https://vk.com/topic-74873609_38982367', 1),
(1446, 133, NULL, NULL, NULL, NULL, 'Сумма заказа: 3960 + 400 (доставка) = 4360 р.', 4),
(1447, 133, NULL, NULL, NULL, NULL, 'Статус заказа: поступил', 2);

-- --------------------------------------------------------

--
-- Структура таблицы `message_type`
--

CREATE TABLE `message_type` (
  `id` int(11) NOT NULL,
  `name` char(30) NOT NULL
) ENGINE=InnoDB DEFAULT CHARSET=utf8;

--
-- Дамп данных таблицы `message_type`
--

INSERT INTO `message_type` (`id`, `name`) VALUES
(1, 'обычное'),
(2, 'смена статуса'),
(3, 'смена мастера'),
(4, 'смена цены'),
(5, 'внесена сумма');

-- --------------------------------------------------------

--
-- Структура таблицы `onlines`
--

CREATE TABLE `onlines` (
  `id` int(11) NOT NULL,
  `name` char(10) NOT NULL
) ENGINE=InnoDB DEFAULT CHARSET=utf8;

--
-- Дамп данных таблицы `onlines`
--

INSERT INTO `onlines` (`id`, `name`) VALUES
(0, 'не онлайн'),
(1, 'онлайн');

-- --------------------------------------------------------

--
-- Структура таблицы `orderpaynowtoken`
--

CREATE TABLE `orderpaynowtoken` (
  `id` int(11) NOT NULL,
  `id_order` int(11) NOT NULL,
  `token` char(100) NOT NULL
) ENGINE=InnoDB DEFAULT CHARSET=utf8;

-- --------------------------------------------------------

--
-- Структура таблицы `orders`
--

CREATE TABLE `orders` (
  `id` int(11) NOT NULL,
  `id_user` int(11) NOT NULL,
  `id_master` int(11) DEFAULT NULL,
  `id_status` int(11) NOT NULL,
  `id_payment` int(11) NOT NULL,
  `sum_of_order` int(11) NOT NULL,
  `id_payed` int(11) NOT NULL DEFAULT '1',
  `money_payed` int(11) NOT NULL DEFAULT '0',
  `id_type_order` int(11) NOT NULL,
  `id_type_send` int(11) NOT NULL DEFAULT '1',
  `customer_note` text,
  `purpose` text,
  `created_at` timestamp NULL DEFAULT CURRENT_TIMESTAMP,
  `updated_at` timestamp NULL DEFAULT CURRENT_TIMESTAMP ON UPDATE CURRENT_TIMESTAMP,
  `days_for_order` int(11) DEFAULT NULL,
  `id_viewed` int(11) DEFAULT '1',
  `id_viewed_master` int(11) NOT NULL DEFAULT '1'
) ENGINE=InnoDB DEFAULT CHARSET=utf8;

--
-- Дамп данных таблицы `orders`
--

INSERT INTO `orders` (`id`, `id_user`, `id_master`, `id_status`, `id_payment`, `sum_of_order`, `id_payed`, `money_payed`, `id_type_order`, `id_type_send`, `customer_note`, `purpose`, `days_for_order`, `id_viewed`, `id_viewed_master`) VALUES
(9, 31, NULL, 10, 1, 4800, 1, 0, 3, 1, NULL, 'Позвонить клиенту', NULL, 2, 2),
(10, 32, NULL, 10, 1, 2494, 1, 0, 1, 1, NULL, 'Позвонить клиенту', NULL, 1, 1),
(11, 32, NULL, 10, 1, 5040, 1, 0, 1, 2, NULL, 'Позвонить клиенту', NULL, 1, 1),
(12, 32, NULL, 10, 1, 3040, 1, 0, 1, 1, NULL, 'Позвонить клиенту', NULL, 2, 2),
(13, 32, NULL, 10, 1, 4090, 1, 0, 1, 1, NULL, 'Позвонить клиенту', NULL, 1, 1),
(14, 33, NULL, 10, 1, 4080, 1, 0, 1, 1, NULL, 'Позвонить клиенту', NULL, 2, 1),
(15, 32, NULL, 10, 1, 4390, 1, 0, 1, 1, NULL, 'Позвонить клиенту', NULL, 2, 2),
(16, 35, NULL, 10, 1, 4905, 1, 0, 1, 1, NULL, 'Позвонить клиенту', NULL, 2, 1),
(17, 36, NULL, 11, 1, 4734, 2, 5134, 1, 1, NULL, '28.08.18', 7, 2, 2),
(18, 37, NULL, 11, 1, 2322, 2, 2722, 1, 1, NULL, '.', 3, 2, 2),
(19, 38, NULL, 11, 1, 5450, 2, 5850, 1, 1, 'Финишная обработка клинка, \r\nНавершие ручки нужно сделать из латуни как и больстер', '30.08.18', 7, 2, 2),
(20, 39, NULL, 10, 1, 4959, 1, 0, 1, 1, NULL, 'Уточнить 2.4', NULL, 2, 1),
(21, 40, NULL, 11, 1, 3440, 2, 3840, 1, 1, NULL, '03.09.18', 10, 2, 2),
(22, 41, NULL, 10, 1, 5580, 1, 0, 1, 1, NULL, 'Позвонить клиенту', NULL, 1, 1),
(23, 42, NULL, 11, 1, 640, 2, 1040, 1, 1, 'Клинок матовый (стоунвош)', '03.09.18 сабельные', 7, 2, 2),
(24, 43, NULL, 10, 1, 3951, 1, 0, 1, 1, NULL, 'Позвонить клиенту', NULL, 2, 1),
(25, 44, NULL, 10, 1, 2669, 1, 0, 1, 1, NULL, 'Позвонить клиенту', NULL, 2, 1),
(26, 45, NULL, 10, 1, 4888, 1, 0, 1, 1, NULL, 'Позвонить клиенту', NULL, 2, 1),
(27, 46, NULL, 10, 1, 2703, 1, 0, 1, 1, NULL, 'Позвонить клиенту', NULL, 2, 1),
(28, 47, NULL, 10, 1, 4888, 1, 0, 1, 1, NULL, 'Позвонить клиенту', NULL, 2, 1),
(29, 48, NULL, 10, 1, 2363, 1, 0, 1, 1, NULL, 'Позвонить клиенту', NULL, 2, 1),
(30, 49, NULL, 10, 1, 3951, 1, 0, 1, 1, NULL, 'Позвонить клиенту', NULL, 2, 1),
(31, 50, NULL, 10, 1, 3494, 1, 0, 1, 1, NULL, 'Позвонить клиенту', NULL, 2, 1),
(32, 51, NULL, 10, 1, 2890, 1, 0, 1, 1, NULL, 'Позвонить клиенту', NULL, 2, 1),
(33, 52, NULL, 10, 1, 2669, 1, 0, 1, 1, NULL, 'Позвонить клиенту', NULL, 2, 1),
(34, 53, NULL, 10, 1, 4463, 1, 0, 1, 1, NULL, 'Позвонить клиенту', NULL, 2, 1),
(35, 54, NULL, 10, 1, 2516, 1, 0, 1, 1, NULL, 'Позвонить клиенту', NULL, 2, 1),
(36, 55, NULL, 10, 1, 2363, 1, 0, 1, 1, NULL, 'Позвонить клиенту', NULL, 2, 1),
(38, 57, NULL, 10, 1, 4463, 1, 0, 1, 1, NULL, 'Позвонить клиенту', NULL, 2, 1),
(39, 58, NULL, 10, 1, 4463, 1, 0, 1, 1, NULL, 'Позвонить клиенту', NULL, 2, 1),
(40, 59, NULL, 10, 1, 2669, 1, 0, 1, 1, NULL, 'Позвонить клиенту', NULL, 2, 1),
(41, 60, NULL, 10, 1, 5389, 1, 0, 1, 1, NULL, 'Позвонить клиенту', NULL, 2, 1),
(42, 61, NULL, 10, 1, 5706, 1, 0, 1, 2, NULL, 'Позвонить клиенту', NULL, 2, 1),
(43, 62, NULL, 10, 1, 4463, 1, 0, 1, 1, NULL, 'Позвонить клиенту', NULL, 2, 1),
(44, 63, NULL, 10, 1, 3951, 1, 0, 1, 1, NULL, 'Позвонить клиенту', NULL, 2, 1),
(45, 64, NULL, 10, 1, 2916, 1, 0, 1, 1, NULL, 'Позвонить клиенту', NULL, 2, 2),
(46, 65, NULL, 10, 1, 2061, 1, 0, 1, 1, NULL, '15 сентября позвонить', NULL, 2, 2),
(47, 67, NULL, 10, 1, 2965, 1, 0, 1, 1, NULL, 'Позвонить клиенту', NULL, 2, 2),
(48, 69, NULL, 11, 1, 2550, 2, 3250, 1, 2, NULL, '11.02.18', 9, 2, 2),
(49, 70, NULL, 10, 1, 3936, 1, 0, 1, 1, NULL, 'Позвонить клиенту', NULL, 2, 1),
(50, 70, NULL, 10, 1, 3951, 1, 0, 1, 1, NULL, 'Позвонить клиенту', NULL, 1, 1),
(51, 70, NULL, 10, 1, 3951, 1, 0, 1, 1, NULL, 'Позвонить клиенту', NULL, 2, 1),
(52, 67, NULL, 11, 1, 2820, 2, 3220, 1, 1, NULL, 'темляк 12.09', 9, 2, 2),
(53, 71, NULL, 10, 1, 3766, 1, 0, 1, 1, NULL, 'Позвонить клиенту', NULL, 2, 1),
(54, 70, NULL, 10, 1, 3951, 1, 0, 1, 2, NULL, 'Позвонить клиенту', NULL, 2, 1),
(55, 71, NULL, 11, 1, 3240, 2, 3640, 1, 1, 'Мне нравится как выполнены следы ковки. Разбросанные по лезвию с проплешинами. И у рукоятки. Обратите внимание на заточку, пожалуйста. Ножны под широкий солдатский ремень.', '12.09.18', 9, 2, 2),
(56, 70, NULL, 10, 1, 3341, 1, 0, 1, 1, NULL, 'Позвонить клиенту', NULL, 1, 1),
(57, 70, NULL, 10, 1, 3341, 1, 0, 1, 1, NULL, 'Позвонить клиенту', NULL, 1, 1),
(58, 72, NULL, 11, 1, 4059, 2, 4459, 1, 1, NULL, '12.09.18', 10, 2, 2),
(59, 73, NULL, 11, 1, 4585, 2, 4985, 1, 1, 'Грань 2/3 от голомени, пята 10 - 15 мм, опускание спинки черена( рукояти) относительно ребра примерно 12 градусов.', '19.09.18', 14, 2, 2),
(60, 74, NULL, 10, 1, 4770, 1, 0, 1, 1, NULL, 'Позвонить клиенту', NULL, 2, 2),
(61, 76, NULL, 10, 1, 3564, 1, 0, 1, 1, NULL, 'Позвонить клиенту', NULL, 1, 1),
(62, 42, NULL, 10, 1, 2979, 1, 0, 1, 1, 'Сатин.\r\nХочу дождаться своего заказа # 23 и посмотрев его,сделать этот заказ.', 'После #23', NULL, 2, 2),
(63, 77, NULL, 10, 1, 3766, 1, 0, 1, 1, NULL, 'Позвонить клиенту', NULL, 1, 1),
(64, 78, NULL, 10, 1, 3654, 1, 0, 1, 1, NULL, 'Позвонить клиенту', NULL, 2, 1),
(65, 78, NULL, 10, 1, 2890, 1, 0, 1, 1, 'Hgg', 'Позвонить клиенту', NULL, 2, 1),
(66, 79, NULL, 10, 1, 3510, 1, 0, 1, 1, NULL, 'Позвонить клиенту', NULL, 2, 1),
(67, 80, NULL, 10, 1, 2100, 1, 1000, 1, 1, 'Очень важно чтобы общая длинна ножа не превышала 180 мм', '180 мм 20.09', 12, 2, 1),
(68, 81, NULL, 11, 1, 2350, 2, 2750, 1, 1, NULL, '22.09', 14, 2, 1),
(69, 84, NULL, 10, 1, 5086, 1, 0, 1, 1, 'Финишная обработка клинка,  ножны если возможно..  И отвестие вконце ручки,  для шнуровки паракордом...', 'Темляк 30.09', 14, 2, 1),
(70, 85, NULL, 10, 1, 2270, 1, 0, 1, 2, 'Финишная обработка клинка', '05.10', 15, 2, 1),
(71, 86, NULL, 10, 1, 5382, 1, 0, 1, 1, NULL, 'Позвонить клиенту', NULL, 2, 1),
(72, 87, NULL, 10, 1, 3168, 1, 0, 1, 1, NULL, 'Позвонить клиенту', NULL, 2, 1),
(73, 85, NULL, 11, 1, 3015, 2, 3415, 1, 1, NULL, '22.10 Knife: НДК-17', 15, 2, 1),
(74, 88, NULL, 10, 1, 1764, 1, 0, 1, 1, NULL, 'Позвонить клиенту', NULL, 2, 1),
(75, 89, NULL, 10, 1, 1764, 1, 0, 1, 1, NULL, 'Позвонить клиенту', NULL, 2, 1),
(76, 89, NULL, 10, 1, 3798, 1, 0, 1, 1, NULL, 'Позвонить клиенту', NULL, 2, 1),
(77, 90, NULL, 10, 1, 4059, 1, 0, 1, 1, NULL, 'Позвонить клиенту', NULL, 2, 1),
(78, 91, NULL, 10, 1, 4599, 1, 0, 1, 1, NULL, 'Позвонить клиенту', NULL, 2, 1),
(79, 92, NULL, 10, 1, 4599, 1, 0, 1, 1, NULL, 'Позвонить клиенту', NULL, 2, 1),
(80, 93, NULL, 11, 1, 6080, 1, 1800, 1, 1, NULL, '01.11 Ножи ручной работы \"Ярослав гравировка\"', 21, 2, 1),
(81, 94, NULL, 10, 1, 4599, 1, 0, 1, 1, NULL, 'Позвонить клиенту', NULL, 1, 1),
(82, 95, NULL, 10, 1, 3111, 1, 0, 1, 1, NULL, 'ждем предоплату', NULL, 2, 1),
(83, 96, NULL, 10, 1, 5216, 1, 0, 1, 1, NULL, 'Позвонить клиенту', NULL, 2, 1),
(84, 96, NULL, 10, 1, 4750, 1, 0, 1, 1, NULL, 'Позвонить клиенту', NULL, 2, 1),
(85, 96, NULL, 10, 1, 4646, 1, 0, 1, 1, NULL, 'Позвонить клиенту', NULL, 2, 1),
(86, 97, NULL, 10, 1, 4532, 1, 0, 1, 1, NULL, 'Позвонить клиенту', NULL, 1, 1),
(87, 97, NULL, 10, 1, 4646, 1, 0, 1, 1, NULL, 'Позвонить клиенту', NULL, 1, 1),
(88, 97, NULL, 10, 1, 4532, 1, 0, 1, 1, NULL, 'Позвонить клиенту', NULL, 1, 1),
(89, 97, NULL, 10, 1, 3717, 1, 0, 1, 1, NULL, 'Позвонить клиенту', NULL, 1, 1),
(90, 98, NULL, 11, 1, 3410, 2, 3810, 1, 1, NULL, '05.11', 15, 2, 1),
(91, 100, NULL, 10, 1, 4494, 1, 0, 1, 1, NULL, 'Позвонить клиенту', NULL, 2, 1),
(92, 100, NULL, 10, 1, 5710, 1, 0, 1, 1, NULL, 'Позвонить клиенту', NULL, 2, 1),
(93, 101, NULL, 10, 1, 5159, 1, 0, 1, 1, NULL, 'Позвонить клиенту', NULL, 2, 1),
(94, 102, NULL, 10, 1, 6850, 1, 0, 3, 2, NULL, 'Позвонить клиенту', NULL, 2, 1),
(95, 103, NULL, 10, 1, 10564, 1, 0, 1, 1, NULL, 'Отказ', NULL, 2, 1),
(96, 104, NULL, 11, 1, 2886, 2, 3286, 1, 1, NULL, '30.10 НДК', 10, 2, 1),
(97, 105, NULL, 10, 1, 34254, 1, 0, 1, 2, NULL, 'Позвонить клиенту', NULL, 2, 1),
(98, 107, NULL, 10, 1, 2151, 1, 645, 1, 1, NULL, '07.11', 15, 2, 1),
(99, 106, NULL, 11, 1, 4803, 2, 5203, 1, 1, NULL, 'Жду оплаты', 15, 2, 1),
(100, 108, NULL, 11, 1, 4338, 1, 1300, 1, 1, NULL, 'Посылка ждет на почте', NULL, 2, 1),
(101, 109, NULL, 10, 1, 3573, 1, 0, 1, 1, NULL, 'Позвонить клиенту', NULL, 2, 1),
(102, 110, NULL, 11, 1, 6633, 1, 1990, 1, 1, NULL, '22.12', NULL, 2, 1),
(103, 111, NULL, 10, 1, 5481, 1, 0, 1, 1, NULL, 'Позвонить клиенту', NULL, 2, 1),
(104, 112, NULL, 10, 1, 4086, 1, 0, 1, 1, NULL, 'Позвонить клиенту', NULL, 2, 1),
(105, 113, NULL, 10, 1, 4320, 1, 0, 1, 1, NULL, 'Позвонить клиенту', NULL, 2, 1),
(106, 114, NULL, 10, 1, 4320, 1, 0, 1, 1, NULL, 'Позвонить клиенту', NULL, 2, 1),
(107, 115, NULL, 10, 1, 4990, 1, 0, 1, 1, NULL, 'Позвонить клиенту', NULL, 2, 1),
(108, 110, NULL, 11, 1, 5481, 2, 5881, 1, 1, NULL, 'Позвонить клиенту', NULL, 2, 1),
(109, 117, NULL, 10, 1, 3483, 1, 0, 1, 1, 'Серьёзная полировка рукаяти и лезвия', 'Позвонить клиенту', NULL, 2, 1),
(110, 118, NULL, 11, 1, 2665, 2, 3065, 1, 1, NULL, '11.02.19', 14, 2, 1),
(111, 119, NULL, 10, 1, 4860, 1, 10, 1, 1, NULL, 'Позвонить клиенту', NULL, 2, 1),
(112, 120, NULL, 10, 1, 6111, 1, 0, 1, 2, 'Гравировка фамилии Борисов.', 'Позвонить клиенту', NULL, 2, 1),
(113, 120, NULL, 10, 1, 4887, 1, 0, 1, 2, 'Гравировка фамилии Борисов на клинке', 'Позвонить клиенту', NULL, 2, 1),
(114, 121, NULL, 10, 1, 3200, 1, 0, 1, 1, NULL, 'Позвонить клиенту', NULL, 1, 1),
(115, 122, NULL, 10, 1, 4350, 1, 0, 1, 2, NULL, 'Позвонить клиенту', NULL, 2, 1),
(116, 123, NULL, 1, 1, 2050, 1, 0, 3, 1, NULL, 'Позвонить клиенту', NULL, 2, 1),
(117, 124, NULL, 11, 1, 4582, 2, 4982, 1, 1, 'Слово\"Россия\".Славянскими буквами, на лезвии наверху около ручки', 'Позвонить клиенту', 14, 2, 1),
(118, 125, NULL, 11, 1, 3174, 2, 3574, 1, 1, NULL, 'Позвонить клиенту', 14, 2, 1),
(119, 126, NULL, 11, 1, 5000, 2, 5700, 1, 2, NULL, '23 марта', 18, 2, 1),
(120, 127, NULL, 11, 1, 5110, 2, 5810, 1, 2, NULL, '3 апреля', 21, 2, 1),
(121, 128, NULL, 10, 1, 3650, 1, 0, 1, 1, NULL, 'Позвонить клиенту', NULL, 2, 1),
(122, 128, NULL, 11, 1, 4580, 2, 4980, 1, 1, NULL, 'Позвонить клиенту', 21, 2, 1),
(123, 129, NULL, 10, 1, 3940, 1, 0, 1, 1, NULL, 'Позвонить клиенту', NULL, 2, 1),
(124, 130, NULL, 11, 1, 10840, 2, 11540, 1, 2, NULL, 'Позвонить клиенту', 21, 2, 1),
(125, 131, NULL, 10, 1, 4370, 1, 0, 1, 2, 'Нож вес полированный до зеркала, без фанатизма но все же. Заточка 15 - 20 градусов . Прошу связаться со мной перед запуском в производство.', 'Позвонить клиенту', NULL, 2, 1),
(126, 132, NULL, 10, 1, 4050, 1, 0, 1, 1, NULL, 'Позвонить клиенту', NULL, 1, 1),
(127, 133, NULL, 10, 1, 4050, 1, 0, 1, 2, NULL, 'Позвонить клиенту', NULL, 2, 1),
(128, 134, NULL, 11, 1, 4250, 2, 4650, 1, 1, NULL, 'Позвонить клиенту', 21, 2, 1),
(129, 135, NULL, 7, 1, 5660, 2, 6060, 1, 1, NULL, 'Позвонить клиенту', 14, 2, 1),
(130, 136, NULL, 1, 1, 3830, 1, 0, 1, 1, 'Гравировка \"Самурай\"', 'Позвонить клиенту', NULL, 2, 1),
(131, 137, NULL, 1, 1, 4500, 1, 0, 1, 1, 'Финиш клинка стоунвош, отверстие под темляк с вклеенной трубкой, ножны черная кожа, свободный полвес, ширина подводов 0.3-0.4 мм, полный угол заточки 30- 35 градусов', 'Позвонить клиенту', NULL, 2, 1),
(132, 134, NULL, 4, 1, 3840, 1, 1152, 1, 1, 'Отверстие в ручке для темляка', 'Позвонить клиенту', 14, 2, 1),
(133, 138, NULL, 1, 1, 3960, 1, 0, 1, 1, NULL, 'Позвонить клиенту', NULL, 1, 1);

-- --------------------------------------------------------

--
-- Структура таблицы `order_statuses`
--

CREATE TABLE `order_statuses` (
  `id` int(11) NOT NULL,
  `name` char(30) NOT NULL
) ENGINE=InnoDB DEFAULT CHARSET=utf8;

--
-- Дамп данных таблицы `order_statuses`
--

INSERT INTO `order_statuses` (`id`, `name`) VALUES
(1, 'поступил'),
(2, 'подтвержден'),
(3, 'переговоры'),
(4, 'изготавливается'),
(5, 'готов'),
(6, 'ожидает отправки'),
(7, 'отправлен'),
(8, 'доставлен на почту'),
(9, 'доставлен'),
(10, 'отменён'),
(11, 'выполнен');

-- --------------------------------------------------------

--
-- Структура таблицы `order_statuses_for_type_users`
--

CREATE TABLE `order_statuses_for_type_users` (
  `id` int(11) NOT NULL,
  `id_user_type` int(11) NOT NULL,
  `id_order_status` int(11) NOT NULL,
  `id_permission` int(11) NOT NULL
) ENGINE=InnoDB DEFAULT CHARSET=utf8;

--
-- Дамп данных таблицы `order_statuses_for_type_users`
--

INSERT INTO `order_statuses_for_type_users` (`id`, `id_user_type`, `id_order_status`, `id_permission`) VALUES
(1, 1, 1, 2),
(2, 1, 2, 2),
(3, 1, 3, 2),
(4, 1, 4, 2),
(5, 1, 5, 2),
(6, 1, 6, 2),
(7, 1, 7, 2),
(8, 1, 8, 2),
(9, 1, 9, 2),
(10, 1, 10, 2),
(11, 1, 11, 2),
(12, 2, 1, 2),
(13, 2, 2, 2),
(14, 2, 3, 1),
(15, 2, 4, 1),
(16, 2, 5, 1),
(17, 2, 6, 2),
(18, 2, 7, 2),
(19, 2, 8, 2),
(20, 2, 9, 2),
(21, 2, 10, 2),
(22, 2, 11, 2),
(23, 3, 1, 2),
(24, 3, 2, 2),
(25, 3, 3, 1),
(26, 3, 4, 1),
(27, 3, 5, 1),
(28, 3, 6, 1),
(29, 3, 7, 1),
(30, 3, 8, 2),
(31, 3, 9, 2),
(32, 3, 10, 2),
(33, 3, 11, 2),
(34, 4, 1, 2),
(35, 4, 2, 1),
(36, 4, 3, 1),
(37, 4, 4, 2),
(38, 4, 5, 2),
(39, 4, 6, 2),
(40, 4, 7, 2),
(41, 4, 8, 1),
(42, 4, 9, 1),
(43, 4, 10, 1),
(44, 4, 11, 1),
(45, 9, 1, 2),
(46, 9, 2, 2),
(47, 9, 3, 2),
(48, 9, 4, 2),
(49, 9, 5, 2),
(50, 9, 6, 2),
(51, 9, 7, 2),
(52, 9, 8, 2),
(53, 9, 9, 2),
(54, 9, 10, 2),
(55, 9, 11, 2),
(56, 5, 1, 1),
(57, 5, 2, 1),
(58, 5, 3, 1),
(59, 5, 4, 1),
(60, 5, 5, 1),
(61, 5, 6, 1),
(62, 5, 7, 1),
(63, 5, 8, 1),
(64, 5, 9, 1),
(65, 5, 10, 1),
(66, 5, 11, 1);

-- --------------------------------------------------------

--
-- Структура таблицы `outersfromorder`
--

CREATE TABLE `outersfromorder` (
  `id` int(11) NOT NULL,
  `id_order` int(11) DEFAULT NULL,
  `id_individual` int(11) DEFAULT NULL,
  `id_user` int(11) NOT NULL,
  `time_outer` timestamp NULL DEFAULT '1999-12-31 21:00:00',
  `online` int(11) DEFAULT '0'
) ENGINE=InnoDB DEFAULT CHARSET=utf8;

--
-- Дамп данных таблицы `outersfromorder`
--

INSERT INTO `outersfromorder` (`id`, `id_order`, `id_individual`, `id_user`, `time_outer`, `online`) VALUES
(41, 9, NULL, 31, '2018-08-16 20:57:25', 0),
(42, 9, NULL, 2, '1999-12-31 21:00:00', 0),
(43, 9, NULL, 1, '2018-08-20 11:32:02', 0),
(44, 9, NULL, 27, '2018-09-05 06:14:41', 0),
(45, 9, NULL, 3, '2018-08-20 07:36:16', 0),
(46, 10, NULL, 32, '2018-08-17 13:32:50', 0),
(47, 10, NULL, 2, '1999-12-31 21:00:00', 0),
(48, 10, NULL, 1, '2018-08-17 14:03:17', 0),
(49, 10, NULL, 27, '1999-12-31 21:00:00', 0),
(50, 10, NULL, 3, '1999-12-31 21:00:00', 0),
(51, 11, NULL, 32, '2018-08-17 13:33:19', 0),
(52, 11, NULL, 2, '1999-12-31 21:00:00', 0),
(53, 11, NULL, 1, '2018-08-17 14:03:07', 0),
(54, 11, NULL, 27, '1999-12-31 21:00:00', 0),
(55, 11, NULL, 3, '1999-12-31 21:00:00', 0),
(56, 12, NULL, 32, '2018-08-17 14:37:38', 0),
(57, 12, NULL, 2, '1999-12-31 21:00:00', 0),
(58, 12, NULL, 1, '1999-12-31 21:00:00', 0),
(59, 12, NULL, 27, '2018-08-19 16:00:03', 0),
(60, 12, NULL, 3, '2018-08-19 16:35:17', 0),
(61, 13, NULL, 32, '2018-08-17 14:37:29', 0),
(62, 13, NULL, 2, '1999-12-31 21:00:00', 0),
(63, 13, NULL, 1, '1999-12-31 21:00:00', 0),
(64, 13, NULL, 27, '1999-12-31 21:00:00', 0),
(65, 13, NULL, 3, '1999-12-31 21:00:00', 0),
(66, 14, NULL, 33, '1999-12-31 21:00:00', 0),
(67, 14, NULL, 2, '1999-12-31 21:00:00', 0),
(68, 14, NULL, 1, '1999-12-31 21:00:00', 0),
(69, 14, NULL, 27, '2018-08-17 17:46:05', 0),
(70, 14, NULL, 3, '1999-12-31 21:00:00', 0),
(71, NULL, 1, 34, '2018-08-24 15:12:50', 0),
(72, NULL, 1, 2, '1999-12-31 21:00:00', 0),
(73, NULL, 1, 1, '2018-08-27 05:42:25', 0),
(74, NULL, 1, 27, '2018-08-25 08:33:10', 0),
(75, NULL, 1, 3, '2018-08-19 20:09:57', 0),
(76, 15, NULL, 32, '1999-12-31 21:00:00', 0),
(77, 15, NULL, 2, '1999-12-31 21:00:00', 0),
(78, 15, NULL, 1, '1999-12-31 21:00:00', 0),
(79, 15, NULL, 27, '2018-08-19 15:58:30', 0),
(80, 15, NULL, 3, '2018-08-19 15:21:51', 0),
(81, 16, NULL, 35, '2018-08-20 12:13:12', 0),
(82, 16, NULL, 2, '1999-12-31 21:00:00', 0),
(83, 16, NULL, 1, '2018-08-20 15:27:15', 0),
(84, 16, NULL, 27, '2018-08-21 10:09:57', 0),
(85, 16, NULL, 3, '1999-12-31 21:00:00', 0),
(86, 17, NULL, 36, '1999-12-31 21:00:00', 0),
(87, 17, NULL, 2, '1999-12-31 21:00:00', 0),
(88, 17, NULL, 1, '2018-08-29 15:11:31', 0),
(89, 17, NULL, 27, '2019-01-18 13:30:42', 0),
(90, 17, NULL, 3, '2018-08-21 20:09:17', 0),
(91, 18, NULL, 37, '2018-09-07 07:51:09', 0),
(92, 18, NULL, 2, '1999-12-31 21:00:00', 0),
(93, 18, NULL, 1, '2018-09-02 09:49:29', 0),
(94, 18, NULL, 27, '2018-09-21 09:12:31', 0),
(95, 18, NULL, 3, '2018-08-27 12:11:49', 0),
(96, 19, NULL, 38, '2018-09-11 05:02:22', 0),
(97, 19, NULL, 2, '1999-12-31 21:00:00', 0),
(98, 19, NULL, 1, '2018-10-02 12:58:17', 0),
(99, 19, NULL, 27, '2018-10-15 13:14:22', 0),
(100, 19, NULL, 3, '2018-09-06 09:58:08', 0),
(101, 20, NULL, 39, '1999-12-31 21:00:00', 0),
(102, 20, NULL, 2, '1999-12-31 21:00:00', 0),
(103, 20, NULL, 1, '2018-08-29 06:09:51', 0),
(104, 20, NULL, 27, '2018-09-05 06:22:17', 0),
(105, 20, NULL, 3, '1999-12-31 21:00:00', 0),
(106, 21, NULL, 40, '2018-10-08 09:13:09', 0),
(107, 21, NULL, 2, '1999-12-31 21:00:00', 0),
(108, 21, NULL, 1, '2018-10-06 14:49:38', 0),
(109, 21, NULL, 27, '2018-10-24 04:45:58', 0),
(110, 21, NULL, 3, '2018-09-06 09:56:52', 0),
(111, 22, NULL, 41, '2018-08-25 06:14:26', 0),
(112, 22, NULL, 2, '1999-12-31 21:00:00', 0),
(113, 22, NULL, 1, '2018-08-27 19:02:22', 0),
(114, 22, NULL, 27, '1999-12-31 21:00:00', 0),
(115, 22, NULL, 3, '1999-12-31 21:00:00', 0),
(116, 23, NULL, 42, '2018-09-16 11:22:32', 0),
(117, 23, NULL, 2, '1999-12-31 21:00:00', 0),
(118, 23, NULL, 1, '2018-09-07 16:29:53', 0),
(119, 23, NULL, 27, '2019-01-18 13:30:34', 0),
(120, 23, NULL, 3, '2018-09-06 09:56:47', 0),
(121, 24, NULL, 43, '2018-08-29 15:29:13', 0),
(122, 24, NULL, 2, '1999-12-31 21:00:00', 0),
(123, 24, NULL, 1, '1999-12-31 21:00:00', 0),
(124, 24, NULL, 27, '2018-08-30 10:50:30', 0),
(125, 24, NULL, 3, '1999-12-31 21:00:00', 0),
(126, 25, NULL, 44, '1999-12-31 21:00:00', 0),
(127, 25, NULL, 2, '1999-12-31 21:00:00', 0),
(128, 25, NULL, 1, '1999-12-31 21:00:00', 0),
(129, 25, NULL, 27, '2018-08-30 09:12:31', 0),
(130, 25, NULL, 3, '1999-12-31 21:00:00', 0),
(131, 26, NULL, 45, '1999-12-31 21:00:00', 0),
(132, 26, NULL, 2, '1999-12-31 21:00:00', 0),
(133, 26, NULL, 1, '1999-12-31 21:00:00', 0),
(134, 26, NULL, 27, '2018-08-30 09:12:19', 0),
(135, 26, NULL, 3, '1999-12-31 21:00:00', 0),
(136, 27, NULL, 46, '1999-12-31 21:00:00', 0),
(137, 27, NULL, 2, '1999-12-31 21:00:00', 0),
(138, 27, NULL, 1, '1999-12-31 21:00:00', 0),
(139, 27, NULL, 27, '2018-08-30 09:12:45', 0),
(140, 27, NULL, 3, '1999-12-31 21:00:00', 0),
(141, 28, NULL, 47, '1999-12-31 21:00:00', 0),
(142, 28, NULL, 2, '1999-12-31 21:00:00', 0),
(143, 28, NULL, 1, '1999-12-31 21:00:00', 0),
(144, 28, NULL, 27, '2018-08-30 09:20:04', 0),
(145, 28, NULL, 3, '1999-12-31 21:00:00', 0),
(146, 29, NULL, 48, '1999-12-31 21:00:00', 0),
(147, 29, NULL, 2, '1999-12-31 21:00:00', 0),
(148, 29, NULL, 1, '1999-12-31 21:00:00', 0),
(149, 29, NULL, 27, '2018-08-30 09:20:42', 0),
(150, 29, NULL, 3, '1999-12-31 21:00:00', 0),
(151, 30, NULL, 49, '2018-08-30 09:23:08', 0),
(152, 30, NULL, 2, '1999-12-31 21:00:00', 0),
(153, 30, NULL, 1, '1999-12-31 21:00:00', 0),
(154, 30, NULL, 27, '2018-08-30 10:48:31', 0),
(155, 30, NULL, 3, '1999-12-31 21:00:00', 0),
(156, 31, NULL, 50, '1999-12-31 21:00:00', 0),
(157, 31, NULL, 2, '1999-12-31 21:00:00', 0),
(158, 31, NULL, 1, '1999-12-31 21:00:00', 0),
(159, 31, NULL, 27, '2018-08-30 10:51:44', 0),
(160, 31, NULL, 3, '1999-12-31 21:00:00', 0),
(161, 32, NULL, 51, '1999-12-31 21:00:00', 0),
(162, 32, NULL, 2, '1999-12-31 21:00:00', 0),
(163, 32, NULL, 1, '1999-12-31 21:00:00', 0),
(164, 32, NULL, 27, '2018-08-30 10:50:57', 0),
(165, 32, NULL, 3, '1999-12-31 21:00:00', 0),
(166, 33, NULL, 52, '1999-12-31 21:00:00', 0),
(167, 33, NULL, 2, '1999-12-31 21:00:00', 0),
(168, 33, NULL, 1, '1999-12-31 21:00:00', 0),
(169, 33, NULL, 27, '2018-08-30 10:50:20', 0),
(170, 33, NULL, 3, '1999-12-31 21:00:00', 0),
(171, 34, NULL, 53, '1999-12-31 21:00:00', 0),
(172, 34, NULL, 2, '1999-12-31 21:00:00', 0),
(173, 34, NULL, 1, '1999-12-31 21:00:00', 0),
(174, 34, NULL, 27, '2018-08-30 10:48:44', 0),
(175, 34, NULL, 3, '1999-12-31 21:00:00', 0),
(176, 35, NULL, 54, '1999-12-31 21:00:00', 0),
(177, 35, NULL, 2, '1999-12-31 21:00:00', 0),
(178, 35, NULL, 1, '1999-12-31 21:00:00', 0),
(179, 35, NULL, 27, '2018-08-30 10:48:56', 0),
(180, 35, NULL, 3, '1999-12-31 21:00:00', 0),
(181, 36, NULL, 55, '1999-12-31 21:00:00', 0),
(182, 36, NULL, 2, '1999-12-31 21:00:00', 0),
(183, 36, NULL, 1, '1999-12-31 21:00:00', 0),
(184, 36, NULL, 27, '2018-08-30 10:49:04', 0),
(185, 36, NULL, 3, '1999-12-31 21:00:00', 0),
(186, 38, NULL, 57, '1999-12-31 21:00:00', 0),
(187, 38, NULL, 2, '1999-12-31 21:00:00', 0),
(188, 38, NULL, 1, '1999-12-31 21:00:00', 0),
(189, 38, NULL, 27, '2018-08-30 10:49:18', 0),
(190, 38, NULL, 3, '1999-12-31 21:00:00', 0),
(191, 39, NULL, 58, '1999-12-31 21:00:00', 0),
(192, 39, NULL, 2, '1999-12-31 21:00:00', 0),
(193, 39, NULL, 1, '1999-12-31 21:00:00', 0),
(194, 39, NULL, 27, '2018-08-30 10:49:30', 0),
(195, 39, NULL, 3, '1999-12-31 21:00:00', 0),
(196, 40, NULL, 59, '1999-12-31 21:00:00', 0),
(197, 40, NULL, 2, '1999-12-31 21:00:00', 0),
(198, 40, NULL, 1, '1999-12-31 21:00:00', 0),
(199, 40, NULL, 27, '2018-08-30 10:49:44', 0),
(200, 40, NULL, 3, '1999-12-31 21:00:00', 0),
(201, 41, NULL, 60, '1999-12-31 21:00:00', 0),
(202, 41, NULL, 2, '1999-12-31 21:00:00', 0),
(203, 41, NULL, 1, '1999-12-31 21:00:00', 0),
(204, 41, NULL, 27, '2018-08-30 10:50:02', 0),
(205, 41, NULL, 3, '1999-12-31 21:00:00', 0),
(206, 42, NULL, 61, '2018-08-30 10:46:59', 0),
(207, 42, NULL, 2, '1999-12-31 21:00:00', 0),
(208, 42, NULL, 1, '1999-12-31 21:00:00', 0),
(209, 42, NULL, 27, '2018-08-30 10:48:38', 0),
(210, 42, NULL, 3, '1999-12-31 21:00:00', 0),
(211, 43, NULL, 62, '1999-12-31 21:00:00', 0),
(212, 43, NULL, 2, '1999-12-31 21:00:00', 0),
(213, 43, NULL, 1, '1999-12-31 21:00:00', 0),
(214, 43, NULL, 27, '2018-08-30 11:00:56', 0),
(215, 43, NULL, 3, '1999-12-31 21:00:00', 0),
(216, 44, NULL, 63, '1999-12-31 21:00:00', 0),
(217, 44, NULL, 2, '1999-12-31 21:00:00', 0),
(218, 44, NULL, 1, '1999-12-31 21:00:00', 0),
(219, 44, NULL, 27, '2018-08-30 11:11:02', 0),
(220, 44, NULL, 3, '1999-12-31 21:00:00', 0),
(221, 45, NULL, 64, '1999-12-31 21:00:00', 0),
(222, 45, NULL, 2, '1999-12-31 21:00:00', 0),
(223, 45, NULL, 1, '1999-12-31 21:00:00', 0),
(224, 45, NULL, 27, '2018-08-30 11:11:21', 0),
(225, 45, NULL, 3, '2018-08-30 12:19:35', 0),
(226, 46, NULL, 65, '2018-09-01 06:44:51', 0),
(227, 46, NULL, 2, '1999-12-31 21:00:00', 0),
(228, 46, NULL, 1, '1999-12-31 21:00:00', 0),
(229, 46, NULL, 27, '2018-09-19 12:52:08', 0),
(230, 46, NULL, 3, '2018-09-01 13:44:54', 0),
(231, NULL, 2, 66, '1999-12-31 21:00:00', 0),
(232, NULL, 2, 2, '1999-12-31 21:00:00', 0),
(233, NULL, 2, 1, '1999-12-31 21:00:00', 0),
(234, NULL, 2, 27, '2018-09-19 12:18:23', 0),
(235, NULL, 2, 3, '2018-09-01 20:32:27', 0),
(236, 47, NULL, 67, '2018-09-02 14:25:15', 0),
(237, 47, NULL, 2, '1999-12-31 21:00:00', 0),
(238, 47, NULL, 1, '2018-09-02 08:37:37', 0),
(239, 47, NULL, 27, '2018-09-03 05:31:53', 0),
(240, 47, NULL, 3, '2018-09-01 20:30:43', 0),
(241, NULL, 3, 68, '2018-09-01 16:05:45', 0),
(242, NULL, 3, 2, '1999-12-31 21:00:00', 0),
(243, NULL, 3, 1, '2018-09-02 08:21:33', 0),
(244, NULL, 3, 27, '2018-09-19 12:18:13', 0),
(245, NULL, 3, 3, '2018-09-02 05:26:19', 0),
(246, 48, NULL, 69, '2018-09-18 15:22:33', 0),
(247, 48, NULL, 2, '1999-12-31 21:00:00', 0),
(248, 48, NULL, 1, '2018-10-10 16:37:28', 0),
(249, 48, NULL, 27, '2019-10-24 18:40:20', 0),
(250, 48, NULL, 3, '2018-09-02 12:33:27', 0),
(251, 49, NULL, 70, '2018-09-02 12:32:54', 0),
(252, 49, NULL, 2, '1999-12-31 21:00:00', 0),
(253, 49, NULL, 1, '1999-12-31 21:00:00', 0),
(254, 49, NULL, 27, '2018-09-02 10:07:24', 0),
(255, 49, NULL, 3, '1999-12-31 21:00:00', 0),
(256, 50, NULL, 70, '2018-09-02 10:05:04', 0),
(257, 50, NULL, 2, '1999-12-31 21:00:00', 0),
(258, 50, NULL, 1, '1999-12-31 21:00:00', 0),
(259, 50, NULL, 27, '1999-12-31 21:00:00', 0),
(260, 50, NULL, 3, '1999-12-31 21:00:00', 0),
(261, 51, NULL, 70, '2018-09-02 12:33:24', 0),
(262, 51, NULL, 2, '1999-12-31 21:00:00', 0),
(263, 51, NULL, 1, '1999-12-31 21:00:00', 0),
(264, 51, NULL, 27, '2018-09-02 10:14:24', 0),
(265, 51, NULL, 3, '1999-12-31 21:00:00', 0),
(266, 52, NULL, 67, '2018-09-27 04:48:42', 0),
(267, 52, NULL, 2, '1999-12-31 21:00:00', 0),
(268, 52, NULL, 1, '2018-09-08 09:59:42', 0),
(269, 52, NULL, 27, '2019-10-24 18:42:39', 0),
(270, 52, NULL, 3, '2018-09-06 09:57:58', 0),
(271, 53, NULL, 71, '2018-09-03 05:25:40', 0),
(272, 53, NULL, 2, '1999-12-31 21:00:00', 0),
(273, 53, NULL, 1, '2018-09-03 04:33:22', 0),
(274, 53, NULL, 27, '2018-09-08 12:11:59', 0),
(275, 53, NULL, 3, '1999-12-31 21:00:00', 0),
(276, 54, NULL, 70, '2018-09-03 05:29:49', 0),
(277, 54, NULL, 2, '1999-12-31 21:00:00', 0),
(278, 54, NULL, 1, '1999-12-31 21:00:00', 0),
(279, 54, NULL, 27, '2018-09-03 05:31:58', 0),
(280, 54, NULL, 3, '1999-12-31 21:00:00', 0),
(281, 55, NULL, 71, '2018-09-21 05:22:01', 0),
(282, 55, NULL, 2, '1999-12-31 21:00:00', 0),
(283, 55, NULL, 1, '2018-10-01 20:07:05', 0),
(284, 55, NULL, 27, '2018-10-24 05:05:25', 0),
(285, 55, NULL, 3, '2018-09-06 09:57:41', 0),
(286, 56, NULL, 70, '2018-09-03 09:27:44', 0),
(287, 56, NULL, 2, '1999-12-31 21:00:00', 0),
(288, 56, NULL, 1, '1999-12-31 21:00:00', 0),
(289, 56, NULL, 27, '1999-12-31 21:00:00', 0),
(290, 56, NULL, 3, '1999-12-31 21:00:00', 0),
(291, 57, NULL, 70, '2018-09-03 11:16:49', 0),
(292, 57, NULL, 2, '1999-12-31 21:00:00', 0),
(293, 57, NULL, 1, '1999-12-31 21:00:00', 0),
(294, 57, NULL, 27, '1999-12-31 21:00:00', 0),
(295, 57, NULL, 3, '1999-12-31 21:00:00', 0),
(296, 58, NULL, 72, '2018-09-20 18:04:00', 0),
(297, 58, NULL, 2, '1999-12-31 21:00:00', 0),
(298, 58, NULL, 1, '2018-09-07 16:29:44', 0),
(299, 58, NULL, 27, '2018-10-24 04:54:46', 0),
(300, 58, NULL, 3, '2018-09-18 19:52:11', 0),
(301, 59, NULL, 73, '2019-08-10 18:02:30', 0),
(302, 59, NULL, 2, '1999-12-31 21:00:00', 0),
(303, 59, NULL, 1, '2018-10-01 16:49:13', 0),
(304, 59, NULL, 27, '2019-03-23 04:53:04', 0),
(305, 59, NULL, 3, '2018-09-05 06:58:55', 0),
(306, 60, NULL, 74, '2018-09-04 18:42:14', 0),
(307, 60, NULL, 2, '1999-12-31 21:00:00', 0),
(308, 60, NULL, 1, '1999-12-31 21:00:00', 0),
(309, 60, NULL, 27, '2018-09-11 16:55:13', 0),
(310, 60, NULL, 3, '2018-09-06 09:57:01', 0),
(311, NULL, 4, 75, '2018-09-04 19:24:48', 0),
(312, NULL, 4, 2, '1999-12-31 21:00:00', 0),
(313, NULL, 4, 1, '1999-12-31 21:00:00', 0),
(314, NULL, 4, 27, '2018-09-04 19:24:46', 0),
(315, NULL, 4, 3, '1999-12-31 21:00:00', 0),
(316, 61, NULL, 76, '2018-09-05 18:08:35', 0),
(317, 61, NULL, 2, '1999-12-31 21:00:00', 0),
(318, 61, NULL, 1, '1999-12-31 21:00:00', 0),
(319, 61, NULL, 27, '1999-12-31 21:00:00', 0),
(320, 61, NULL, 3, '1999-12-31 21:00:00', 0),
(321, 62, NULL, 42, '2018-09-16 19:47:09', 0),
(322, 62, NULL, 2, '1999-12-31 21:00:00', 0),
(323, 62, NULL, 1, '1999-12-31 21:00:00', 0),
(324, 62, NULL, 27, '2018-09-18 10:54:55', 0),
(325, 62, NULL, 3, '2018-09-06 09:57:08', 0),
(326, 63, NULL, 77, '2018-09-06 08:24:23', 0),
(327, 63, NULL, 2, '1999-12-31 21:00:00', 0),
(328, 63, NULL, 1, '1999-12-31 21:00:00', 0),
(329, 63, NULL, 27, '1999-12-31 21:00:00', 0),
(330, 63, NULL, 3, '1999-12-31 21:00:00', 0),
(331, 64, NULL, 78, '2018-09-06 12:02:39', 0),
(332, 64, NULL, 2, '1999-12-31 21:00:00', 0),
(333, 64, NULL, 1, '1999-12-31 21:00:00', 0),
(334, 64, NULL, 27, '2018-09-06 12:02:34', 0),
(335, 64, NULL, 3, '1999-12-31 21:00:00', 0),
(336, 65, NULL, 78, '2018-09-06 12:03:25', 0),
(337, 65, NULL, 2, '1999-12-31 21:00:00', 0),
(338, 65, NULL, 1, '1999-12-31 21:00:00', 0),
(339, 65, NULL, 27, '2018-09-06 12:09:44', 0),
(340, 65, NULL, 3, '1999-12-31 21:00:00', 0),
(341, 66, NULL, 79, '2018-09-07 08:01:03', 0),
(342, 66, NULL, 2, '1999-12-31 21:00:00', 0),
(343, 66, NULL, 1, '1999-12-31 21:00:00', 0),
(344, 66, NULL, 27, '2018-09-26 15:52:10', 0),
(345, 66, NULL, 3, '1999-12-31 21:00:00', 0),
(346, 67, NULL, 80, '2018-10-30 17:47:00', 0),
(347, 67, NULL, 2, '1999-12-31 21:00:00', 0),
(348, 67, NULL, 1, '2018-10-10 14:26:39', 0),
(349, 67, NULL, 27, '2018-10-11 06:36:22', 0),
(350, 67, NULL, 3, '1999-12-31 21:00:00', 0),
(351, 68, NULL, 81, '2018-10-16 13:31:11', 0),
(352, 68, NULL, 2, '1999-12-31 21:00:00', 0),
(353, 68, NULL, 1, '2018-10-10 14:24:57', 0),
(354, 68, NULL, 27, '2019-03-23 04:53:09', 0),
(355, 68, NULL, 3, '1999-12-31 21:00:00', 0),
(356, NULL, 5, 82, '2018-10-16 20:20:13', 0),
(357, NULL, 5, 2, '1999-12-31 21:00:00', 0),
(358, NULL, 5, 1, '2018-10-16 13:03:31', 0),
(359, NULL, 5, 27, '2019-03-23 04:53:16', 0),
(360, NULL, 5, 3, '1999-12-31 21:00:00', 0),
(361, NULL, 6, 83, '2018-09-10 09:56:57', 0),
(362, NULL, 6, 2, '1999-12-31 21:00:00', 0),
(363, NULL, 6, 1, '1999-12-31 21:00:00', 0),
(364, NULL, 6, 27, '2018-09-14 18:32:14', 0),
(365, NULL, 6, 3, '1999-12-31 21:00:00', 0),
(366, 69, NULL, 84, '2018-09-16 05:47:41', 0),
(367, 69, NULL, 2, '1999-12-31 21:00:00', 0),
(368, 69, NULL, 1, '2018-09-28 14:40:44', 0),
(369, 69, NULL, 27, '2018-09-28 17:48:23', 0),
(370, 69, NULL, 3, '1999-12-31 21:00:00', 0),
(371, 70, NULL, 85, '2018-09-28 15:38:43', 0),
(372, 70, NULL, 2, '1999-12-31 21:00:00', 0),
(373, 70, NULL, 1, '2018-09-29 17:31:28', 0),
(374, 70, NULL, 27, '2018-09-28 17:48:10', 0),
(375, 70, NULL, 3, '1999-12-31 21:00:00', 0),
(376, 71, NULL, 86, '2018-09-29 13:54:43', 0),
(377, 71, NULL, 2, '1999-12-31 21:00:00', 0),
(378, 71, NULL, 1, '2018-09-29 17:16:30', 0),
(379, 71, NULL, 27, '2018-10-30 04:45:38', 0),
(380, 71, NULL, 3, '1999-12-31 21:00:00', 0),
(381, 72, NULL, 87, '2018-10-01 12:37:27', 0),
(382, 72, NULL, 2, '1999-12-31 21:00:00', 0),
(383, 72, NULL, 1, '2018-10-01 12:48:26', 0),
(384, 72, NULL, 27, '2018-10-01 16:42:16', 0),
(385, 72, NULL, 3, '1999-12-31 21:00:00', 0),
(386, NULL, 7, 86, '2018-11-14 19:21:50', 0),
(387, NULL, 7, 2, '1999-12-31 21:00:00', 0),
(388, NULL, 7, 1, '2018-10-09 09:53:11', 0),
(389, NULL, 7, 27, '2019-03-23 04:53:31', 0),
(390, NULL, 7, 3, '1999-12-31 21:00:00', 0),
(391, 73, NULL, 85, '2019-01-08 18:34:33', 0),
(392, 73, NULL, 2, '1999-12-31 21:00:00', 0),
(393, 73, NULL, 1, '2018-10-09 09:52:29', 0),
(394, 73, NULL, 27, '2019-03-23 04:53:21', 0),
(395, 73, NULL, 3, '1999-12-31 21:00:00', 0),
(396, 74, NULL, 88, '1999-12-31 21:00:00', 0),
(397, 74, NULL, 2, '1999-12-31 21:00:00', 0),
(398, 74, NULL, 1, '2018-10-03 07:49:27', 0),
(399, 74, NULL, 27, '2018-10-03 07:52:33', 0),
(400, 74, NULL, 3, '1999-12-31 21:00:00', 0),
(401, 75, NULL, 89, '2018-10-03 07:50:16', 0),
(402, 75, NULL, 2, '1999-12-31 21:00:00', 0),
(403, 75, NULL, 1, '2018-10-03 07:52:13', 0),
(404, 75, NULL, 27, '2018-10-03 07:54:03', 0),
(405, 75, NULL, 3, '1999-12-31 21:00:00', 0),
(406, 76, NULL, 89, '2018-10-03 07:52:34', 0),
(407, 76, NULL, 2, '1999-12-31 21:00:00', 0),
(408, 76, NULL, 1, '1999-12-31 21:00:00', 0),
(409, 76, NULL, 27, '2018-10-03 07:52:25', 0),
(410, 76, NULL, 3, '1999-12-31 21:00:00', 0),
(411, 77, NULL, 90, '1999-12-31 21:00:00', 0),
(412, 77, NULL, 2, '1999-12-31 21:00:00', 0),
(413, 77, NULL, 1, '2018-10-03 07:57:02', 0),
(414, 77, NULL, 27, '2018-10-03 07:53:54', 0),
(415, 77, NULL, 3, '1999-12-31 21:00:00', 0),
(416, 78, NULL, 91, '1999-12-31 21:00:00', 0),
(417, 78, NULL, 2, '1999-12-31 21:00:00', 0),
(418, 78, NULL, 1, '2018-10-08 09:41:55', 0),
(419, 78, NULL, 27, '2018-10-08 10:49:15', 0),
(420, 78, NULL, 3, '1999-12-31 21:00:00', 0),
(421, 79, NULL, 92, '1999-12-31 21:00:00', 0),
(422, 79, NULL, 2, '1999-12-31 21:00:00', 0),
(423, 79, NULL, 1, '2018-10-08 09:41:47', 0),
(424, 79, NULL, 27, '2018-10-08 10:48:55', 0),
(425, 79, NULL, 3, '1999-12-31 21:00:00', 0),
(426, 80, NULL, 93, '1999-12-31 21:00:00', 0),
(427, 80, NULL, 2, '1999-12-31 21:00:00', 0),
(428, 80, NULL, 1, '2018-11-21 15:57:34', 0),
(429, 80, NULL, 27, '2019-03-23 04:53:42', 0),
(430, 80, NULL, 3, '1999-12-31 21:00:00', 0),
(431, 81, NULL, 94, '2018-10-11 05:20:50', 0),
(432, 81, NULL, 2, '1999-12-31 21:00:00', 0),
(433, 81, NULL, 1, '1999-12-31 21:00:00', 0),
(434, 81, NULL, 27, '1999-12-31 21:00:00', 0),
(435, 81, NULL, 3, '1999-12-31 21:00:00', 0),
(436, 82, NULL, 95, '2018-10-13 00:34:57', 0),
(437, 82, NULL, 2, '1999-12-31 21:00:00', 0),
(438, 82, NULL, 1, '2018-10-14 02:36:29', 0),
(439, 82, NULL, 27, '2018-10-18 17:33:21', 0),
(440, 82, NULL, 3, '1999-12-31 21:00:00', 0),
(441, 83, NULL, 96, '2018-10-12 06:40:24', 0),
(442, 83, NULL, 2, '1999-12-31 21:00:00', 0),
(443, 83, NULL, 1, '1999-12-31 21:00:00', 0),
(444, 83, NULL, 27, '2018-10-12 06:49:19', 0),
(445, 83, NULL, 3, '1999-12-31 21:00:00', 0),
(446, 84, NULL, 96, '2018-10-12 06:40:50', 0),
(447, 84, NULL, 2, '1999-12-31 21:00:00', 0),
(448, 84, NULL, 1, '1999-12-31 21:00:00', 0),
(449, 84, NULL, 27, '2018-10-12 06:49:34', 0),
(450, 84, NULL, 3, '1999-12-31 21:00:00', 0),
(451, 85, NULL, 96, '2018-10-12 06:45:17', 0),
(452, 85, NULL, 2, '1999-12-31 21:00:00', 0),
(453, 85, NULL, 1, '1999-12-31 21:00:00', 0),
(454, 85, NULL, 27, '2018-10-13 13:38:52', 0),
(455, 85, NULL, 3, '1999-12-31 21:00:00', 0),
(456, 86, NULL, 97, '2018-10-12 06:47:34', 0),
(457, 86, NULL, 2, '1999-12-31 21:00:00', 0),
(458, 86, NULL, 1, '1999-12-31 21:00:00', 0),
(459, 86, NULL, 27, '1999-12-31 21:00:00', 0),
(460, 86, NULL, 3, '1999-12-31 21:00:00', 0),
(461, 87, NULL, 97, '2018-10-12 06:47:30', 0),
(462, 87, NULL, 2, '1999-12-31 21:00:00', 0),
(463, 87, NULL, 1, '1999-12-31 21:00:00', 0),
(464, 87, NULL, 27, '1999-12-31 21:00:00', 0),
(465, 87, NULL, 3, '1999-12-31 21:00:00', 0),
(466, 88, NULL, 97, '2018-10-12 06:47:25', 0),
(467, 88, NULL, 2, '1999-12-31 21:00:00', 0),
(468, 88, NULL, 1, '1999-12-31 21:00:00', 0),
(469, 88, NULL, 27, '1999-12-31 21:00:00', 0),
(470, 88, NULL, 3, '1999-12-31 21:00:00', 0),
(471, 89, NULL, 97, '2018-10-12 06:48:28', 0),
(472, 89, NULL, 2, '1999-12-31 21:00:00', 0),
(473, 89, NULL, 1, '1999-12-31 21:00:00', 0),
(474, 89, NULL, 27, '1999-12-31 21:00:00', 0),
(475, 89, NULL, 3, '1999-12-31 21:00:00', 0),
(476, 90, NULL, 98, '2018-11-09 16:04:17', 0),
(477, 90, NULL, 2, '1999-12-31 21:00:00', 0),
(478, 90, NULL, 1, '2018-10-16 14:10:54', 0),
(479, 90, NULL, 27, '2019-03-23 04:53:37', 0),
(480, 90, NULL, 3, '1999-12-31 21:00:00', 0),
(481, NULL, 8, 99, '1999-12-31 21:00:00', 0),
(482, NULL, 8, 2, '1999-12-31 21:00:00', 0),
(483, NULL, 8, 1, '2018-10-16 10:37:47', 0),
(484, NULL, 8, 27, '2018-10-17 03:59:10', 0),
(485, NULL, 8, 3, '1999-12-31 21:00:00', 0),
(486, 91, NULL, 100, '2018-10-14 05:54:35', 0),
(487, 91, NULL, 2, '1999-12-31 21:00:00', 0),
(488, 91, NULL, 1, '1999-12-31 21:00:00', 0),
(489, 91, NULL, 27, '2018-10-14 12:14:54', 0),
(490, 91, NULL, 3, '1999-12-31 21:00:00', 0),
(491, 92, NULL, 100, '2018-10-14 05:54:22', 0),
(492, 92, NULL, 2, '1999-12-31 21:00:00', 0),
(493, 92, NULL, 1, '1999-12-31 21:00:00', 0),
(494, 92, NULL, 27, '2018-10-14 12:14:59', 0),
(495, 92, NULL, 3, '1999-12-31 21:00:00', 0),
(496, 93, NULL, 101, '1999-12-31 21:00:00', 0),
(497, 93, NULL, 2, '1999-12-31 21:00:00', 0),
(498, 93, NULL, 1, '1999-12-31 21:00:00', 0),
(499, 93, NULL, 27, '2018-10-14 11:40:41', 0),
(500, 93, NULL, 3, '1999-12-31 21:00:00', 0),
(501, 94, NULL, 102, '1999-12-31 21:00:00', 0),
(502, 94, NULL, 2, '1999-12-31 21:00:00', 0),
(503, 94, NULL, 1, '1999-12-31 21:00:00', 0),
(504, 94, NULL, 27, '2018-10-14 13:43:52', 0),
(505, 94, NULL, 3, '1999-12-31 21:00:00', 0),
(506, 95, NULL, 103, '1999-12-31 21:00:00', 0),
(507, 95, NULL, 2, '1999-12-31 21:00:00', 0),
(508, 95, NULL, 1, '2018-10-16 10:13:05', 0),
(509, 95, NULL, 27, '2018-10-17 03:58:56', 0),
(510, 95, NULL, 3, '1999-12-31 21:00:00', 0),
(511, 96, NULL, 104, '2018-11-12 07:33:47', 0),
(512, 96, NULL, 2, '1999-12-31 21:00:00', 0),
(513, 96, NULL, 1, '2018-10-16 11:04:41', 0),
(514, 96, NULL, 27, '2019-10-24 18:39:58', 0),
(515, 96, NULL, 3, '1999-12-31 21:00:00', 0),
(516, 97, NULL, 105, '1999-12-31 21:00:00', 0),
(517, 97, NULL, 2, '1999-12-31 21:00:00', 0),
(518, 97, NULL, 1, '1999-12-31 21:00:00', 0),
(519, 97, NULL, 27, '2018-10-17 14:03:45', 0),
(520, 97, NULL, 3, '1999-12-31 21:00:00', 0),
(521, NULL, 9, 106, '1999-12-31 21:00:00', 0),
(522, NULL, 9, 2, '1999-12-31 21:00:00', 0),
(523, NULL, 9, 1, '1999-12-31 21:00:00', 0),
(524, NULL, 9, 27, '2018-10-25 05:06:11', 0),
(525, NULL, 9, 3, '1999-12-31 21:00:00', 0),
(526, 98, NULL, 107, '2018-10-18 18:17:12', 0),
(527, 98, NULL, 2, '1999-12-31 21:00:00', 0),
(528, 98, NULL, 1, '1999-12-31 21:00:00', 0),
(529, 98, NULL, 27, '2018-12-05 15:28:17', 0),
(530, 98, NULL, 3, '1999-12-31 21:00:00', 0),
(531, NULL, 10, 106, '2018-10-25 04:07:40', 0),
(532, NULL, 10, 2, '1999-12-31 21:00:00', 0),
(533, NULL, 10, 1, '1999-12-31 21:00:00', 0),
(534, NULL, 10, 27, '2018-10-25 06:52:12', 0),
(535, NULL, 10, 3, '1999-12-31 21:00:00', 0),
(536, 99, NULL, 106, '2018-12-13 07:18:15', 0),
(537, 99, NULL, 2, '1999-12-31 21:00:00', 0),
(538, 99, NULL, 1, '2019-01-02 10:35:58', 0),
(539, 99, NULL, 27, '2019-03-19 08:57:56', 1),
(540, 99, NULL, 3, '1999-12-31 21:00:00', 0),
(541, 100, NULL, 108, '2019-06-08 15:34:43', 0),
(542, 100, NULL, 2, '1999-12-31 21:00:00', 0),
(543, 100, NULL, 1, '2019-01-10 18:50:31', 0),
(544, 100, NULL, 27, '2019-03-23 04:53:59', 0),
(545, 100, NULL, 3, '1999-12-31 21:00:00', 0),
(546, 101, NULL, 109, '2018-11-22 18:36:54', 0),
(547, 101, NULL, 2, '1999-12-31 21:00:00', 0),
(548, 101, NULL, 1, '1999-12-31 21:00:00', 0),
(549, 101, NULL, 27, '2018-11-26 13:23:25', 0),
(550, 101, NULL, 3, '1999-12-31 21:00:00', 0),
(551, 102, NULL, 110, '2019-01-20 16:13:35', 0),
(552, 102, NULL, 2, '1999-12-31 21:00:00', 0),
(553, 102, NULL, 1, '2019-01-02 09:56:52', 0),
(554, 102, NULL, 27, '2019-03-23 04:53:47', 1),
(555, 102, NULL, 3, '1999-12-31 21:00:00', 0),
(556, 103, NULL, 111, '2018-12-04 17:51:04', 0),
(557, 103, NULL, 2, '1999-12-31 21:00:00', 0),
(558, 103, NULL, 1, '1999-12-31 21:00:00', 0),
(559, 103, NULL, 27, '2018-12-04 18:37:12', 0),
(560, 103, NULL, 3, '1999-12-31 21:00:00', 0),
(561, 104, NULL, 112, '2018-12-16 05:25:34', 0),
(562, 104, NULL, 2, '1999-12-31 21:00:00', 0),
(563, 104, NULL, 1, '1999-12-31 21:00:00', 0),
(564, 104, NULL, 27, '2018-12-16 05:49:06', 0),
(565, 104, NULL, 3, '1999-12-31 21:00:00', 0),
(566, 105, NULL, 113, '2018-12-27 12:54:18', 0),
(567, 105, NULL, 2, '1999-12-31 21:00:00', 0),
(568, 105, NULL, 1, '1999-12-31 21:00:00', 0),
(569, 105, NULL, 27, '2018-12-28 06:20:17', 0),
(570, 105, NULL, 3, '1999-12-31 21:00:00', 0),
(571, 106, NULL, 114, '2018-12-27 13:23:46', 0),
(572, 106, NULL, 2, '1999-12-31 21:00:00', 0),
(573, 106, NULL, 1, '1999-12-31 21:00:00', 0),
(574, 106, NULL, 27, '2018-12-28 06:19:57', 0),
(575, 106, NULL, 3, '1999-12-31 21:00:00', 0),
(576, 107, NULL, 115, '2019-01-03 13:19:09', 0),
(577, 107, NULL, 2, '1999-12-31 21:00:00', 0),
(578, 107, NULL, 1, '2019-01-04 11:45:21', 0),
(579, 107, NULL, 27, '2019-01-07 19:31:51', 0),
(580, 107, NULL, 3, '1999-12-31 21:00:00', 0),
(581, NULL, 11, 116, '2019-01-09 19:19:07', 0),
(582, NULL, 11, 2, '1999-12-31 21:00:00', 0),
(583, NULL, 11, 1, '1999-12-31 21:00:00', 0),
(584, NULL, 11, 27, '2019-01-12 10:42:51', 0),
(585, NULL, 11, 3, '1999-12-31 21:00:00', 0),
(586, 108, NULL, 110, '2019-02-18 09:36:47', 0),
(587, 108, NULL, 2, '1999-12-31 21:00:00', 0),
(588, 108, NULL, 1, '1999-12-31 21:00:00', 0),
(589, 108, NULL, 27, '2019-07-19 06:21:34', 0),
(590, 108, NULL, 3, '1999-12-31 21:00:00', 0),
(591, 109, NULL, 117, '2019-01-27 19:22:19', 0),
(592, 109, NULL, 2, '1999-12-31 21:00:00', 0),
(593, 109, NULL, 1, '1999-12-31 21:00:00', 0),
(594, 109, NULL, 27, '2019-03-19 08:57:25', 0),
(595, 109, NULL, 3, '1999-12-31 21:00:00', 0),
(596, 110, NULL, 118, '2019-02-23 19:30:35', 0),
(597, 110, NULL, 2, '1999-12-31 21:00:00', 0),
(598, 110, NULL, 1, '1999-12-31 21:00:00', 0),
(599, 110, NULL, 27, '2019-03-23 07:05:21', 0),
(600, 110, NULL, 3, '1999-12-31 21:00:00', 0),
(601, 111, NULL, 119, '2019-01-29 10:37:24', 0),
(602, 111, NULL, 2, '1999-12-31 21:00:00', 0),
(603, 111, NULL, 1, '1999-12-31 21:00:00', 0),
(604, 111, NULL, 27, '2019-01-29 15:37:53', 0),
(605, 111, NULL, 3, '1999-12-31 21:00:00', 0),
(606, 112, NULL, 120, '2019-02-02 10:34:30', 0),
(607, 112, NULL, 2, '1999-12-31 21:00:00', 0),
(608, 112, NULL, 1, '1999-12-31 21:00:00', 0),
(609, 112, NULL, 27, '2019-02-02 10:25:13', 0),
(610, 112, NULL, 3, '1999-12-31 21:00:00', 0),
(611, 113, NULL, 120, '2019-02-06 06:43:58', 0),
(612, 113, NULL, 2, '1999-12-31 21:00:00', 0),
(613, 113, NULL, 1, '1999-12-31 21:00:00', 0),
(614, 113, NULL, 27, '2019-02-06 17:47:03', 0),
(615, 113, NULL, 3, '1999-12-31 21:00:00', 0),
(616, 114, NULL, 121, '2019-02-05 18:40:34', 0),
(617, 114, NULL, 2, '1999-12-31 21:00:00', 0),
(618, 114, NULL, 1, '1999-12-31 21:00:00', 0),
(619, 114, NULL, 27, '1999-12-31 21:00:00', 0),
(620, 114, NULL, 3, '1999-12-31 21:00:00', 0),
(621, 115, NULL, 122, '2019-02-08 17:25:33', 0),
(622, 115, NULL, 2, '1999-12-31 21:00:00', 0),
(623, 115, NULL, 1, '1999-12-31 21:00:00', 0),
(624, 115, NULL, 27, '2019-02-13 06:26:55', 0),
(625, 115, NULL, 3, '1999-12-31 21:00:00', 0),
(626, 116, NULL, 123, '2019-02-10 06:55:26', 0),
(627, 116, NULL, 2, '1999-12-31 21:00:00', 0),
(628, 116, NULL, 1, '1999-12-31 21:00:00', 0),
(629, 116, NULL, 27, '2019-03-23 04:53:50', 0),
(630, 116, NULL, 3, '1999-12-31 21:00:00', 0),
(631, 117, NULL, 124, '2019-03-30 15:15:26', 0),
(632, 117, NULL, 2, '1999-12-31 21:00:00', 0),
(633, 117, NULL, 1, '1999-12-31 21:00:00', 0),
(634, 117, NULL, 27, '2019-07-19 06:20:20', 0),
(635, 117, NULL, 3, '1999-12-31 21:00:00', 0),
(636, 118, NULL, 125, '2019-03-27 08:17:43', 0),
(637, 118, NULL, 2, '1999-12-31 21:00:00', 0),
(638, 118, NULL, 1, '2019-02-22 06:50:12', 0),
(639, 118, NULL, 27, '2019-05-28 07:46:14', 0),
(640, 118, NULL, 3, '1999-12-31 21:00:00', 0),
(641, 119, NULL, 126, '2019-04-01 09:13:31', 1),
(642, 119, NULL, 2, '1999-12-31 21:00:00', 0),
(643, 119, NULL, 1, '1999-12-31 21:00:00', 0),
(644, 119, NULL, 27, '2019-07-19 06:20:10', 0),
(645, 119, NULL, 3, '1999-12-31 21:00:00', 0),
(646, 120, NULL, 127, '2019-09-03 18:02:32', 0),
(647, 120, NULL, 2, '1999-12-31 21:00:00', 0),
(648, 120, NULL, 1, '1999-12-31 21:00:00', 0),
(649, 120, NULL, 27, '2019-07-19 06:19:42', 0),
(650, 120, NULL, 3, '1999-12-31 21:00:00', 0),
(651, 121, NULL, 128, '2019-03-23 01:49:25', 0),
(652, 121, NULL, 2, '1999-12-31 21:00:00', 0),
(653, 121, NULL, 1, '1999-12-31 21:00:00', 0),
(654, 121, NULL, 27, '2019-03-23 03:53:53', 0),
(655, 121, NULL, 3, '1999-12-31 21:00:00', 0),
(656, 122, NULL, 128, '2019-05-14 11:06:19', 0),
(657, 122, NULL, 2, '1999-12-31 21:00:00', 0),
(658, 122, NULL, 1, '1999-12-31 21:00:00', 0),
(659, 122, NULL, 27, '2019-07-19 06:19:16', 0),
(660, 122, NULL, 3, '1999-12-31 21:00:00', 0),
(661, 123, NULL, 129, '2019-03-27 20:01:02', 0),
(662, 123, NULL, 2, '1999-12-31 21:00:00', 0),
(663, 123, NULL, 1, '1999-12-31 21:00:00', 0),
(664, 123, NULL, 27, '2019-03-27 20:01:10', 0),
(665, 123, NULL, 3, '1999-12-31 21:00:00', 0),
(666, 124, NULL, 130, '2019-06-29 05:33:36', 0),
(667, 124, NULL, 2, '1999-12-31 21:00:00', 0),
(668, 124, NULL, 1, '1999-12-31 21:00:00', 0),
(669, 124, NULL, 27, '2019-07-19 06:19:25', 0),
(670, 124, NULL, 3, '1999-12-31 21:00:00', 0),
(671, 125, NULL, 131, '2019-04-27 20:43:15', 0),
(672, 125, NULL, 2, '1999-12-31 21:00:00', 0),
(673, 125, NULL, 1, '1999-12-31 21:00:00', 0),
(674, 125, NULL, 27, '2019-05-28 07:46:03', 0),
(675, 125, NULL, 3, '1999-12-31 21:00:00', 0),
(676, 126, NULL, 132, '2019-05-25 14:34:46', 0),
(677, 126, NULL, 2, '1999-12-31 21:00:00', 0),
(678, 126, NULL, 1, '1999-12-31 21:00:00', 0),
(679, 126, NULL, 27, '1999-12-31 21:00:00', 0),
(680, 126, NULL, 3, '1999-12-31 21:00:00', 0),
(681, 127, NULL, 133, '1999-12-31 21:00:00', 0),
(682, 127, NULL, 2, '1999-12-31 21:00:00', 0),
(683, 127, NULL, 1, '1999-12-31 21:00:00', 0),
(684, 127, NULL, 27, '2019-07-17 08:12:30', 0),
(685, 127, NULL, 3, '1999-12-31 21:00:00', 0),
(686, 128, NULL, 134, '2019-12-25 18:52:31', 0),
(687, 128, NULL, 2, '1999-12-31 21:00:00', 0),
(688, 128, NULL, 1, '1999-12-31 21:00:00', 0),
(689, 128, NULL, 27, '2019-12-25 17:36:24', 0),
(690, 128, NULL, 3, '1999-12-31 21:00:00', 0),
(691, 129, NULL, 135, '2019-12-26 08:49:56', 0),
(692, 129, NULL, 2, '1999-12-31 21:00:00', 0),
(693, 129, NULL, 1, '1999-12-31 21:00:00', 0),
(694, 129, NULL, 27, '2019-12-26 06:38:38', 0),
(695, 129, NULL, 3, '1999-12-31 21:00:00', 0),
(696, 130, NULL, 136, '2019-12-14 01:54:40', 0),
(697, 130, NULL, 2, '1999-12-31 21:00:00', 0),
(698, 130, NULL, 1, '1999-12-31 21:00:00', 0),
(699, 130, NULL, 27, '2019-12-25 15:52:49', 0),
(700, 130, NULL, 3, '1999-12-31 21:00:00', 0),
(701, 131, NULL, 137, '2019-12-18 07:53:24', 0),
(702, 131, NULL, 2, '1999-12-31 21:00:00', 0),
(703, 131, NULL, 1, '1999-12-31 21:00:00', 0),
(704, 131, NULL, 27, '2019-12-25 15:52:39', 0),
(705, 131, NULL, 3, '1999-12-31 21:00:00', 0),
(706, 132, NULL, 134, '2019-12-25 18:52:44', 0),
(707, 132, NULL, 2, '1999-12-31 21:00:00', 0),
(708, 132, NULL, 1, '1999-12-31 21:00:00', 0),
(709, 132, NULL, 27, '2019-12-25 17:28:36', 0),
(710, 132, NULL, 3, '1999-12-31 21:00:00', 0),
(711, 133, NULL, 138, '1999-12-31 21:00:00', 0),
(712, 133, NULL, 2, '1999-12-31 21:00:00', 0),
(713, 133, NULL, 1, '1999-12-31 21:00:00', 0),
(714, 133, NULL, 27, '1999-12-31 21:00:00', 0),
(715, 133, NULL, 3, '1999-12-31 21:00:00', 0);

-- --------------------------------------------------------

--
-- Структура таблицы `password_add`
--

CREATE TABLE `password_add` (
  `id` int(11) NOT NULL,
  `id_user` int(11) NOT NULL,
  `access_hash` char(100) NOT NULL,
  `is_work` int(11) NOT NULL DEFAULT '1'
) ENGINE=InnoDB DEFAULT CHARSET=utf8;

--
-- Дамп данных таблицы `password_add`
--

INSERT INTO `password_add` (`id`, `id_user`, `access_hash`, `is_work`) VALUES
(4, 31, '$2y$10$ZV6eHAZg/Th6FUfUA1E/VOfza3CL1JKIAGcw00IWhdCwQslEXF4Im', 1),
(17, 44, '$2y$10$TLsuPExx.Atuu8S7j2Os8eM8xUpf8q.C3/1ntE2PbRG1OafsjntTq', 1),
(18, 45, '$2y$10$K0dXAqYcLIjZp1jKioi/u.y3yjpvFshQWpWc6EpOUZEeTVeeRP9iy', 1),
(19, 46, '$2y$10$LSxaDEU4SVWx2oTXgtxKO.MflZEvv3imrNV6nxIVPXAwGz3/Mwfjy', 1),
(20, 47, '$2y$10$b05VY/YYhTVegz73G.iHV.Cb2C.xpkAwvxQDF5o.ulJ4eGqO8U1aG', 1),
(21, 48, '$2y$10$W413r6T3gQBu16mQ00mbouxSBVnlj6ARZRDrwks82G6DqdyvjxBry', 1),
(23, 50, '$2y$10$ErOqmKeBEUWkKgK0TmadoeEj326JJ8t2YAIrR4UYWaVzQ8TbmL7Qm', 1),
(24, 51, '$2y$10$1TXcNCmmYB4wibOTtTJMKOvn6O0TxPmCJ4zG7cP5iWNt4gphYcGLC', 1),
(25, 52, '$2y$10$yFxpl8J3h2Zc06axeD4Um.g/yEhNzQ/.UEW3GFDkgUTV2euHOJsk6', 1),
(26, 53, '$2y$10$RA.UQVgcMTmWVnxuZIV0GOY1gIFwYPWJiIl/vfHqshXKKggebn5l.', 1),
(27, 54, '$2y$10$RHzXCg.tduPJQA7ADsKguOatOW/DPVsW/sGiwlF8jLnWs29vWX2.y', 1),
(28, 55, '$2y$10$zZo6kXndKYPVH69csnMZu.VU/p/6FC.4CdK4LyDumwB2vl9Z.Noqu', 1),
(29, 56, '$2y$10$lwTqEsMQ1Yk/NTFDHYFo8.Xd/LKN6QuQ5bYDBcupe8CBB5gdEsZc6', 1),
(30, 57, '$2y$10$nDfa4co.Rwkeql9BLeb6Ge3PP2hkaMsPpiGQrTwXg1oe5umQ8dYU6', 1),
(31, 58, '$2y$10$BUb6HElQjBI3hFanUarJe.ryNsjOG307UCa448Ib2EHKNOS8aagEu', 1),
(32, 59, '$2y$10$CvMZ3zhHK5KhtY5/xxYCe.k5YuYEYf7JiP2ffFZcYYHTdcbO9Ndo6', 1),
(33, 60, '$2y$10$NKAo2A7iQ7W/4k66PMd1Z.PKCLuVojxfBYn2OujsVwzSJSZAR4O4G', 1),
(35, 62, '$2y$10$VyeC2AMOEtKROazS/qco3erO7.oBCOR2jtkZ1Ta6n3g1gPnsTXsO6', 1),
(37, 64, '$2y$10$OyHqwsgUfZtphfk8XQ09eOA5DBAxY5MPsSxJO3/fVteQ454Mgro1u', 1),
(39, 66, '$2y$10$CdWMmnaduBpJaTI/tYiI2.XQdeTU90h538twEPKXGG1ta2uCA5Xj2', 1),
(40, 67, '$2y$10$Fsv9lzuCU4zcRLJnD3Tr/OHsIgvSLpEBgFo/vFiI88.nmaFIQGiCq', 1),
(43, 70, '$2y$10$ydud6eW3C6J146DTQY5UP.NazOHlVkHsp8tePq07JIlWc61SBWASa', 1),
(44, 71, '$2y$10$W607aAfZY36F5Lk1Pt264OvZIcmVN6yvMpc9MF.VTWuIwGZV35cyK', 1),
(45, 91, '$2y$10$.vc/HJNrd7Fi0ohx6rnm2.NzTVThYh6CtoE/Lbe9QbGPiFvT/3sjy', 1),
(46, 92, '$2y$10$b.9CJL.hFBKVANr2pMpACuczB5SGQVeVNR8t/1ZKtDw1mSOxGlc62', 1),
(47, 93, '$2y$10$PlxvVFGJVaEbnZ8EC0KuSufqSUrXCWJde6EL7Ttfjrw/bAM/i0cPW', 1),
(53, 99, '$2y$10$.XAUcaurcapNsOKEK/0AvuPI7WFPqRmlWSRh6s9unh.EtjHRKyAVi', 1),
(55, 101, '$2y$10$yIqSv4KMrcby25adU/w5Ge58E7Gs6K.SLirSS9ZsRvVxnkjYhPZZC', 1),
(59, 105, '$2y$10$2TYnqIyVgo1J0KFfre21muR5qXjgu.9VeJqo2ffaCAYUF63Fir9wW', 1),
(60, 106, '$2y$10$WbYtgJT.kRd/5RwMFkgJpOpK2d5ujKcJX0As/wa01STOSC3C3eSs2', 1),
(63, 124, '$2y$10$38QeJLEtxXKdzX8rspfA4OlIAqY7e9pUTCoBbmoChHDciWh/1j.Oa', 1),
(64, 133, '$2y$10$YaSrdtPbtoldlCAM9qoJ8uH1ogYCDxqhUMFKuLVvEuC7TVuoDT21u', 1);

-- --------------------------------------------------------

--
-- Структура таблицы `password_recovery`
--

CREATE TABLE `password_recovery` (
  `id` int(11) NOT NULL,
  `id_user` int(11) NOT NULL,
  `access_hash` char(100) NOT NULL,
  `expires` int(11) NOT NULL,
  `created_at` timestamp NULL DEFAULT CURRENT_TIMESTAMP,
  `updated_at` timestamp NULL DEFAULT CURRENT_TIMESTAMP ON UPDATE CURRENT_TIMESTAMP
) ENGINE=InnoDB DEFAULT CHARSET=utf8;

--
-- Дамп данных таблицы `password_recovery`
--

INSERT INTO `password_recovery` (`id`, `id_user`, `access_hash`, `expires`) VALUES
(9, 72, '$2y$10$eWGVDOowL79tcjrSJzTqsO28O.dYRMH1GnQ9RIGyATWYu5Ohba.ra', 900),
(11, 72, '$2y$10$CktGZ/1rd0rnMjnJeCCob.FnTa.YAewZ8jVXUf7bjMEua.vBRB7QG', 900),
(13, 99, '$2y$10$P7I152EB9OwMN4jI7pXijuYFMAW03m.GwtWIDa3fyCRtIrFmqxzQi', 900),
(14, 1, '$2y$10$J7N1I4xiXXwxOaWNyT3bFukj0JobbGmK77ccbaAZcXmxvsJWTg0Tq', 900),
(15, 126, '$2y$10$gszMR868z3PzReq8Vy3Drej.sEcQ4zkvFka0mLn.04Di9R4/oqCA.', 900),
(16, 1, '$2y$10$gkVo7yZjkd9rr498d54UmeF7mFPElU2m8vmCeDPIHXqJMDRgbD.1a', 900),
(18, 138, '$2y$10$Oz29cLG.lkXM.Bn0iPzZOe1RI/nXIlD6ET4yywsidF/8BhBVjLb8a', 900),
(19, 27, '$2y$10$o4FpCNm9OW/CPIv2Qmrc/.s9dFzDii5PfopkA9lCnRUY7B3aE8xwu', 900);

-- --------------------------------------------------------

--
-- Структура таблицы `payed`
--

CREATE TABLE `payed` (
  `id` int(11) NOT NULL,
  `name` char(20) NOT NULL
) ENGINE=InnoDB DEFAULT CHARSET=utf8;

--
-- Дамп данных таблицы `payed`
--

INSERT INTO `payed` (`id`, `name`) VALUES
(1, 'не оплачен'),
(2, 'оплачен');

-- --------------------------------------------------------

--
-- Структура таблицы `permissions`
--

CREATE TABLE `permissions` (
  `id` int(11) NOT NULL,
  `name` char(30) NOT NULL
) ENGINE=InnoDB DEFAULT CHARSET=utf8;

--
-- Дамп данных таблицы `permissions`
--

INSERT INTO `permissions` (`id`, `name`) VALUES
(1, 'разрешен'),
(2, 'запрещен');

-- --------------------------------------------------------

--
-- Структура таблицы `products_in_order`
--

CREATE TABLE `products_in_order` (
  `id` int(11) NOT NULL,
  `id_order` int(11) NOT NULL,
  `id_product` int(11) NOT NULL
) ENGINE=InnoDB DEFAULT CHARSET=utf8;

-- --------------------------------------------------------

--
-- Структура таблицы `products_serial_in_order`
--

CREATE TABLE `products_serial_in_order` (
  `id` int(11) NOT NULL,
  `id_order` int(11) NOT NULL,
  `id_product` int(11) NOT NULL,
  `count` int(11) NOT NULL
) ENGINE=InnoDB DEFAULT CHARSET=utf8;

--
-- Дамп данных таблицы `products_serial_in_order`
--

INSERT INTO `products_serial_in_order` (`id`, `id_order`, `id_product`, `count`) VALUES
(2, 9, 7, 1),
(3, 94, 8, 1),
(4, 116, 6, 1);

-- --------------------------------------------------------

--
-- Структура таблицы `product_statuses`
--

CREATE TABLE `product_statuses` (
  `id` int(11) NOT NULL,
  `name` char(30) NOT NULL
) ENGINE=InnoDB DEFAULT CHARSET=utf8;

--
-- Дамп данных таблицы `product_statuses`
--

INSERT INTO `product_statuses` (`id`, `name`) VALUES
(1, 'свободен'),
(2, 'в заказе'),
(3, 'продан'),
(4, 'не в наличии'),
(5, 'в отменённом');

-- --------------------------------------------------------

--
-- Структура таблицы `restricts`
--

CREATE TABLE `restricts` (
  `id` int(11) NOT NULL,
  `name` char(10) NOT NULL
) ENGINE=InnoDB DEFAULT CHARSET=utf8;

--
-- Дамп данных таблицы `restricts`
--

INSERT INTO `restricts` (`id`, `name`) VALUES
(1, 'не приспос'),
(2, 'приспособл');

-- --------------------------------------------------------

--
-- Структура таблицы `serial_knifes`
--

CREATE TABLE `serial_knifes` (
  `id` int(11) NOT NULL,
  `name` char(21) NOT NULL,
  `id_steel` int(11) NOT NULL,
  `blade_length` decimal(11,1) NOT NULL,
  `blade_width` decimal(11,1) NOT NULL,
  `blade_thickness` decimal(11,1) NOT NULL,
  `handle_length` decimal(11,1) NOT NULL,
  `price` int(11) NOT NULL,
  `handle` char(200) DEFAULT NULL,
  `description` text NOT NULL,
  `count` int(11) NOT NULL,
  `viewable` int(11) NOT NULL,
  `created_at` timestamp NULL DEFAULT CURRENT_TIMESTAMP,
  `updated_at` timestamp NULL DEFAULT CURRENT_TIMESTAMP ON UPDATE CURRENT_TIMESTAMP
) ENGINE=InnoDB DEFAULT CHARSET=utf8;

--
-- Дамп данных таблицы `serial_knifes`
--

INSERT INTO `serial_knifes` (`id`, `name`, `id_steel`, `blade_length`, `blade_width`, `blade_thickness`, `handle_length`, `price`, `handle`, `description`, `count`, `viewable`) VALUES
(1, 'Первый серийный', 2, '100.0', '30.0', '5.0', '125.0', 233, 'Гет', 'Sed ut perspiciatis unde omnis iste natus error sit voluptatem accusantium doloremque laudantium, totam rem aperiam, eaque ipsa quae ab illo inventore veritatis et quasi architecto beatae vitae dicta sunt explicabo. Nemo enim ipsam voluptatem quia voluptas sit aspernatur aut odit aut fugit, sed quia consequuntur magni dolores eos qui ratione voluptatem sequi nesciunt. Neque porro quisquam est, qui dolorem ipsum quia dolor sit amet, consectetur, adipisci velit, sed quia non numquam eius modi tempora incidunt ut labore et dolore magnam aliquam quaerat voluptatem. Ut enim ad minima veniam, quis nostrum exercitationem ullam corporis suscipit laboriosam, nisi ut aliquid ex ea commodi consequatur? Quis autem vel eum iure reprehenderit', 129, 0),
(2, 'Серия', 14, '140.0', '30.0', '3.0', '125.0', 3000, 'выа', 'ыва', 8, 0),
(3, 'сер1', 16, '234.0', '32.0', '2.0', '143.0', 43, 'ва', 'ваы', 15, 0),
(4, 'серия3', 2, '100.0', '20.0', '3.0', '123.0', 22220, '2', '2', 22, 0),
(5, 'Северный холод', 17, '125.0', '25.0', '3.5', '120.0', 1699, NULL, 'Сувенирный нож со следами ковки погружающими в античность', 10, 0),
(6, 'Северный холод', 17, '125.0', '25.0', '3.5', '120.0', 2050, NULL, 'Кованый нож ручной работы, рукоять выполнена из тонированной берёзы.', 1, 1),
(7, 'Клык', 3, '135.0', '33.0', '4.0', '120.0', 5450, '.', 'Кованый нож ручной работы, рукоять  выполнена из граба, больстер - латунь, сквозной монтаж рукояти.', 1, 1),
(8, 'Одинец', 3, '155.0', '33.0', '3.5', '120.0', 6850, '.', 'Кованый нож ручной работы, рукоять выполнена из мореного дуба, больстер - латунь, сквозной монтаж рукояти.', 1, 1),
(9, 'Спецназ', 2, '125.0', '25.0', '4.0', '115.0', 3500, NULL, 'Кованый нож ручной работы из нержавеющей стали, рукоять выполнена из капа, больстер - латунь, проставка - мореный дуб.', 1, 1),
(10, 'Бобёр', 2, '123.0', '28.0', '4.5', '110.0', 3950, '.', 'Кованый нож ручной работы, рукоять выполнена из ореха, проставка - граб, больстер - латунь.', 1, 0);

-- --------------------------------------------------------

--
-- Структура таблицы `sessions`
--

CREATE TABLE `sessions` (
  `id` varchar(255) CHARACTER SET utf8 COLLATE utf8_unicode_ci NOT NULL,
  `user_id` int(10) UNSIGNED DEFAULT NULL,
  `ip_address` varchar(45) CHARACTER SET utf8 COLLATE utf8_unicode_ci DEFAULT NULL,
  `user_agent` text CHARACTER SET utf8 COLLATE utf8_unicode_ci,
  `payload` text CHARACTER SET utf8 COLLATE utf8_unicode_ci NOT NULL,
  `last_activity` int(11) NOT NULL
) ENGINE=InnoDB DEFAULT CHARSET=utf8 COLLATE=utf8_unicode_ci;

--
-- Дамп данных таблицы `sessions`
--

INSERT INTO `sessions` (`id`, `user_id`, `ip_address`, `user_agent`, `payload`, `last_activity`) VALUES
('0KfMTzmvsRad9V2QLgny8EXu81lZwowUHen75PfA', NULL, '127.0.0.1', 'Mozilla/5.0 (Windows NT 10.0; Win64; x64; rv:72.0) Gecko/20100101 Firefox/72.0', 'ZXlKcGRpSTZJalI0VVZ3dlNHeG5WMmxwWEM4eE5XdzRWMjVLTWtSdFVUMDlJaXdpZG1Gc2RXVWlPaUp4YmxSblMzZDJiek5XUzBJM1NsZE5aMnBDVDI1c1JuSTNZbGR3WlV0U1pWQTFNV1JUVkc5R2VHY3lPVEoyTWxkUGFHSlpTMVZKUjNrNGVYaHBSbGc0VUdKd1ZFbExSRmRNYlZaSFEwVk1VR2szUlZ3dldFVnlkbVpuVW1OcmFXbFdaa0ZyYkRkeFowcFhiemhOTVZWVGMzZFlVM1JSVEN0eWFXMXZNM3AzZGtsNVFXOTFOM2RIUTJOSVprdE1TWFJ1VEVGeFZtYzNhbVEwYzFCa05WRlRXRkZNYTJoMlpEVTBhR1J1Y2paRFZHbFRZalpNV2paeldtOXdNRVZRTlVjM2FtMU9XbTV6WTIxUlUzbEtaVGs1Um5adGMzRXdSRk5yYTJsQlQzbzJNVFZHWEM5NVJuUmtObG8xSzFwaU5rUXhOMGhwU0VkMk1XMXZSMWhvZEhGbEsyaEpOekpzZEhObWFqRnVSbXBuT1RGNFpWcHpSblZKYkdSTVZUVlFZVzEwVFVReGRYVlBia00zTVV4c01tVlZRM2hpWXpCQ00wMUhhV0psUTFwTGMyUklXVEZuTWpsTWNXTldiekpsWkdGNVkzUjNWR0ZPYkZWTVp6bFNUbWs0WWtoSmFqTkNOemd4VkVSYVNUMGlMQ0p0WVdNaU9pSmhZekUzTXpVMU4ySmlZMk16WkRnM1lqTTNPRFkxWldJMU1UUmxOalZsT1daa016UXlaRFppTldFNU5EaGxNbUZoWXpreFlqTmxOVEE1WXpkaVl6RmlJbjA9', 1587297437),
('A2oKmUXAmVNXTHBFjqs3fzRAt3cE9ZvET4z6l7EK', NULL, '127.0.0.1', 'Mozilla/5.0 (Windows NT 10.0; Win64; x64) AppleWebKit/537.36 (KHTML, like Gecko) Chrome/87.0.4280.88 Safari/537.36', 'ZXlKcGRpSTZJa3RPU1had1pWY3pNa1ZsV2pkRVJtNW9lV1pOUjBFOVBTSXNJblpoYkhWbElqb2lhWEJJVWpBNVRGWnFObXhuWTNCVU1UUXpVRFJDY1dGRlFsUmxjVFkwUmpKVGVUaE5LemhKV0dWT2EwdHhObVEwZDI0eU0yUjNlbWhqVjJGMmJYaGFUMVUxVFRaT1puRkhaRVZqUlVGT1p5dEdlVGMyYzA5SVQwRnlkRE5YYm5sQmRHYzFaSFIwT1RSbk9HTXpNVGt3Um5SdUsyeG1OVGRRWVdWTk4yZHlXRFZDTVRjeFNGbDVjRk13VmpocWJXRnVheXRGTWs1U1NsUktRVFZHZDAxdmQwNDNTSEY2WnpWNlR6QldjbUp6WTNGMlRtRmNMM0ZsY1hkNGRXOUJjMkl3V2s1bE0xcFFjVXhJU1hCTlVITlhUMjlyVjBOTUsxaG9LMDVITURjemRGSTNSRlI1VERWQk5qbFhXRkZHUnpoTE9YRmpNU3RZUW0xQmVUa3lNVkU0TlVadWRHNWpaMUZ6YlRWWmVtaEpSV3RDYm5kWFkxVnZUMFo0UW5vNVNHVkNWRzlMY0ZOQ1hDOVJhbUpJYUROaVFVbHlSRlF5YkU1aGRGSTRablZCVGtoWlV5dFhUV1IyYW5RMmNWaHpVVlpyTm0xWE1sZzFWSFJDUmpWRFhDOXNVR1owVW5kSlpXVlRhRU15VERoUlBTSXNJbTFoWXlJNklqSmtaVEk1TmpGbU5qZzJaakpqTnpRNVlUVTBOREJtTnpKbFltUXdZVFV5WkRBek16SmtNakkxTm1NMk9HUmpNRFUwTjJSaU9UQTBOVGRqWm1Rek5tUWlmUT09', 1609848372),
('QdUcevNNgDDvHO0lFfK7mDVIaKRUDcSezhT8VE0V', NULL, '127.0.0.1', 'Mozilla/5.0 (Windows NT 10.0; Win64; x64; rv:72.0) Gecko/20100101 Firefox/72.0', 'ZXlKcGRpSTZJbTlIV1RseVpWcFNiakIyZDBvd1kwRk5SMFJjTDJ0QlBUMGlMQ0oyWVd4MVpTSTZJbVJ0Wkc5Q2VWd3ZWMWsxTTJkWE9IZElZMlJEYVVaWmQwOXJkMUpzTUZaS1NVRnFTMnRtUW14alNsVm9TV2xFU25Gc1ZHSmhURVJ0UjJ0UlJFWnVORmxXTWtsTkt6RXJTRmw0Y2tOU1JYSnhZVE56ZVhOVk1tUnpkMnBOUzFSUk0zcHJZbGxUUVZWSE9VTlpjbkpzVTJGTFVEVkxjR2hVYTNWMWQwWkpSelE0VGtGSGIzQTRNRVZ3TlU5b1ZqbGhTVWxXT0hGWFJIaFdia2wyY2sxVmQydHNTRGxQZWpjNE1GUklha1JPSzNGWWVqVmpkRGhCZVd0aGMyOVNNVWxSWjFSdWR6TTBiblpJU0ZJNFJUZE5XR3hUYWxZMmJEbEZWVXgyTW5SblUyNUlVMFo0U0hkRWJGWkVUbFZEY3pGc1NGRXdTbWRpWlcweFpscFBWRzVsTm5WaGJHWXhja0p4VUZwTGJFSkZObTFxYnl0aFlYQjNaejA5SWl3aWJXRmpJam9pWXpVMU5qVTJOVFUzTldKbE1UUXlNR1U0TlRkak0ySTFPR1ptTUdRM09EVm1ZalF6WWpaak16ZGlPR0kwT1dJNE1EZzBPRFpoTlRjMFpqUmtZVEUyWXlKOQ==', 1587297361),
('xxMFcDidsj647kUP4WFC2Z8qFT4XyOkXWmUcWiHD', NULL, '127.0.0.1', 'Mozilla/5.0 (Windows NT 10.0; Win64; x64; rv:80.0) Gecko/20100101 Firefox/80.0', 'ZXlKcGRpSTZJbEZ0WTFGSk9XaElhV3RHV0hWeFJFbG1ibVJpVUZFOVBTSXNJblpoYkhWbElqb2lRemxETWpCNmN6ZHRkMHc1TVVOd2RWRktVams1WjAxNGNESXhiRFkzYmtOd01EVTRWMmhSUzFKSVJFTkJVVkJJTWtOUFdFZFVTa2wyWVcxU1NVYzVkbVpWWkU5ck9IcGxXSFY0ZFN0V1RtSjJVM000VldOSlJraHZRblV3UlRodGFGcHJNR0pHTVZkak5qZEdTRzFQYlRCY0x6Rk5PQ3RHYUhFclJXWkxWSE5xTVdONWRuWnFaMUY1Y2xKQmJrOUVYQzh6YVdSM1YyRllOV2x3V2pKUmMwbFpSbTkzWjFad2NWbE9ZekZQUmpWU2NqSlJOVE5IYWxSY0wycFlkbXB0TW5WS2RUVXhVMmQ2U0RaMmNVUm5jVFowU1daalJXVTJhQ3RrVmtsSVJFaGhNREpMU1RnMFEwMWxTbXhSTlhjNGJUVlFTSEJKUnpjclZuWXJSakZKTTA1TVNpSXNJbTFoWXlJNkltRmxZMlkwWTJWa1pHSTRORFl6WWpWbFpqTTFNemMwTWpVd05qaGlaR05rTXprd1l6WTJaakE1WlRaalpqQXpZV00zTTJFeVkyWm1PV0UxTkdJNE5qSWlmUT09', 1600065426);

-- --------------------------------------------------------

--
-- Структура таблицы `sms_alert`
--

CREATE TABLE `sms_alert` (
  `id` int(11) NOT NULL,
  `name` char(17) NOT NULL
) ENGINE=InnoDB DEFAULT CHARSET=utf8;

--
-- Дамп данных таблицы `sms_alert`
--

INSERT INTO `sms_alert` (`id`, `name`) VALUES
(1, 'Отправлять'),
(2, 'Не отправлять');

-- --------------------------------------------------------

--
-- Структура таблицы `spuski`
--

CREATE TABLE `spuski` (
  `id` int(11) NOT NULL,
  `name` char(30) NOT NULL,
  `description` text NOT NULL,
  `image_description` char(30) NOT NULL,
  `viewable` int(11) DEFAULT '1'
) ENGINE=InnoDB DEFAULT CHARSET=utf8;

--
-- Дамп данных таблицы `spuski`
--

INSERT INTO `spuski` (`id`, `name`, `description`, `image_description`, `viewable`) VALUES
(1, 'Плоские', 'Клинок с плоскими спусками режет материал с постоянным, почти не зависящим от глубины реза усилием.', 'spusk2.svg', 1),
(2, 'Сабельные', 'Сабельные спуски являются компромиссом между прочностью и режущими способностями ножа.', 'spusk1.svg', 1),
(3, 'Вогнутые', 'Является идеальным для неглубоких надрезов, например для снятия шкур.', 'spusk3.svg', 2);

-- --------------------------------------------------------

--
-- Структура таблицы `spuskinorder`
--

CREATE TABLE `spuskinorder` (
  `id` int(11) NOT NULL,
  `id_spusk` int(11) NOT NULL,
  `id_order` int(11) NOT NULL
) ENGINE=InnoDB DEFAULT CHARSET=utf8;

--
-- Дамп данных таблицы `spuskinorder`
--

INSERT INTO `spuskinorder` (`id`, `id_spusk`, `id_order`) VALUES
(8, 1, 10),
(9, 1, 11),
(10, 1, 12),
(11, 1, 13),
(12, 1, 14),
(13, 1, 15),
(14, 1, 16),
(15, 1, 17),
(16, 1, 18),
(17, 2, 19),
(18, 1, 20),
(19, 2, 21),
(20, 1, 22),
(21, 1, 23),
(22, 1, 24),
(23, 1, 25),
(24, 1, 26),
(25, 1, 27),
(26, 1, 28),
(27, 1, 29),
(28, 1, 30),
(29, 1, 31),
(30, 1, 32),
(31, 1, 33),
(32, 1, 34),
(33, 1, 35),
(34, 1, 36),
(35, 1, 38),
(36, 1, 39),
(37, 1, 40),
(38, 1, 41),
(39, 1, 42),
(40, 1, 43),
(41, 1, 44),
(42, 1, 45),
(43, 1, 46),
(44, 2, 47),
(45, 2, 48),
(46, 1, 49),
(47, 1, 50),
(48, 1, 51),
(49, 2, 52),
(50, 1, 53),
(51, 1, 54),
(52, 1, 55),
(53, 1, 56),
(54, 1, 57),
(55, 1, 58),
(56, 2, 59),
(57, 1, 60),
(58, 1, 61),
(59, 2, 62),
(60, 1, 63),
(61, 2, 64),
(62, 1, 65),
(63, 1, 66),
(64, 2, 67),
(65, 1, 68),
(66, 2, 69),
(67, 1, 70),
(68, 2, 71),
(69, 1, 72),
(70, 1, 73),
(71, 1, 74),
(72, 1, 75),
(73, 1, 76),
(74, 1, 77),
(75, 1, 78),
(76, 1, 79),
(77, 2, 80),
(78, 1, 81),
(79, 1, 82),
(80, 1, 83),
(81, 1, 84),
(82, 1, 85),
(83, 1, 86),
(84, 1, 87),
(85, 1, 88),
(86, 1, 89),
(87, 1, 90),
(88, 1, 91),
(89, 1, 92),
(90, 2, 93),
(91, 2, 95),
(92, 2, 96),
(93, 2, 97),
(94, 2, 98),
(95, 2, 99),
(96, 1, 100),
(97, 1, 101),
(98, 2, 102),
(99, 1, 103),
(100, 1, 104),
(101, 1, 105),
(102, 1, 106),
(103, 2, 107),
(104, 2, 108),
(105, 2, 109),
(106, 2, 110),
(107, 2, 111),
(108, 1, 112),
(109, 1, 113),
(110, 1, 114),
(111, 1, 115),
(112, 2, 117),
(113, 2, 118),
(114, 1, 119),
(115, 2, 120),
(116, 1, 121),
(117, 1, 122),
(118, 1, 123),
(119, 1, 124),
(120, 1, 125),
(121, 1, 126),
(122, 1, 127),
(123, 1, 128),
(124, 1, 129),
(125, 2, 130),
(126, 1, 131),
(127, 1, 132),
(128, 1, 133);

-- --------------------------------------------------------

--
-- Структура таблицы `typeofblade`
--

CREATE TABLE `typeofblade` (
  `id` int(11) NOT NULL,
  `name` char(30) NOT NULL,
  `price` int(11) NOT NULL,
  `description` text NOT NULL,
  `bent` int(11) NOT NULL DEFAULT '2',
  `free` int(11) NOT NULL DEFAULT '2',
  `path` text NOT NULL,
  `popularity` int(11) NOT NULL,
  `viewable` int(11) DEFAULT '1',
  `hardness` int(11) NOT NULL
) ENGINE=InnoDB DEFAULT CHARSET=utf8;

--
-- Дамп данных таблицы `typeofblade`
--

INSERT INTO `typeofblade` (`id`, `name`, `price`, `description`, `bent`, `free`, `path`, `popularity`, `viewable`, `hardness`) VALUES
(1, 'Танто (Америка)1', 500, '', 2, 2, 'M320,50 Q340,90 410,120 L640,120 L640,75 L640,40 L510,40z', 42, 1, 3),
(3, 'Спецназ', 350, '', 2, 2, 'M320,48.5 Q360,120 450,120 L640,120 L640,40 L445,40 Q370,50 320,48.5', 1, 1, 2),
(4, 'Рыболовный', 480, '', 2, 1, 'M320,50 Q370,125 470,120 L640,120 L640,75 L640,40 L510,40 L390,53 Q375,47 410,37 Q413,32 405,33z', 44, 1, 3),
(5, 'Изогнутый', 250, '', 1, 2, 'M320,20 Q366,127 640,120  L640,40 L600,40 Q406,43 320,20', 7, 1, 3),
(6, 'Скиннер1', 500, '', 2, 2, 'M320,48 S366,119 480,117 L640,117 L640,40 S576,42 510,40 425,33 320,48', 34, 1, 1),
(7, 'Скиннер2', 1000, '', 2, 2, 'M320,57 S360,126 470,122 520,119 640,114 L640,40 L480,40 Q385,42 320,57', 35, 1, 1),
(8, 'Боуи2', 1000, '.', 2, 2, 'M320,49 Q374,119 490,110.6 L640,104 L640,40 Q520,34 452,26.7 Q405,47 320,49', 22, 1, 1),
(9, 'Финский', 1000, '', 2, 2, 'M320,40 Q345,124 480,120 L640,120 L640,40 L510,40z', 10, 1, 1),
(10, 'Танто (Америка)2', 500, '', 1, 2, 'M320,20 L357,87 Q506,118 640,120 L640,40    \r\nQ480,36 320,20', 43, 1, 3),
(11, 'Танто (Япония)', 500, '', 1, 2, 'M320,20 Q340,80 387,95 Q490,124 640,120 L640,40    \r\nQ540,43 320,20', 41, 1, 3),
(12, 'Лесной2', 300, '', 2, 2, 'M320,34 Q346,105 440,110 L640,110 L640,40 L640,40 Q598,35 590,30z', 38, 0, 3),
(13, 'Drop-Point', 1000, '', 2, 2, 'M320,52 Q356,110  430,120L 610,120 L640,120 L640,40 L420,40z', 37, 0, 1),
(14, 'Лесной', 300, '', 2, 2, 'M320,40 Q366,115 480,115 L640,115 L640,40 L560,40 Q548,35 550,35z', 40, 1, 2),
(15, 'Вятич', 300, '', 2, 2, 'M320,50 Q356,120  435,120L 610,120 L640,120 L640,40 L416,40 Q380,40 320,50', 6, 1, 1),
(16, 'Skinner3', 450, '.', 2, 2, 'M320,40 S350,110 490,109 L640,109 L640,40 S596,40 520,33 395,23 320,40', 39, 0, 1),
(17, 'Клык', 500, '', 2, 2, 'M320,57 Q356,113  432,113L 610,113 L640,113 L640,40 Q600,38.5 574.5,33.7 Q460,53.3 320,57', 9, 1, 2),
(18, 'Косогор', 300, '', 2, 2, 'M640,40 L640,120 L430,120 Q342,116 320,52 Q426,42.9, 510,40z', 5, 1, 1),
(19, 'Шарп2', 123, '', 2, 2, 'M320,40 Q378,119 484,108 Q590,98 640,113 L640,40 Q599,42  594,28.5 Q430,24 320,40', 28, 0, 2),
(20, 'Коготь', 23, '', 2, 2, 'M320,18 Q443,46 600,32 Q620,42 640,40 L640,124 S635,116 500,113 340,49 320,18', 33, 1, 2),
(21, 'Акула', 300, '.', 2, 2, 'M320,50 Q357,117 430,115 L640,118 L640,40 Q599,41.5  594,35.5 Q430,33 320,50', 23, 1, 2),
(22, 'Мясницкий', 400, '.', 2, 1, 'M345,41 Q317,74 320,120 L640,120 L640,40 L349,40 Q346,39.7 346,41z', 45, 1, 2),
(23, 'Сокол', 1, '.', 2, 2, 'M320,39 Q443,47 532,32.5 Q532.5,32 535,32.5 Q544,43 640,40 L640,124 S645,108 500,113 340,63 320,39', 26, 1, 2),
(24, 'Лунь', 1, '.', 2, 2, 'M320,39 Q433,54 505,39.5  L640,40 L640,128 Q566,110 470,118  Q380,123 320,39', 27, 1, 2),
(25, 'Лось', 1, 'fdf', 2, 2, 'M320,67 S353,107 421,113 580,108 640,123 L640,40 Q430,35 320,67', 32, 1, 2),
(26, 'Лесник', 1, '.', 2, 2, 'M320,46.5 Q493,54 576,40 L640,40 L640,123 S625,120 510,122 340,69 320,46.5', 3, 1, 1),
(27, 'Ас', 1, '.', 2, 2, 'M320,61 Q366,136 479,123 Q600,108 640,137 L640,40 Q382,35.5  320,61', 2, 1, 2),
(28, 'Пчак', 1, '.', 2, 2, 'M320,28 Q326,110  435,115 L610,120 L640,120 L640,40 L416,40 Q360,38.6 320,28', 29, 0, 1),
(29, 'Пчак', 1, '.', 2, 2, 'M320,28 Q326,110  435,115 L610,120 L640,120 L640,40 L416,40 Q360,38.6 320,28', 25, 1, 2),
(30, 'Звезда', 1, '.', 2, 2, 'M320,64 Q400,132 640,122 L640,40 Q400,35 320,64', 4, 1, 1),
(31, 'Ворон', 1, '.', 2, 2, 'M320,45 Q453,46 551,32.5 Q552.5,32 558,31.5 Q574,37 640,40 L640,108 Q546,96 477,115 Q370,100 320,45', 11, 1, 2),
(32, 'Боуи', 13, '.', 2, 2, 'M320,58 Q344,116 470,120 L640,120 L640,40 L480,40 Q405,56 320,58', 24, 1, 1),
(33, 'Трекер', 1, '.', 2, 2, 'M320,36 Q364,107 504,117.6 \r\nQ514,105 525,106 L615,100 Q640,103 640,112 L640,40 Q635,40 621,35 Q550,52 500,34 Q500,31 320,36', 36, 1, 4),
(34, 'Ворнклиф', 1, '.', 2, 1, 'M320,103 Q377,114 640,121  L640,40  Q590,40 455,42 Q380,47 320,103', 30, 1, 1),
(35, 'Ворнклиф2', 1, '.', 2, 1, 'M320,120 Q377,121 640,120  L640,40  Q590,37 505,40 Q380,45 320,120', 31, 1, 1),
(36, 'Панда', 1, '.', 2, 2, 'M320,54 Q374,119 540,118 L640,120 L640,40 Q400,35 320,54', 21, 1, 1),
(37, 'Носорог', 1, '.', 2, 2, 'M356,49 Q493,68 628,38.5  L640,40 L640,120 Q409,130 320,78z', 18, 1, 2),
(38, 'Рогью', 1, 'ю', 2, 2, 'M320,58.5 Q360,108 470,114 Q540,116 640,105 L640,40 Q470,23 320,58.5', 20, 1, 1),
(39, 'Барин', 1, '.', 2, 2, 'M320,77 Q364,123 450,120 L640,120 L640,40 L505,44 Q380,50 320,77', 15, 1, 1),
(40, 'Бумеранг', 1, '.', 2, 2, 'M320,81 Q376,135 499,116 Q600,108 640,124 L640,40 Q540,39 502,43 Q392,53 320,81', 19, 1, 2),
(41, 'Сурок', 1, '.', 2, 2, 'M320,105 Q388,145 499,129 Q600,117 640,124 L640,40 Q540,44 502,49 Q392,65 320,105', 17, 0, 2),
(42, 'Косой', 1, '.', 2, 2, 'M320,47 Q368,106 449,111 L640,112 L640,40 Q590,39 550,31z', 16, 1, 1),
(43, 'Эльф', 1, '.', 2, 2, 'M320,60 Q399,143 504,117 Q600,99 640,114 L640,40 Q600,39 532,46 Q522,45 516,36z', 14, 0, 1),
(44, 'Охотник', 1, 'ю', 2, 2, 'M320,59 Q350,127 459,118.6 L640,112 L640,40 L476,40 Q400,64 320,59', 12, 1, 1),
(45, 'Панда', 1, '.', 2, 2, 'M320,69 S345,61 385,53.5 525,41.6 580,38 Q594,36 598,35 Q605,33 607,34 Q610,38 640,40  L640,124 S625,110 525,118 360,110 320,69', 13, 1, 1),
(46, 'Воин', 1, '.', 2, 2, 'M320,72 Q367,115 474,123 Q478,123 484,122 Q540,101 640,115 L640,40 L560,48.5 Q534,51 523,42z', 8, 1, 4),
(47, 'Кухонный', 1, '.', 2, 2, 'M320,79  Q476,110 640,120 L640,40  L384,43   \nQ382,43 376,44.4 L320,79', 46, 1, 1);

-- --------------------------------------------------------

--
-- Структура таблицы `typeofbolster`
--

CREATE TABLE `typeofbolster` (
  `id` int(11) NOT NULL,
  `name` char(30) NOT NULL,
  `price` int(11) NOT NULL,
  `description` text NOT NULL,
  `path` text NOT NULL,
  `restricted` int(11) NOT NULL DEFAULT '1',
  `simmetrical` int(11) NOT NULL DEFAULT '0',
  `texture` char(30) DEFAULT NULL,
  `image_description` char(30) DEFAULT NULL,
  `color` char(7) NOT NULL,
  `width` int(11) NOT NULL,
  `popularity` int(11) NOT NULL,
  `viewable` int(11) NOT NULL DEFAULT '1'
) ENGINE=InnoDB DEFAULT CHARSET=utf8;

--
-- Дамп данных таблицы `typeofbolster`
--

INSERT INTO `typeofbolster` (`id`, `name`, `price`, `description`, `path`, `restricted`, `simmetrical`, `texture`, `image_description`, `color`, `width`, `popularity`, `viewable`) VALUES
(1, 'Латунь5', 550, '.', 'M640,40 L660,40 L660,100 Q646.7,103 648,122 Q645,123.8 642,119 Q642,105 640,100z', 2, 0, 'bolster1.jpg', NULL, '#ebe3bc', 20, 6, 0),
(4, 'Латунь1', 250, '.', 'M640,40 L647,40 L647,100 Q 643,102 640,102z', 1, 0, 'bolster4.jpg', NULL, '#ebe3bc', 7, 1, 1),
(5, 'Фултанг', 540, 'Крепление фултанг. Основу рукояти составляет хвостовик клинка в виде пластины совпадающей по контуру с рукоятью. На хвостовик крепятся накладки из пластика, дерева или иного материала. Ножи с такой конструкцией выдерживают большие нагрузки, чем ножи с всадным или сквозным монтажом', 'M640,0', 1, 0, 'bolster5.jpg', 'fultang.svg', '#232344', 0, 2, 1),
(6, 'Латунь6', 500, '.', 'M645,0 Q640,20 640,40  L640,100 Q642,120 633,150 Q634,152 637,150 S645,130 646,115 649,103 650,99 L650,40 S647,36 647,34 643,27 649,3 Q648,-1 645,0', 2, 0, 'bolster6.jpg', NULL, '#d7c48c', 10, 9, 0),
(8, 'Латунь2', 400, '.', 'M640,40 L655,40 L655,100 S 648,102 646,110 639,118 640,100z', 2, 0, 'bolster8.jpg', NULL, '#ebe3bc', 15, 3, 1),
(12, 'Латунь6', 550, '.', 'M645,6 Q640,18 640,40  L640,100 Q638.2,119.6 633.3,127 Q629.8,136 636.6,134 Q642,127.5 643.8,120 Q648,105 647,80 L647,40 Q647,23 650.6,13 Q652,4  645,6', 2, 1, 'bolster12.jpg', NULL, '#ebe3bc', 7, 7, 1),
(13, 'Латунь7', 550, '.', 'M635,13 Q639,20 640,40  L640,100 Q640.7,119.6 644.7,135 Q650,138 650.5,133 Q645.8,109 647,90 L647,40 Q645.3,15 639,5 Q631,3 635,13', 2, 1, 'bolster13.jpg', NULL, '#ebe3bc', 7, 8, 1),
(14, 'Латунь3', 320, '.', 'M640,40 L650,40 L650,100 Q645,101.5 640,101z', 1, 0, 'bolster14.jpg', NULL, '#ebe3bc', 10, 4, 0),
(15, 'Латунь4', 400, '.', 'M640,40 L655,40 L655,100 Q648,102 640,101z', 1, 0, 'bolster15.jpg', NULL, '#ebe3bc', 15, 5, 0);

-- --------------------------------------------------------

--
-- Структура таблицы `typeofhandle`
--

CREATE TABLE `typeofhandle` (
  `id` int(11) NOT NULL,
  `name` char(30) NOT NULL,
  `price` int(11) NOT NULL,
  `description` text NOT NULL,
  `path` text NOT NULL,
  `pathFultang` text NOT NULL,
  `pathKlepka` text NOT NULL,
  `pathFixBlade` text NOT NULL,
  `pathFixBladeFultang` text NOT NULL,
  `restricted` int(11) NOT NULL DEFAULT '1',
  `popularity` int(11) NOT NULL,
  `viewable` int(11) DEFAULT '1',
  `heightHandle` int(11) NOT NULL DEFAULT '1',
  `hardness` int(11) NOT NULL
) ENGINE=InnoDB DEFAULT CHARSET=utf8;

--
-- Дамп данных таблицы `typeofhandle`
--

INSERT INTO `typeofhandle` (`id`, `name`, `price`, `description`, `path`, `pathFultang`, `pathKlepka`, `pathFixBlade`, `pathFixBladeFultang`, `restricted`, `popularity`, `viewable`, `heightHandle`, `hardness`) VALUES
(3, 'Ручка16', 1, '.', 'M640,40 L915,40 Q928,70 915,100 L840,100 L640,100z', 'M640,40 L915,40 Q928,70 915,100 L840,100 L640,100 Q628,65 640,40', 'M680,70a7,7 0 1,0 14,0a7,7 0 1,0 -14,0 M853,70a7,7 0 1,0 14,0a7,7 0 1,0 -14,0', 'M645,119 L630,119 Q597,119 591,139 L591, 300 L645,300z', 'M645,119 Q607,135 591,156 Q593,150 585,170 L581,300 L645,300z', 1, 19, 1, 1, 1),
(10, 'Ручка15', 100, '.', 'M640,40 L640,95 S660,96 734,98 882,95 915,94 M640,40 S660,39 734,37 882,40 915,43 C924,40 924,90 915,94', 'M640,40 L640,95 S660,96 734,98 882,95 915,94 M640,40 S660,39 734,37 882,40 915,43 C924,40 924,90 915,94', 'M688,68a7,7 0 1,0 14,0a7,7 0 1,0 -14,0 M843,68a7,7 0 1,0 14,0a7,7 0 1,0 -14,0', 'M645,119 L630,119 Q597,119 591,139 L591, 300 L645,300z', 'M645,121 L640,121 Q627,121 624,139 L624, 300 L645,300z', 1, 17, 0, 3, 1),
(11, 'Ручка12', 100, '.', 'M640,40 S660,39 734,37 845,44 870,45 Q895,45,900,37 C929,25 929,115 900,110 Q891,100 870,100  S880,100 805,104 734,105  640,100 L640,40', 'M640,40 S660,39 734,37 845,44 870,45 Q895,45,900,37 C929,25 929,115 900,110 Q891,100 870,100  S880,100 805,104 734,105  640,100 Q623,70 640,40', 'M688,72a7,7 0 1,0 14,0a7,7 0 1,0 -14,0 M823,72a7,7 0 1,0 14,0a7,7 0 1,0 -14,0', 'M645,119 L630,119 Q597,119 591,139 L591, 300 L645,300z', 'M645,119 Q607,135 591,156 Q593,150 585,170 L581,300 L645,300z', 1, 13, 1, 1, 2),
(12, 'Ручка2', 100, '.', 'M640,40 L720,40 Q830,38.1 921,54 C925,72 900,109 875.7,126 Q871,130 867.9,129 Q820,103 712,109 Q710,109 703,109 Q675,100 640,107z', 'M640,40 L720,40 Q830,38.1 921,54 C925,72 900,109 875.7,126 Q871,130 867.9,129 Q820,103 712,109 Q710,109 703,109 Q675,100 640,107 Q624,67 640,40', 'M688,74a7,7 0 1,0 14,0a7,7 0 1,0 -14,0 M823,80a7,7 0 1,0 14,0a7,7 0 1,0 -14,0', 'M645,119 L630,119 Q597,119 591,139 L591, 300 L645,300z', 'M645,119 Q607,135 591,156 Q593,150 585,170 L581,300 L645,300z', 1, 2, 1, 4, 1),
(13, 'Ручка11', 123, '.', 'M640,40 L640,107 S670,96 710,100 850,169, 920,95 Q923,91.9 922,86 Q880,41 740,40 L640,40', 'M640,40 Q623,68 640,107 S670,96 710,100 850,169, 920,95 Q923,91.9 922,86 Q880,41 740,40 L640,40', 'M688,70a7,7 0 1,0 14,0a7,7 0 1,0 -14,0 M823,88a7,7 0 1,0 14,0a7,7 0 1,0 -14,0', 'M645,119 L630,119 Q597,119 591,139 L591, 300 L645,300z', 'M645,119 Q607,135 591,156 Q593,150 585,170 L581,300 L645,300z', 1, 11, 1, 4, 1),
(15, 'Ручка15', 123, '.', 'M640,40 L640,90 S695,94 705,95 825,96, 835,97 870,103 876,112  C885,124 977,44  870,40 Q790,36 640,40', 'M640,40 Q 626,60 640,90 S695,94 705,95 825,96, 835,97 870,103 876,112  C885,124 977,44  870,40 Q790,36 640,40', 'M688,67a7,7 0 1,0 14,0a7,7 0 1,0 -14,0 M843,70a7,7 0 1,0 14,0a7,7 0 1,0 -14,0', 'M645,119 L630,119 Q597,119 591,139 L591, 300 L645,300z', 'M645,119 Q607,135 591,156 Q593,150 585,170 L581,300 L645,300z', 1, 18, 1, 2, 1),
(18, 'Ручка9', 300, '.', 'M640,40 Q810,40 920,57 Q924,61 923,68 Q919,100 887,140 Q877.5,149.8 875,145 Q818,98.5 707,112 Q670,96 640,107z', 'M640,40 Q810,40 920,57 Q924,61 923,68 Q919,100 887,140 Q877.5,149.8 875,145 Q818,98.5 707,112 Q670,96 640,107 Q626,73 640,40', 'M688,75a7,7 0 1,0 14,0a7,7 0 1,0 -14,0 M823,82a7,7 0 1,0 14,0a7,7 0 1,0 -14,0', 'M645,119 L630,119 Q597,119 591,139 L591, 300 L645,300z', 'M645,119 Q607,135 591,156 Q593,150 585,170 L581,300 L645,300z', 1, 9, 1, 4, 1),
(21, 'Ручка15', 400, '.', 'M640,40  L700,40 Q848,38 922,90 Q918,120 861,150 Q821,110 750,105 Q700,99.5 640,100z', '', 'M688,75a7,7 0 1,0 14,0a7,7 0 1,0 -14,0 M823,82a7,7 0 1,0 14,0a7,7 0 1,0 -14,0', 'M645,119 L630,119 Q597,119 591,139 L591, 300 L645,300z', 'M645,119 Q607,135 591,156 Q593,150 585,170 L581,300 L645,300z', 1, 12, 0, 1, 1),
(22, 'Ручка13', 4343, '.', 'M640,40 Q810,37.4 920,78 Q921,78 922,80 Q917,110 851,146.8 L839,146.4 Q838,147 838,139 Q834,131.3 822,125 Q780,110 640,100z', '', 'M688,75a7,7 0 1,0 14,0a7,7 0 1,0 -14,0 M823,82a7,7 0 1,0 14,0a7,7 0 1,0 -14,0', 'M645,119 L630,119 Q597,119 591,139 L591, 300 L645,300z', 'M645,119 Q607,135 591,156 Q593,150 585,170 L581,300 L645,300z', 1, 14, 0, 1, 1),
(23, 'Ручка3', 100, '.', 'M640,40  L822,40 Q850,42 920, 55.3 Q920.4,56 921,56 Q928,93 884,125 Q881,127 880,127 S854,112 844,109.4 834,105 810,107 750,110, 685,101.5 Q658,98 640,107z', 'M640,40  L822,40 Q850,42 920, 55.3 Q920.4,56 921,56 Q928,93 884,125 Q881,127 880,127 S854,112 844,109.4 834,105 810,107 750,110, 685,101 Q658,97 640,107 Q624,67 640,40', 'M688,73a7,7 0 1,0 14,0a7,7 0 1,0 -14,0 M823,74a7,7 0 1,0 14,0a7,7 0 1,0 -14,0', 'M645,119 L630,119 Q597,119 591,139 L591, 300 L645,300z', 'M645,119 Q607,135 591,156 Q593,150 585,170 L581,300 L645,300z', 1, 3, 1, 4, 1),
(24, 'Ручка4', 1000, '.', 'M640,40  Q870,36.2 920,77 Q921,77 922,80 Q906,130 865,135 Q865,135.5 860,135 Q845,89 690,113 Q688,113 687,111 Q680,97.5 640,100z', 'M640,40  Q870,36.2 920,77 Q921,77 922,80 Q906,130 865,135 Q865,135.5 860,135 Q845,89 690,113 Q688,113 687,111 Q680,97.5 640,100 Q630,70 640,40', 'M688,75a7,7 0 1,0 14,0a7,7 0 1,0 -14,0 M823,82a7,7 0 1,0 14,0a7,7 0 1,0 -14,0', 'M645,119 L630,119 Q597,119 591,139 L591, 300 L645,300z', 'M645,119 Q607,135 591,156 Q593,150 585,170 L581,300 L645,300z', 1, 4, 1, 1, 3),
(25, 'Ручка8', 21, '.', 'M640,40  Q870,35.5 915,53 C933,58 910,115 890,130 Q885,133  874,128 S843,100 790,112 700,85 640,107z', 'M640,40  Q870,35.5 915,53 C933,58 910,115 890,130 Q885,133  874,128 S843,100 790,112 700,85 640,107 Q624,67 640,40', 'M688,72a7,7 0 1,0 14,0a7,7 0 1,0 -14,0 M823,75a7,7 0 1,0 14,0a7,7 0 1,0 -14,0', 'M645,119 L630,119 Q597,119 591,139 L591, 300 L645,300z', 'M645,119 Q607,135 591,156 Q593,150 585,170 L581,300 L645,300z', 1, 8, 1, 4, 1),
(26, 'Ручка7', 700, '.', 'M640,40  Q840,38.5 917,67.6 Q917.5 67.7 918,68.7 Q935,120 881,149 Q879,149.5 878,148 S861,136 841,132.5 820,133.7 814,132.5 786,107 754,121.5 Q750,121 750,120 Q721,102 694,115.5 Q692.4,115.4 690,114 Q670,100 640,107z', 'M640,40  Q840,38.5 917,67.6 Q917.5 67.7 918,68.7 Q935,120 881,149 Q879,149.5 878,148 S861,136 841,132.5 820,133.7 814,132.5 786,107 754,121.5 Q750,121 750,120 Q721,102 694,115.5 Q692.4,115.4 690,114 Q670,100 640,107 Q623,67 640,40', 'M688,75a7,7 0 1,0 14,0a7,7 0 1,0 -14,0 M823,90a7,7 0 1,0 14,0a7,7 0 1,0 -14,0', 'M645,119 L630,119 Q597,119 591,139 L591, 300 L645,300z', 'M645,119 Q607,135 591,156 Q593,150 585,170 L581,300 L645,300z', 2, 7, 1, 4, 3),
(28, 'Ручка5', 12, '.', 'M640,40 Q850,37 919.5,63 Q921,65 922,65 Q922,108 865,143 Q857,143.5 855,139.1 Q818,102.3 754,113.5 Q722,113.7 700,107 Q660,99.5 640,107z', 'M640,40 Q850,37 919.5,63 Q921,65 922,65 Q922,108 865,143 Q857,143.5 855,139.1 Q818,102.3 754,113.5 Q722,113.7 700,107 Q660,99.5 640,107 Q624,68 640,40', 'M688,75a7,7 0 1,0 14,0a7,7 0 1,0 -14,0 M823,82a7,7 0 1,0 14,0a7,7 0 1,0 -14,0', 'M645,119 L630,119 Q597,119 591,139 L591, 300 L645,300z', 'M645,119 Q607,135 591,156 Q593,150 585,170 L581,300 L645,300z', 1, 5, 1, 4, 1),
(29, 'Ручка10', 200, '.', 'M640,40 L640,107 Q810,105 872,145 C880,145 949,75  912,57 Q824,37.7 640,40z', 'M640,40 Q624,67 640,107 Q810,105 872,145 C880,145 949,75  912,57 Q824,37.7 640,40', 'M688,75a7,7 0 1,0 14,0a7,7 0 1,0 -14,0 M823,86a7,7 0 1,0 14,0a7,7 0 1,0 -14,0', 'M645,119 L630,119 Q597,119 591,139 L591, 300 L645,300z', 'M645,119 Q607,135 591,156 Q593,150 585,170 L581,300 L645,300z', 1, 10, 1, 4, 1),
(30, 'Ручка6', 1000, '.', 'M640,40 S760,40 841.5,49 920,56 922,57 Q922,105 862,139 Q847,147 840.6,148 Q835,148 836.6,147  Q835,123 790,119 S720,119 685,111 640,107 640,107z', 'M640,40 S760,40 841.5,49 920,56 922,57 Q922,105 862,139 Q847,147 840.6,148 Q835,148 836.6,147  Q835,123 790,119 S720,119 685,111 640,107 640,107 Q624,67, 640,40', 'M688,77a7,7 0 1,0 14,0a7,7 0 1,0 -14,0 M823,88a7,7 0 1,0 14,0a7,7 0 1,0 -14,0', 'M645,119 L630,119 Q597,119 591,139 L591, 300 L645,300z', 'M645,119 Q607,135 591,156 Q593,150 585,170 L581,300 L645,300z', 1, 6, 1, 4, 1),
(31, 'Ручка1', 400, '.', 'M640,40 S760,37 841.5,42 917,47 920,54 Q929,99 872,127 Q868,129 865,126 Q850,107 760,107 Q700,103.5 675,101 Q655,100 646,104 Q643,106.3 640,107z', 'M640,40 S760,37 841.5,42 917,47 920,54 Q929,99 872,127 Q868,129 865,126 Q850,107 760,107 Q700,103.5 675,101 Q655,100 646,104 Q643,106.3 640,107 Q624,67 640,40', 'M688,73a7,7 0 1,0 14,0a7,7 0 1,0 -14,0 M823,79a7,7 0 1,0 14,0a7,7 0 1,0 -14,0', 'M645,119 L630,119 Q597,119 591,139 L591, 300 L645,300z', 'M645,119 Q607,135 591,156 Q593,150 585,170 L581,300 L645,300z', 1, 1, 1, 4, 1),
(32, 'Ручка13', 100, '.', 'M640,40 Q850,36 913.5,48.7 Q925,48 920,68 Q909,100 882,128 Q876,131.5 870,129.1 Q838,105.3 754,110.5 Q748,111.2 720,109 Q658,99.9 640,107z', 'M640,40 Q850,36 913.5,48.7 Q925,48 920,68 Q909,100 882,128 Q876,131.5 870,129.1 Q838,105.3 754,110.5 Q748,111.2 720,109 Q658,99.9 640,107 Q627,71 640,40', 'M688,74a7,7 0 1,0 14,0a7,7 0 1,0 -14,0 M823,77a7,7 0 1,0 14,0a7,7 0 1,0 -14,0', 'M645,119 L630,119 Q597,119 591,139 L591, 300 L645,300z', 'M645,119 Q607,135 591,156 Q593,150 585,170 L581,300 L645,300z', 1, 15, 1, 4, 2),
(33, 'Ручка14', 1, '.', 'M640,40 L640,90  Q760,90 860,119  Q876,125 884,144 C885,166 983,44  860,40 Q790,38 640,40', 'M640,40 L640,90  Q760,90 860,119  Q876,125 884,144 C885,166 983,44  860,40 Q790,38 640,40', 'M664,62a7,7 0 1,0 14,0a7,7 0 1,0 -14,0 M767,68a7,7 0 1,0 14,0a7,7 0 1,0 -14,0 M878,80a7,7 0 1,0 14,0a7,7 0 1,0 -14,0', 'M645,119 L640,119 Q627,119 618,139 L618, 300 L645,300z', 'M645,121 L640,121 Q627,121 624,139 L624, 300 L645,300z', 1, 16, 1, 2, 2),
(34, 'Ручка17', 1, '.', 'M640,40 L640,107 Q658,100.2 693,115 Q693.5 116 698,115.7 Q790,98.5 882,146 Q883,147 885,146 Q916,110 919,75 Q918,73 917,72 Q800,35 640,40', 'M640,40 Q625,70 640,107 Q658,100.2 693,115 Q693.5 116 698,115.7 Q790,98.5 882,146 Q883,147 885,146 Q916,110 919,75 Q918,73 917,72 Q800,35 640,40', 'M688,75a7,7 0 1,0 14,0a7,7 0 1,0 -14,0 M843,94a7,7 0 1,0 14,0a7,7 0 1,0 -14,0', 'M645,119 L630,119 Q597,119 591,139 L591, 300 L645,300z', 'M645,119 Q607,135 591,156 Q593,150 585,170 L581,300 L645,300z', 1, 20, 1, 4, 1),
(35, 'Ручка18', 1, '.', 'M640,40 S650,40 680,41 810,37 914,56 Q915,56.3 916,58 Q920,90 899,109 Q898,111 895,112 S880,104 790,111 680,96 640,107z', 'M640,40 S650,40 680,41 810,37 914,56 Q915,56.3 916,58 Q920,90 899,109 Q898,111 895,112 S880,104 790,111 680,96 640,107 Q627,70 640,40', 'M688,75a7,7 0 1,0 14,0a7,7 0 1,0 -14,0 M835,77a7,7 0 1,0 14,0a7,7 0 1,0 -14,0', 'M645,119 L630,119 Q597,119 591,139 L591, 300 L645,300z', 'M645,119 Q607,135 591,156 Q593,150 585,170 L581,300 L645,300z', 1, 21, 1, 4, 2),
(36, 'Ручка19', 1, ',', 'M640,40  L812,40 Q850,52 916, 59.3 Q920.4,62 920,65 Q933,113 884,147 Q882,148 880,146 Q872,136 845,120 Q810,102 760,104 Q745,103 720,111 Q718 113 716,111 Q680,95 640,107z', 'M640,40  L812,40 Q850,52 916, 59.3 Q920.4,62 920,65 Q933,113 884,147 Q882,148 880,146 Q872,136 845,120 Q810,102 760,104 Q745,103 720,111 Q718 113 716,111 Q680,95 640,107 Q624,67 640,40', 'M688,73a7,7 0 1,0 14,0a7,7 0 1,0 -14,0 M843,84a7,7 0 1,0 14,0a7,7 0 1,0 -14,0', 'M645,119 L630,119 Q597,119 591,139 L591, 300 L645,300z', 'M645,119 Q607,135 591,156 Q593,150 585,170 L581,300 L645,300z', 1, 22, 1, 4, 4);

-- --------------------------------------------------------

--
-- Структура таблицы `typeofhandlematerial`
--

CREATE TABLE `typeofhandlematerial` (
  `id` int(11) NOT NULL,
  `name` char(30) NOT NULL,
  `price` int(11) NOT NULL,
  `description` text NOT NULL,
  `texture` char(30) NOT NULL,
  `color` char(7) NOT NULL,
  `nabor` int(11) NOT NULL DEFAULT '0',
  `popularity` int(11) NOT NULL,
  `viewable` int(11) DEFAULT '1'
) ENGINE=InnoDB DEFAULT CHARSET=utf8;

--
-- Дамп данных таблицы `typeofhandlematerial`
--

INSERT INTO `typeofhandlematerial` (`id`, `name`, `price`, `description`, `texture`, `color`, `nabor`, `popularity`, `viewable`) VALUES
(2, 'Береста', 200, 'Посередине наборка из бересты. По бокам - рябина.', 'handle2.jpg', '#b18441', 1, 7, 1),
(4, 'Кап', 385, 'Кап березы', 'handle4.jpg', '#a66928', 0, 3, 1),
(5, 'Кап, орех', 380, '.', 'handle5.jpg', '#768397', 1, 6, 1),
(6, 'Орех', 250, 'По бокам мореный дуб, проставки латунь, посередине орех.', 'handle6.jpg', '#5c3f2f', 0, 4, 1),
(7, 'Мореный дуб', 250, '.', 'handle7.jpg', '#1f1e1c', 0, 10, 0),
(9, 'Сувель, граб', 160, '.', 'handle9.jpg', '#b18441', 1, 9, 0),
(10, 'Дуб', 150, '.', 'handle10.jpg', '#ebe3bc', 0, 8, 0),
(11, 'Граб', 250, '.', 'handle11.jpg', '#0b0b0b', 0, 2, 1),
(12, 'Мор. дуб, орех', 400, '.', 'handle12.jpg', '#5c3f2f', 1, 11, 0),
(13, 'Акрил', 700, '.', 'handle13.jpg', '#1a413f', 0, 5, 0),
(14, 'Карельская береза', 250, 'ю', 'handle14.jpg', '#a66928', 0, 1, 1);

-- --------------------------------------------------------

--
-- Структура таблицы `typeofsend`
--

CREATE TABLE `typeofsend` (
  `id` int(11) NOT NULL,
  `name` char(17) NOT NULL,
  `price` int(11) NOT NULL,
  `description` text NOT NULL,
  `viewable` int(11) NOT NULL DEFAULT '1'
) ENGINE=InnoDB DEFAULT CHARSET=utf8;

--
-- Дамп данных таблицы `typeofsend`
--

INSERT INTO `typeofsend` (`id`, `name`, `price`, `description`, `viewable`) VALUES
(1, 'Почта РФ', 400, 'Почта России, доставка занимает от 7 до 15 рабочих дней', 1),
(2, 'EMS Russian Post', 700, 'EMS Russian Post - курьерская доставка со сроками от 2 до 7 рабочих дней', 1),
(3, 'Delivery', 450, 'Почта России, доставка занимает от 7 до 15 рабочих дней', 2),
(4, 'BoxBerry', 450, 'Почта России, доставка занимает от 7 до 15 рабочих дней', 2);

-- --------------------------------------------------------

--
-- Структура таблицы `typeofsteel`
--

CREATE TABLE `typeofsteel` (
  `id` int(11) NOT NULL,
  `name` char(30) NOT NULL,
  `price` int(11) NOT NULL,
  `description` text NOT NULL,
  `texture` char(30) DEFAULT NULL,
  `damask` int(11) NOT NULL DEFAULT '1',
  `color` char(7) NOT NULL,
  `popularity` int(11) NOT NULL,
  `viewable` int(11) DEFAULT '1'
) ENGINE=InnoDB DEFAULT CHARSET=utf8;

--
-- Дамп данных таблицы `typeofsteel`
--

INSERT INTO `typeofsteel` (`id`, `name`, `price`, `description`, `texture`, `damask`, `color`, `popularity`, `viewable`) VALUES
(2, '95x18', 275, 'Сталь 95х18 является нержавеющей сталью с хорошей гибкостью и износостойкостью. Твёрдость 57-58 HRC.', 'steel2.jpg', 1, '#bdbab5', 2, 1),
(3, 'х12мф', 325, 'Ножи из стали х12мф обладают высокими режущими свойствами и при этом сравнительно просты в заточке. Твёрдость 62 HRC.  Сталь обладает хорошей коррозионной стойкостью, требует  минимального ухода.', 'steel3.jpg', 1, '#bdbab5', 1, 1),
(14, 'шx-15', 250, 'Ножи из стали шх-15 обладают \n высокой твердостью\nи износостойкостью. Твёрдость 62 HRC.  Сталь не является коррозийностойкой, клинок требует ухода.', 'steel14.jpg', 1, '#bdbab5', 7, 0),
(16, 'дамаск (штемп.)', 610, 'Штемпельный дамаск. Кузнец многократно проковывает полосы из разных сортов стали, получая клинок с неповторимым узором. В середину клинка вкладывается высокоуглеродистая сталь, обеспечивающая хорошую стойкость кромки, а многослойные обкладки дают клинку высокую гибкость.', 'steel16.jpg', 2, '#797973', 3, 0),
(17, '60c2a', 180, 'Ножи из данной стали обладают  высокой прочностью на излом и просты в заточке. Твёрдость 56-57 HRC. Сталь не является коррозийностойкой, клинок требует ухода.', 'steel17.jpg', 1, '#bdbab5', 5, 0),
(18, 'дамаск (круч.)', 420, 'Крученый дамаск. Кузнец многократно проковывает полосы из разных сортов стали, получая клинок с неповторимым узором. В середину клинка вкладывается высокоуглеродистая сталь, обеспечивающая хорошую стойкость кромки, а многослойные обкладки дают клинку высокую гибкость.', 'steel18.jpg', 2, '#797973', 4, 1),
(19, '65х13', 80, 'Сталь 65х13 - нержавеющая сталь, податливая к заточке, со способностью выдерживать удары и изгибы. Твёрдость 56-59 HRC.', 'steel19.jpg', 1, '#797373', 6, 1);

-- --------------------------------------------------------

--
-- Структура таблицы `types_of_order`
--

CREATE TABLE `types_of_order` (
  `id` int(11) NOT NULL,
  `name` char(30) NOT NULL
) ENGINE=InnoDB DEFAULT CHARSET=utf8;

--
-- Дамп данных таблицы `types_of_order`
--

INSERT INTO `types_of_order` (`id`, `name`) VALUES
(1, 'по конструктору'),
(2, 'индивидуальный'),
(3, 'из корзины'),
(4, 'любой');

-- --------------------------------------------------------

--
-- Структура таблицы `types_of_payment`
--

CREATE TABLE `types_of_payment` (
  `id` int(11) NOT NULL,
  `name` char(30) NOT NULL
) ENGINE=InnoDB DEFAULT CHARSET=utf8;

--
-- Дамп данных таблицы `types_of_payment`
--

INSERT INTO `types_of_payment` (`id`, `name`) VALUES
(1, 'по готовности'),
(2, 'наложенный платеж'),
(3, 'полностью'),
(4, 'залог');

-- --------------------------------------------------------

--
-- Структура таблицы `users`
--

CREATE TABLE `users` (
  `id` int(11) NOT NULL,
  `phone` char(17) NOT NULL,
  `email` char(100) NOT NULL,
  `password` char(60) NOT NULL,
  `tok` char(100) DEFAULT NULL,
  `last_tok_update` timestamp NULL DEFAULT '1999-12-31 21:00:00',
  `remember_me` char(100) DEFAULT NULL,
  `status` int(11) NOT NULL,
  `name` char(50) DEFAULT NULL,
  `surname` char(50) DEFAULT NULL,
  `patronymic` char(50) DEFAULT NULL,
  `locality` char(100) DEFAULT NULL,
  `street` char(100) DEFAULT NULL,
  `house` char(10) DEFAULT NULL,
  `flat` char(10) DEFAULT NULL,
  `region` char(100) DEFAULT NULL,
  `mail_index` int(6) DEFAULT NULL,
  `id_operator` int(11) DEFAULT NULL,
  `id_area` int(11) DEFAULT NULL,
  `last_visit` timestamp NULL DEFAULT '1999-12-31 21:00:00',
  `account_status_id` int(11) NOT NULL,
  `sms_alert_id` int(11) NOT NULL DEFAULT '1',
  `reset_limit` int(11) NOT NULL DEFAULT '2',
  `last_reset` timestamp NULL DEFAULT '1999-12-31 21:00:00',
  `last_error_entrance` timestamp NOT NULL DEFAULT '1999-12-31 21:00:00',
  `count_error_entrance` int(11) NOT NULL DEFAULT '0',
  `created_at` timestamp NULL DEFAULT CURRENT_TIMESTAMP,
  `updated_at` timestamp NULL DEFAULT CURRENT_TIMESTAMP ON UPDATE CURRENT_TIMESTAMP
) ENGINE=InnoDB DEFAULT CHARSET=utf8;

--
-- Дамп данных таблицы `users`
--

INSERT INTO `users` (`id`, `phone`, `email`, `password`, `tok`, `last_tok_update`, `remember_me`, `status`, `name`, `surname`, `patronymic`, `locality`, `street`, `house`, `flat`, `region`, `mail_index`, `id_operator`, `id_area`, `last_visit`, `account_status_id`, `sms_alert_id`, `reset_limit`, `last_reset`, `last_error_entrance`, `count_error_entrance`) VALUES
(1, '+7(925) 195-59-78', 'anuranaa@mail.ru', '$2y$10$jSAr/RwmjhwioDlJErOk9OQEO7huLz9O6Iuf/udyGbHPiTNuB3Iuy', '$2y$10$cyMks54bY/TqSeXA6x/YqOR4iS4mtw25mpuXGl79GU4CvzYc1GdFy', '2019-04-30 10:07:44', '$2y$10$7EXV/0ObZ3BMjBDM9TJow.ji9q38tW.s9xGCGSdNDIVSIfIJcjeCK', 9, 'aaa', 'aaa', 'aaa', '2', '1', '1', '1', '2', 454454, NULL, 1, '2019-04-30 10:07:53', 1, 1, 10, '2019-04-15 07:03:51', '2019-11-11 05:57:53', 37),
(2, '+7(920) 911-29-15', 'gg@gfh.ru', '$2y$10$jSAr/RwmjhwioDlJErOk9OQEO7huLz9O6Iuf/udyGbHPiTNuB3Iuy', '$2y$10$hnfpFe5WuTZaPmEmi.qHh.qB63jsTrdEk42bDluU3zLOILEICKssa', '2018-03-03 11:15:55', '$2y$10$QdkG3v.O3kkwa9fPPacPduGTO1H8NS84ACXbcRPftRwXNEnQG5k9q', 4, 'aaa', 'aaa', 'aaa', NULL, '1', '1', '1', NULL, NULL, NULL, 1, '2018-03-03 11:15:58', 1, 1, 2, '1999-12-31 21:00:00', '1999-12-31 21:00:00', 0),
(3, '+7(904) 256-19-53', 'rezov17@mail.ru', '$2y$10$jSAr/RwmjhwioDlJErOk9OQEO7huLz9O6Iuf/udyGbHPiTNuB3Iuy', '$2y$10$lCSL9U67ZRl5Z4C.Kzht1umtjBSOk2GGWOwnbTk1tJw8Tb.vfMHT.', '2018-10-22 21:45:03', '$2y$10$A8/1XQqoLaIMwZL2AIREt.52bnXvOAF7sdRHfAEzKPuKwRj/29NS2', 3, 'aaa', 'aaa', 'aaa', '1', '1', '1', '1', '1', 111111, NULL, 1, '2018-10-22 21:45:06', 1, 1, 1, '2018-09-06 09:54:32', '2018-09-06 09:54:21', 4),
(27, '+7(920) 932-43-27', 'fhagerot23@yandex.ru', '$2y$10$jSAr/RwmjhwioDlJErOk9OQEO7huLz9O6Iuf/udyGbHPiTNuB3Iuy', '$2y$10$Y31wKkMidaPSnuxrF2cdVOdfglI24IH6gEz42WCN37YRRLioTKSci', '2020-01-02 08:57:45', '$2y$10$W.iXKlDTXuaKwhvaYT.Oeeg0c5qC3eLrXoAuAYdcSS5Gk7x05g29i', 5, 'aaa', 'aaa', 'aaa', '.', '1', '1', '1', '.', 111111, 2, 2, '2020-01-02 08:57:50', 1, 1, 1, '2020-01-14 19:58:25', '2019-12-20 09:16:10', 41),
(31, '+7(920) 561-84-64', 'aleksys1@mail.ru', '$2y$10$GLAt.mzkyEjCSj8SeHxcjOZZocsdItrDyxhV.dsrWl/RsClT3oRdG', '$2y$10$xVkLTlqycSEajcTDJaCgku9Yee..ol02FI.1rAYHtKqeC9Ugu1OsC', '2018-08-19 07:15:14', '$2y$10$QkpV6fp0NpsH57gsFscNcubPAYo3.sRYpbsj9P2mKVagb9PXU5zc2', 1, 'aaa', 'aaa', 'aaa', 'Валуйки', '1', '1', '1', 'Белгородская', 309996, 2, 1, '2018-08-19 07:15:29', 1, 1, 1, '2018-08-16 18:41:23', '1999-12-31 21:00:00', 0),
(32, '+7(000) 000-00-00', 'REZOV17@MAIL.RU', '$2y$10$G5uINlWOVSvXN8xEcadBJOEiGl9VP7Ssfrs0KzJ/1PzR1r9raQ60q', '$2y$10$FTNHTVmIyum9eVGFUEVJYeyMhMuPfIVEHK/Lzs1MoNVU9Wij4uc3q', '2018-08-19 15:10:36', '$2y$10$duiKmaBOxKwn6637PkkZOe5s88ASuDTJguEGCXkfl/9BX6bwWbgOe', 1, 'aaa', 'aaa', 'aaa', 'Test', '1', '1', '1', 'Test', 111111, 2, 1, '2018-08-19 15:10:36', 1, 1, 2, '1999-12-31 21:00:00', '1999-12-31 21:00:00', 0),
(33, '+7(111) 111-11-11', '1212@mail.ru', '$2y$10$FJKLlqqmtIt7RhfwEkkHf.ZbhMmbNKNvNA9H6tipRbDgMjNPijzcu', NULL, '1999-12-31 21:00:00', NULL, 1, 'aaa', 'aaa', 'aaa', 'D', '1', '1', '1', 'D', 333333, 2, 1, '1999-12-31 21:00:00', 1, 1, 2, '1999-12-31 21:00:00', '1999-12-31 21:00:00', 0),
(34, '+7(921) 227-24-08', '1976-1976.2010@mail.ru', '$2y$10$j/i4cOBsbUvgox2x/EUaqurrmMTwPJNJ6fG80snzMZlF5wcJuHCaS', '$2y$10$dJyIKVK.ZG/qLcQRhe/h4.1by6aWWBHhHV6PrbZ6VzAi2jMxH1hqi', '2018-08-24 15:12:34', '$2y$10$1GI1led7V5qOAh7N7KlP6OrM9pdNXaMMvHr6syfAJhIUbe/c7TMNu', 1, 'aaa', 'aaa', 'aaa', NULL, '1', '1', '1', NULL, NULL, 2, 1, '2018-08-24 15:12:57', 1, 1, 2, '1999-12-31 21:00:00', '1999-12-31 21:00:00', 0),
(35, '+7(001) 010-01-01', 'test@test.ru', '$2y$10$5MeKZbbKvKWKRjE0yb3Sw.IIsIznqCbg7sMrMWaw0y16qpNyDLm7u', '$2y$10$rutnBMolRG27d4Hvo9B5s.X/7XNyAwqCbbCOZwheLCFDiVSBOM8WG', '2018-08-20 12:12:47', '$2y$10$/JC8Ln860AvtuIACpXSAQOw1B.pdKJnvBHPzhUlOhZ8ZhPuRKnOcm', 1, 'aaa', 'aaa', 'aaa', 'Z', '1', '1', '1', 'Z', 222222, 2, 1, '2018-08-20 12:13:24', 1, 1, 2, '1999-12-31 21:00:00', '1999-12-31 21:00:00', 0),
(36, '+7(968) 728-09-03', 'berkx@mail.ru', '$2y$10$IiEYQGU2k7ZsHvD9KweLuuYNoM7500NKHom7zzc.yLwNH/reeLRsG', '$2y$10$OdCSLl7mEXTkxoR18SQUaOY9tKa45zm8XUOz6ea9pEVXgdDWm9B56', '2018-09-04 13:09:25', '$2y$10$nQukHe2ODXT1PZN5xSHykuxmwct2Y9tigbyt2.nuC8gUqwp0pLNZW', 1, 'aaa', 'aaa', 'aaa', 'Москва', '1', '1', '1', 'Московская обл', 119136, 2, 1, '2018-09-04 13:09:55', 1, 1, 2, '1999-12-31 21:00:00', '1999-12-31 21:00:00', 0),
(37, '+7(951) 953-57-06', 'zhukov3499@mail.ru', '$2y$10$.9EYChmJr9TNgsQEHfDE.uMBRpeF2LLm7QiYsS7KHGeRfnR7nOfqO', '$2y$10$TvH0P/G0gDB2d6.NAn83dOx079HZUpBzRuw2rkY3qTnAgJtAbVVju', '2018-09-07 07:53:23', '$2y$10$n4b.wk/aOlPk7trCztGkyOebLTnUPttQ.JT.GsoyssLTjpljXPIHO', 1, 'aaa', 'aaa', 'aaa', 'Пермь', '1', '1', '1', 'Пермский край', 614030, 2, 1, '2018-09-07 07:53:27', 1, 1, 2, '1999-12-31 21:00:00', '1999-12-31 21:00:00', 0),
(38, '+7(926) 076-16-58', 'evgeniy.novikov89@yandex.ru', '$2y$10$rbOgumJunZdF8HHh1E/NUe56blv2S.XlwC.dGqtCG8mpXTMJEoiVu', '$2y$10$bmXKGOpk.jo4Qn6kDp5iROnIQ/5a.Nr/cHJDrpqT3h007GUS52VbK', '2018-10-30 18:36:17', '$2y$10$zXfzJJ5GapLpHn2agc45PewIrKL5CULInApQtAwID/rwRt2x18OBm', 1, 'aaa', 'aaa', 'aaa', 'Москва', '1', '1', '1', 'Москва', 142784, 2, 1, '2018-10-30 18:36:17', 1, 1, 2, '1999-12-31 21:00:00', '2018-10-30 18:28:10', 1),
(39, '+7(904) 487-58-99', 'vasyn90@gmail.com', '$2y$10$zdtAHwShH11Wf/mvpu6AlOQuYq7DPyyBFAFsMe7aC8d5xJASDojAu', '$2y$10$YppVvATchm7ZshJI.sYNvuuUMC8jTeKKUIrf5e3g8HNnvTw/7SdWS', '2018-08-24 09:37:07', '$2y$10$gd1yBWLn1FKa/DVj6xzPhOsLRxS71e2BxtDybxBTSYpa2.lnVUQQq', 1, 'aaa', 'aaa', 'aaa', 'Лангепас', '1', '1', '1', 'Ханты-Мансийский автономный округ', 628672, 2, 2, '2018-08-24 09:37:19', 1, 1, 2, '1999-12-31 21:00:00', '1999-12-31 21:00:00', 0),
(40, '+7(929) 410-60-69', 'savchuk.vladislav@mail.ru', '$2y$10$UbX3jFfnUQPw9L3ATc/UieqeneGZE13wb7CMi1Goj9kErqQzn7OP.', '$2y$10$zCgIhu/2zd2nKg6m3gIWuOZYKv3zyYhu7f9CMmd05LvN0ma11NOqG', '2018-10-08 09:12:48', '$2y$10$kVIe45UahrmIK7JTZi6JY.CQhGY.SaGqjgXOt8CWi0IBEXP9Hs3Xu', 1, 'aaa', 'aaa', 'aaa', 'Нижнее Пронге', '1', '1', '1', 'Хабаровский край', 682444, 2, 3, '2018-10-08 09:13:15', 1, 1, 2, '1999-12-31 21:00:00', '1999-12-31 21:00:00', 0),
(41, '+7(010) 122-21-22', 'test@test.ru', '$2y$10$qR3Z4vVFDgslA6t757UZzeJByYTIUpi0joWEgXoGShwSeW.HzAA2K', '$2y$10$HdVBCRtYokVUfFjKH.xOP.A.MfhemjEqoSF0JpRDSfYgDgh9AQ2ma', '2018-08-25 06:14:18', '$2y$10$ma7mLFSvwYrIcWtcd6NB3eDuj3DsabqBWgzzLaWRAaK3cAY3ZG4fa', 1, 'aaa', 'aaa', 'aaa', 'D', '1', '1', '1', 'D', 333333, 2, 1, '2018-08-25 06:15:07', 1, 1, 2, '1999-12-31 21:00:00', '1999-12-31 21:00:00', 0),
(42, '+7(963) 964-63-63', '7454470@mail.ru', '$2y$10$EIlqnrFRNwxLZ7eOtC4NMu8uqjPIpv0Z1ycbeK4czPOGfrgWccseu', '$2y$10$HZIbBqFr4hS9T7zXUGErHe9yYMCLnLRXwC7NYlTfVfBNO1JYkzdRy', '2018-09-20 07:26:01', '$2y$10$mmFhSj4u7f2vv0n9pRjbz.FulsZBeZUwzHLNO1/aXYaPA/DOgLfBW', 1, 'aaa', 'aaa', 'aaa', 'Москва', '1', '1', '1', 'Москва', 117420, 2, 1, '2018-09-20 07:26:35', 1, 1, 2, '1999-12-31 21:00:00', '1999-12-31 21:00:00', 0),
(43, '+7(010) 222-22-22', 'test@test.ru', '$2y$10$4FAAErIecfMjWW84Fq6NaetZuWwZZDWvG9Ej4Ey2wLXJHL3W.P5Ze', '$2y$10$bbYxAvwKSnwnl0rTekM9oOE5mUHqXdPSr5Zffw8rVJVPADelRUFle', '2018-08-29 15:28:57', '$2y$10$w4/EBNmhKeY2Fwz.LEHCVOzYQL7gV2svDLo.wymTWC54DPitUDff2', 1, 'aaa', 'aaa', 'aaa', 'D', '1', '1', '1', 'D', 333333, 2, 1, '2018-08-29 15:29:19', 2, 1, 2, '1999-12-31 21:00:00', '1999-12-31 21:00:00', 0),
(44, '+7(000) 111-00-00', 'vyatich@rusvyatich.pro', '$2y$10$L32sBaCY97UFn99EDGMZ8OLUotycH8P7wVCD7vHCun5LH1oo56lWO', '$2y$10$azKaMSIYmTeoobxhttiNfuqey4ygA2JoW6IK7UPpcAndN.PlttTca', '1999-12-31 21:00:00', '$2y$10$Vool.WjR6MD.vu1hHr6BLuMOrCEQqv5x8sqLkM39kRFu91oYnEi0.', 1, 'aaa', 'aaa', 'aaa', NULL, '1', '1', '1', NULL, NULL, 2, 1, '1999-12-31 21:00:00', 2, 1, 2, '1999-12-31 21:00:00', '1999-12-31 21:00:00', 0),
(45, '+7(001) 111-11-11', 'vyatich@rusvyatich.pro', '$2y$10$MkluI.LSEPdnYhPOzm6RfeARmPM0Uv3cSlzPJXnB5XucbEW8e0Lju', '$2y$10$3oJzzGZUMcmdaghuzqw2v.2IAbdc.jIGtHg4UrOt9/asjOmtSkchy', '1999-12-31 21:00:00', '$2y$10$ATQVTKUu/qKy1MC49NQ0A.zH7vIMdEuz1WuJlJJZFzC1XFg6Y6qd6', 1, 'aaa', 'aaa', 'aaa', NULL, '1', '1', '1', NULL, NULL, 2, 1, '1999-12-31 21:00:00', 2, 1, 2, '1999-12-31 21:00:00', '1999-12-31 21:00:00', 0),
(46, '+7(022) 323-23-29', 'vyatich@rusvyatich.pro', '$2y$10$nZ37OEL5lenN01ox.DKkDejprHdFQeeQea2CAiOkiDJzJMdWq0tre', '$2y$10$FduA4Rn/bvj3IqD/LD1ZruboJE6JkXhu1xB2JIOoD2t8QCW7q3Sfe', '1999-12-31 21:00:00', '$2y$10$c5VdMPm0OQyKBliIx7v9O.fap4wsxaIuf33C9Tu2RnKj7pSfe0ZoO', 1, 'aaa', 'aaa', 'aaa', NULL, '1', '1', '1', NULL, NULL, 2, 1, '1999-12-31 21:00:00', 2, 1, 2, '1999-12-31 21:00:00', '1999-12-31 21:00:00', 0),
(47, '+7(828) 282-82-82', 'vyatich@rusvyatich.pro', '$2y$10$XJBGmgz1BQAoiIUMGmEgl.hqtBu2FM.6lboA.3cKL6ijzu73vqbv2', '$2y$10$DFTitYd6b5NJc7E2Cj6dVODF6da9vIFrZCSN6lPoE1y5d3OFOpcOe', '1999-12-31 21:00:00', '$2y$10$FO2QXZ3dsvzCrnPYNVi49OCTTPdXG.goZeXSAssnXpneaXoAcFmrG', 1, 'aaa', 'aaa', 'aaa', NULL, '1', '1', '1', NULL, NULL, 2, 1, '1999-12-31 21:00:00', 2, 1, 2, '1999-12-31 21:00:00', '1999-12-31 21:00:00', 0),
(48, '+7(920) 999-99-99', 'vyatich@rusvyatich.pro', '$2y$10$5xMnuC86Kyd27.QpXd9qI.9Jc.ZNKCq3WfXizIVOCnXFrkx1aBqwe', '$2y$10$8S2QXDDQvz.SvjwEiLN6UOtq6IDbEFK7dmtFivaCVSWknZRJcziMy', '1999-12-31 21:00:00', '$2y$10$1oLDgRar6vI0HbFlvPYueet0fjz6rpYdAJjbqyTn/QPjBKxYyd5Ky', 1, 'aaa', 'aaa', 'aaa', NULL, '1', '1', '1', NULL, NULL, 2, 1, '1999-12-31 21:00:00', 2, 1, 2, '1999-12-31 21:00:00', '1999-12-31 21:00:00', 0),
(49, '+7(000) 202-02-00', 'test@test.ru', '$2y$10$7yb42J2vypTGLOBaNS7QSe4dmZ1eGHJDKARPvt0/Rd4RIMDN0nGli', '$2y$10$mH31n.WHWcjbx5MOF0lISOqZB5u42u1n/3283zy5RMCv6BuQTrqhi', '2018-08-30 09:23:00', '$2y$10$/cjyTOinOUWo7EAG969SOuGERlhr0chE6TBHndUhtTskUqJlMUkwu', 1, 'aaa', 'aaa', 'aaa', 'Df', '1', '1', '1', 'Fd', 333333, 2, 1, '2018-08-30 09:23:12', 2, 1, 2, '1999-12-31 21:00:00', '1999-12-31 21:00:00', 0),
(50, '+7(003) 403-43-43', 'vyatich@rusvyatich.pro', '$2y$10$OOMdwO8XmtJT72.oTh8zbusg2z67WCfedNMnk8AW7HmnKzwoCMQlu', '$2y$10$C2MN6FUOp7SbEodqTpFV2ujSsaFBfO7jNCdHiyWR1TmmxxnIUakea', '1999-12-31 21:00:00', '$2y$10$7wdwodF8ETfwU/5w/vBypeEjzgfx.xcT3ZeUKdTna0iq24dF8PTQ2', 1, 'aaa', 'aaa', 'aaa', NULL, '1', '1', '1', NULL, NULL, 2, 1, '1999-12-31 21:00:00', 2, 1, 2, '1999-12-31 21:00:00', '1999-12-31 21:00:00', 0),
(51, '+7(099) 020-22-22', 'vyatich@rusvyatich.pro', '$2y$10$e/XztU5qxsTbQpyqNalY.ugMcTDCumgJPxWKiOKVs.HFafScIaILG', '$2y$10$g7WuwrLrpsaWEF1Rf4uwZOc2mq/BljU7f56AE5VRzFexS71LMLNjK', '1999-12-31 21:00:00', '$2y$10$aRBEZqAXJcupdKolRj2qMOxRX.8CL/MQD4QkGhzP4WFG4WqxPHSg6', 1, 'aaa', 'aaa', 'aaa', NULL, '1', '1', '1', NULL, NULL, 2, 1, '1999-12-31 21:00:00', 2, 1, 2, '1999-12-31 21:00:00', '1999-12-31 21:00:00', 0),
(52, '+7(010) 101-02-22', 'vyatich@rusvyatich.pro', '$2y$10$JTSmmPSnYysEkkWuQ6w9aesgsnpz6wTEpiH5QAJuXciFwzBcIfk4.', '$2y$10$SRx0JI7CzzyXaBFPwAr0PuCpxga6kLS1MNPTDXdPztGRHzRQAMUC.', '1999-12-31 21:00:00', '$2y$10$oAYJ211iv4cerp7mX7L02O/l.ZBIX4Ou2wDmHRQFFZFEQ4LC96tEi', 1, 'aaa', 'aaa', 'aaa', NULL, '1', '1', '1', NULL, NULL, 2, 1, '1999-12-31 21:00:00', 2, 1, 2, '1999-12-31 21:00:00', '1999-12-31 21:00:00', 0),
(53, '+7(030) 034-33-33', 'vyatich@rusvyatich.pro', '$2y$10$1LIi0KoiK7E3.9eY3zYyruH2lWYozZeGz0kebpl5cCszZsmlcByRm', '$2y$10$HGRsYvh59yD6LrD9hyPhU.2L0RR7ShEOarNT8Id/VPj505TQS6mK6', '1999-12-31 21:00:00', '$2y$10$0oO9RDKuc28etXXbxZOJ/uL0EraRR1wXWfFJvexlG7.6SoKdUzFpW', 1, 'aaa', 'aaa', 'aaa', NULL, '1', '1', '1', NULL, NULL, 2, 1, '1999-12-31 21:00:00', 2, 1, 2, '1999-12-31 21:00:00', '1999-12-31 21:00:00', 0),
(54, '+7(030) 304-03-00', 'vyatich@rusvyatich.pro', '$2y$10$u4k9AhdbFkXqmyN1NSHppe.9i5O18rYIFK9nk83BFatYga9qGGV.2', '$2y$10$Oan2iUPi9KyxnAnoZpQ93.NtP3Ap1vIxISBdsSJP5arzoSyorHm0.', '1999-12-31 21:00:00', '$2y$10$XUJfZgmOJdyIGeMIxXmsd..3BNKuSWh6wEd2zp5I563aOgjE5bJea', 1, 'aaa', 'aaa', 'aaa', NULL, '1', '1', '1', NULL, NULL, 2, 1, '1999-12-31 21:00:00', 2, 1, 2, '1999-12-31 21:00:00', '1999-12-31 21:00:00', 0),
(55, '+7(232) 333-45-65', 'vyatich@rusvyatich.pro', '$2y$10$QshoPziym8v35jobBfTFDepRkGcWrO0A2qn1BDfyxCc.o1QkBlCTK', '$2y$10$GKH68Epq640jaD0c5EOvyejkNcpdXj0hsJVscDg1zo.EOnQITFV1O', '1999-12-31 21:00:00', '$2y$10$HRMi.H7YgKdOYI4lQ8OTQeboE3/5H.gAOtl4xvQk1z8OjOpKdcONi', 1, 'aaa', 'aaa', 'aaa', NULL, '1', '1', '1', NULL, NULL, 2, 1, '1999-12-31 21:00:00', 2, 1, 2, '1999-12-31 21:00:00', '1999-12-31 21:00:00', 0),
(56, '+7(003) 040-34-44', 'vyatich@rusvyatich.pro', '$2y$10$DcUooEczn.N9SgXkRJhy5O8Eu/krrQ9CTVwPD.fDJKINvEQL8V5kK', NULL, '1999-12-31 21:00:00', NULL, 1, 'aaa', 'aaa', 'aaa', NULL, '1', '1', '1', NULL, NULL, 2, 1, '1999-12-31 21:00:00', 1, 1, 2, '1999-12-31 21:00:00', '1999-12-31 21:00:00', 0),
(57, '+7(003) 404-03-44', 'vyatich@rusvyatich.pro', '$2y$10$keDOOKP5hUShA.jxK2oKg.Tz15Lw8QRYjYgMA6x3pQ/YpxmHhAFai', '$2y$10$JBeb7ruQFM9vuvaf17pi7eJC6I806yZ.lGNprmEEoZsuid12zf2xi', '1999-12-31 21:00:00', '$2y$10$w4PSwyeYSi9d5b5zD5sOx.I/jkVJQyFBm9wkHciYokdS2SlQi4ZNK', 1, 'aaa', 'aaa', 'aaa', NULL, '1', '1', '1', NULL, NULL, 2, 1, '1999-12-31 21:00:00', 2, 1, 2, '1999-12-31 21:00:00', '1999-12-31 21:00:00', 0),
(58, '+7(020) 340-40-34', 'vyatich@rusvyatich.pro', '$2y$10$94pybznuIpdk/Y/FuCyZxe/GSqnfaVeHtaL3cfcl7dm7zqyeD3866', '$2y$10$1iC9.cKAFv1KGgqf6JWyE.1sPy6xbRN0M.ZM8VtsqAaj/Udu5oOBi', '1999-12-31 21:00:00', '$2y$10$ra6VAl3G17XzmkaPZP2w6eOVHJf2zRtzOU7qYrAZBB16oRI/JU5he', 1, 'aaa', 'aaa', 'aaa', NULL, '1', '1', '1', NULL, NULL, 2, 1, '1999-12-31 21:00:00', 2, 1, 2, '1999-12-31 21:00:00', '1999-12-31 21:00:00', 0),
(59, '+7(040) 343-43-38', 'vyatich@rusvyatich.pro', '$2y$10$hpLjkvbCC/3vtD0LFxjnguGku6xEkmLq57fEn7hEPWc4XpGvd22QO', '$2y$10$rz4qmXp3TZ4phEFkWP.Pmu7Yu10bPdNDmTXNelkmkxz3N49N60b4K', '1999-12-31 21:00:00', '$2y$10$Lg2ItiiGx853wT.xJjkTF.jZHWS5KTr5m4fogKNRXVqGikxAqPxeW', 1, 'aaa', 'aaa', 'aaa', NULL, '1', '1', '1', NULL, NULL, 2, 1, '1999-12-31 21:00:00', 2, 1, 2, '1999-12-31 21:00:00', '1999-12-31 21:00:00', 0),
(60, '+7(304) 034-33-34', 'vyatich@rusvyatich.pro', '$2y$10$oEUzVo8Ah/Y5rHjVZDYbIuYsDPsftbqFSGGgTTIM0NeikEEV3WkbG', '$2y$10$5ZHG7CFKATx49iku20aUn.xabAsm2kA.S9UaEbUMl71BPQKfPvSpW', '1999-12-31 21:00:00', '$2y$10$.xbLXHNoF1xtQRjRmd.UGOhvTuMFkyN2QkGcIdIbqStLTH9Gv/hdi', 1, 'aaa', 'aaa', 'aaa', NULL, '1', '1', '1', NULL, NULL, 2, 1, '1999-12-31 21:00:00', 2, 1, 2, '1999-12-31 21:00:00', '1999-12-31 21:00:00', 0),
(61, '+7(000) 000-04-22', 'test@st.ru', '$2y$10$9pXuLyvK9cpWKOhqVG2fv.i2JXeAOH3VUk2Cvw8z2DOdnFt77PNLy', '$2y$10$pA9fda.dMFgttPGDbAX.Y.t7YiUOy.bISfWiqP68KMYni2uMqcMRG', '2018-08-30 10:46:47', '$2y$10$Itg/.qCSse4ZIb43EfLYheSS8lhDBeSmPdwV6fOEBPXQo7rguOXKy', 1, 'aaa', 'aaa', 'aaa', 'Sd', '1', '1', '1', 'Sd', 333333, 2, 1, '2018-08-30 10:46:47', 2, 1, 2, '1999-12-31 21:00:00', '1999-12-31 21:00:00', 0),
(62, '+7(020) 303-03-33', 'vyatich@rusvyatich.pro', '$2y$10$hdZqDogFqelLP72A5pT4quGRF70DG0c9dkcadsArNqP9br.SNQy1i', '$2y$10$rkfhBkWX/.Hls1gynFMZH.KgR3/CBNVV3Yi3BF2YHNbwWqCbkc87S', '1999-12-31 21:00:00', '$2y$10$P28pSW9z1XetrBQ5WesOme1QMKxS7xuX26YdQPec.5vlBftbTMniy', 1, 'aaa', 'aaa', 'aaa', NULL, '1', '1', '1', NULL, NULL, 2, 1, '1999-12-31 21:00:00', 2, 1, 2, '1999-12-31 21:00:00', '1999-12-31 21:00:00', 0),
(63, '+7(009) 388-87-77', 'hj@ail.ti', '$2y$10$2.R4k73M5IUtF6PgqLWHh.7zKclyHUsQgkUUN1.8FufMIhsDAL0VG', '$2y$10$W55qrLbvRRcmGRaaHlez.eH3QZsYjFza1LRq2/Akb4HMG0Hq.f5yy', '1999-12-31 21:00:00', '$2y$10$zUrxtFmsDUk9JD6UXF6e7ObGjH.4m2WQzW8LwKTP0KlvSLAi8wuRW', 1, 'aaa', 'aaa', 'aaa', 'S', '1', '1', '1', 'S', 333333, 2, 1, '1999-12-31 21:00:00', 2, 1, 2, '1999-12-31 21:00:00', '1999-12-31 21:00:00', 0),
(64, '+7(382) 838-28-38', 'vyatich@rusvyatich.pro', '$2y$10$FsqoTUvOFbkrpXKnScuUl..BIM7zo1iduQWe5KHbzT6VogrxlpziC', '$2y$10$BjIN9RTDv1R22lZsM.W2XulvMuXxVkf4HE6rjR7dDHqeeWdQYTXqG', '1999-12-31 21:00:00', '$2y$10$2siB3M1GIZvqippjOCtDvuf7BL5ljHwr5vrYoI9tsst5VWwNPET0W', 1, 'aaa', 'aaa', 'aaa', NULL, '1', '1', '1', NULL, NULL, 2, 1, '1999-12-31 21:00:00', 2, 1, 2, '1999-12-31 21:00:00', '1999-12-31 21:00:00', 0),
(65, '+7(951) 991-71-70', 'vladimir_guryev@mail.ru', '$2y$10$nMMaYbYEw0WKd6G3MjQvm.nH/Sa49SMlf3NwpODpoa3dypAanKHGG', '$2y$10$BOe6aSTr5GWp5MOD1.2Xa.WzFNba.ac4HW8tCmfMnhJAPpizDhRti', '2018-09-01 06:44:23', '$2y$10$3GBRKg9HOLqX4i/a5PaK/ukF3RGLTAOcFN1WR8YmOgKyJdKQYbtqG', 1, 'aaa', 'aaa', 'aaa', 'Надым', '1', '1', '1', 'Ямало-Ненецки АО', 629735, 2, 2, '2018-09-01 06:45:04', 1, 1, 2, '1999-12-31 21:00:00', '1999-12-31 21:00:00', 0),
(66, '+7(918) 482-26-22', 'razorrr333@mail.ru', '$2y$10$tjEaIvhHRYtxKnilvE2WfuaKMJC/QJN4TupbDwesUK1TCXtCekybK', '$2y$10$ZXGnKb/Duuu2xBNRBEt1M.QTW6evx1YDXjYInfJg1uN90T3ZkM1CS', '2018-09-01 10:47:56', NULL, 1, 'aaa', 'aaa', 'aaa', NULL, '1', '1', '1', NULL, NULL, 2, 1, '1999-12-31 21:00:00', 1, 1, 2, '1999-12-31 21:00:00', '1999-12-31 21:00:00', 0),
(67, '+7(918) 448-92-40', 'plahotnyukv@mail.ru', '$2y$10$QY2OfIebpGipjgry51bDEeyhmKCrf7EGyvR0bNh3TiThjeyGR0.Ha', '$2y$10$Rjh.Bi0OkLxQvj4Aicg6YOK73n6DqRXN/ykBSL9xnYA3JWC4VtH9y', '2018-09-27 04:47:46', '$2y$10$6rbHOMEEo1bCBzolnKSFvO7z7sAGAO/XMiJSiE//2Mxw3ZtVudnua', 1, 'aaa', 'aaa', 'aaa', 'Энем', '1', '1', '1', 'Р. Адыгея', 385132, 2, 1, '2018-09-27 04:47:46', 1, 1, 1, '2018-09-01 18:08:10', '2018-09-02 08:38:00', 1),
(68, '+7(905) 931-62-40', 'kungurov582@mail.com', '$2y$10$5GqgLleYZ5fdjekUu7yp8.SMxrAr3FBmjzAlkRO6YQ4uZzXFGg.qO', '$2y$10$gcsxeOwLcu.6QFcIXoIrrusbYXK6oeir3mRxy0wWqZzG2.NafGG8m', '2018-09-20 00:20:12', '$2y$10$Sf82JqnBFIH3UtvPJFx2K.D.VKxH1zLPZ/jseZ1u6/rrhauvUmJWC', 1, 'aaa', 'aaa', 'aaa', NULL, '1', '1', '1', NULL, NULL, 2, 2, '2018-09-20 00:20:12', 1, 1, 2, '1999-12-31 21:00:00', '1999-12-31 21:00:00', 0),
(69, '+7(921) 142-19-90', 'P.GRINGO@MAIL.RU', '$2y$10$TlxmDEMHscwb/Y7uP8YnEORQ2t.AdlupSyI8KiFmDhRwGiitum3sO', '$2y$10$hyQDeuK5qibCnTPgzxu2z.FckDN.4PwGBf0O1AEAK.Zgj2H6nOvHC', '2018-09-18 15:22:10', '$2y$10$Gwy2O4mkYp3W0LMkI3/G3eenLvPVJdH.84I1azqUCTX7obDsvA9wS', 1, 'aaa', 'aaa', 'aaa', 'Вологда', '1', '1', '1', 'Вологодская обл.', 160023, 2, 1, '2018-09-18 15:22:12', 1, 1, 2, '1999-12-31 21:00:00', '2018-09-12 17:51:55', 3),
(70, '+7(000) 000-00-70', 'vyatich@rusvyatich.pro', '$2y$10$ivluEdGivah6KefiChmzjuf9jVLXn6/z41R.6iSPEBs3Zxt1r/wlO', '$2y$10$1kMArUYxrcWQn5oWc0ljAuOLacbpC1Wl5kCSiq1rKhPjZHrvW1NiW', '2018-09-03 23:58:27', '$2y$10$EcP2Xm.B7AGQANGnGb.Bv.aXgHSBFHjgDLg5ESY4h0kpu32XJeFmC', 1, 'aaa', 'aaa', 'aaa', NULL, '1', '1', '1', NULL, NULL, 2, 1, '2018-09-03 23:58:44', 1, 1, 1, '2018-09-02 10:02:23', '2018-09-03 11:14:30', 2),
(71, '+7(950) 462-57-90', 'seregashashin@yandex.ru', '$2y$10$RfVlCvnz6rIJuvKNkysnw..mwKMMbRoLEtfM4R8QLuv5zyfJ56LMK', '$2y$10$9o.6VE8lARsz4JTlkM0PoOT8DUkiIFbMhFR/Kogd2pk/r6noQYHhK', '2018-09-21 05:05:21', '$2y$10$hC6.1d16H3eGq9WuQXRbfuna19n0azmSX8O0Rn4I69lyQzM/IwTEK', 1, 'aaa', 'aaa', 'aaa', 'Г. Березники', '1', '1', '1', 'Пермский край', 618416, 2, 1, '2018-09-21 05:05:38', 1, 1, 1, '2018-09-03 04:13:34', '1999-12-31 21:00:00', 0),
(72, '+7(977) 442-60-51', 'vetal8391@gmail.com', '$2y$10$MMvnoN/Gw7zywU102AkBCeELmnqzfGd6gM7Cms3axm0Nq3bL1Tug.', '$2y$10$lW/EHtSesJfqokCmnAXUe.DqYfCkQwhT6iBinq.R2UXTQdO.RlzuW', '2018-09-20 18:02:45', '$2y$10$mxggDdUO4Tm6ckFXUXNwk.yYj3eOf0iziA1ZKYopArmtt92KSJuBG', 1, 'aaa', 'aaa', 'aaa', 'Москва', '1', '1', '1', 'Московская', 125464, 2, 1, '2018-09-20 18:02:52', 1, 1, 1, '2018-09-18 16:27:49', '2018-09-18 16:27:27', 3),
(73, '+7(911) 590-10-70', 'haron13@bk.ru', '$2y$10$PyzTZv4EBPZU.YcRu9pRvOJciw6HSy7xZGt4hOl.F6EMiFfpRW/0W', '$2y$10$coHQVlo1UJai6K5YvBB4ou2ek9yKJtNeHM6epI1ymqujxt3Q6LPjm', '2019-08-10 18:15:15', '$2y$10$OzhVKCwQcl1ji98JuY/CxO7SkNcFv8EyUbt5BqyzE4BxiFBwx5nXe', 1, 'aaa', 'aaa', 'aaa', 'Северодвинск', '1', '1', '1', 'Архангельская', 164524, 2, 1, '2019-08-10 18:15:15', 1, 1, 1, '2019-08-10 17:56:20', '2019-08-10 17:56:00', 11),
(74, '+7(962) 556-67-70', 'anvar-shameev@mail.ru', '$2y$10$.54gAZi3DGpkmJqLk6kjaO6g6V/pirBgFKdtluin/bKiZae4V313C', '$2y$10$U/ME0Sr2CoPeW3TKpQNtIe8kSn8rBTaSwabCq0/CWxzIf9q6LPtrO', '2018-09-04 18:46:51', '$2y$10$9uUCRJ99T3mnaq/JgquZQeMJ5Q2n5MTry/McpmYiGIg5bdeXXO2bO', 1, 'aaa', 'aaa', 'aaa', 'Арск', '1', '1', '1', 'Татарстан', 422000, 2, 1, '2018-09-04 18:46:53', 1, 1, 2, '1999-12-31 21:00:00', '1999-12-31 21:00:00', 0),
(75, '+7(123) 123-12-31', 'a.bragin@list.ru', '$2y$10$FLZsdZ/3e9R5KfufVjOw9.VD.IXDo1HDFoUhz0gyhOJR.KgCPK0lC', '$2y$10$VzkM5YltxuVmF/zlroMU6Oi9hk30PFroz6uJewIoqAoD5608Q.Jse', '2018-09-04 19:24:41', '$2y$10$7xmmsU1itsb8uXNFCIjlUenTKRB98nxrFjtgGpcN6XtF79DFkpJOi', 1, 'aaa', 'aaa', 'aaa', NULL, '1', '1', '1', NULL, NULL, 2, 1, '2018-09-04 19:24:47', 1, 1, 2, '1999-12-31 21:00:00', '1999-12-31 21:00:00', 0),
(76, '+7(908) 790-90-90', 'jkl@ail.ri', '$2y$10$YcEQhzoRifgzdPbUXPTD8.VfT3lLgagY.eTpIt1AQ3wF98ha5/txu', '$2y$10$E9rBXmL7q8AD7ijnXuGuDusxFDYWj1kNiy0nJOvrFzAYCrmmtqbRi', '2018-09-05 18:08:28', '$2y$10$NRDMu.oFewBrJ77OuKYbe.kOuahF2B8Pg9ewuGgja2CZhOGSA7VMC', 1, 'aaa', 'aaa', 'aaa', 'Test', '1', '1', '1', 'Test', 222222, 2, 1, '2018-09-05 18:08:39', 2, 1, 2, '1999-12-31 21:00:00', '1999-12-31 21:00:00', 0),
(77, '+7(008) 522-22-22', 'test@test.ru', '$2y$10$cgOOaMEPdmzRUwo6QR99Jurw3KxIWhraSR3ZwaqkrgjVlpNtA20SC', '$2y$10$0lB3JqomadN4KPH6iCZ9qOdEYFDogS/JbR5.ZjacanHvqnmpVFY06', '2018-09-06 08:23:44', '$2y$10$vzJXex2GdY3gejn4SQqw7.xir0pDq63iF8W6Fz8e54Fh7nDZ0h2ja', 1, 'aaa', 'aaa', 'aaa', 'G', '1', '1', '1', 'G', 555555, 2, 3, '2018-09-06 08:24:31', 2, 1, 2, '1999-12-31 21:00:00', '1999-12-31 21:00:00', 0),
(78, '+7(966) 666-66-66', 'FS2ER@RE.ru', '$2y$10$p6h48Gdb4p6KLofIAGhs.O1ACQxyjtieZsqaLnqyMQsUdvwel6z/e', '$2y$10$ALJPbP1WpeIoNOzIYhA2yeFDAjjVeBW23lvxaIRd/HljbaxZLYKri', '2018-09-07 09:54:41', '$2y$10$u0Szjz3L9V6eJ1Sujy62I.kJ9nuOtMjheQ6Y9EaVjZoGipaTQmoEK', 1, 'aaa', 'aaa', 'aaa', 'F', '1', '1', '1', 'F', 222222, 2, 3, '2018-09-07 09:54:41', 1, 1, 2, '1999-12-31 21:00:00', '1999-12-31 21:00:00', 0),
(79, '+7(039) 992-22-22', 'test@mail.ru', '$2y$10$6iJY.1iVxN5rniwdOvnX2eVb.S3f4qFify1IcTc7YdiO9POQrhk.q', '$2y$10$v0GUspTxuRa4Qdduu.7uaOBJP63Hep2sUNpQTqBMewBjDH8yyhURq', '2018-09-07 08:00:56', '$2y$10$bTXA.a0rwy3Cqz5TkIWpqe2PB/XK2FF.xacD..SpTp2ySDZoVQRN.', 1, 'aaa', 'aaa', 'aaa', 'D', '1', '1', '1', 'D3d', 333333, 2, 1, '2018-09-07 08:01:12', 2, 1, 2, '1999-12-31 21:00:00', '1999-12-31 21:00:00', 0),
(80, '+7(922) 213-32-51', 'roman_ti@mail.ru', '$2y$10$kETL1d3EtP.6S8VYg0S2TukA6OliZ8Q1mVgEDhqIJ.zZVsmO8XYVe', '$2y$10$3Nz0zszXxXU8kt22dxQYDO7N3iMTy3WP/jdvLWvMYDYZBM5uQEiS.', '2018-10-30 17:46:39', '$2y$10$6yfvlekSxSZlJ6ifAHkKb.LyBtBL0CPjV9vBc7AiZD5xMOu178gK2', 1, 'aaa', 'aaa', 'aaa', 'Екатеринбург', '1', '1', '1', 'Свердловская', 620039, 2, 1, '2018-10-30 17:46:40', 1, 1, 2, '1999-12-31 21:00:00', '1999-12-31 21:00:00', 0),
(81, '+7(927) 634-77-87', 'Overhit_87@mail.ru', '$2y$10$jDYIbSmTY0IBTnZ4ccwKsOp1eX.Da/HLlIavWvpXZcoKsjhjI05VO', '$2y$10$dL.Z9BE7d2oU/WsHL.nrL.ce463PtDJ.fDOgRs2Cmsbj5TJoFxxja', '2019-01-04 14:36:42', '$2y$10$F8lMcUAIuIVHUEQmiBh/mOl7YFJXoH9GolwfpLpdo6VRbdVWipbmC', 1, 'aaa', 'aaa', 'aaa', 'Ульяновск', '1', '1', '1', 'Ульяновская область', 432008, 2, 1, '2019-01-04 14:36:42', 1, 1, 2, '1999-12-31 21:00:00', '1999-12-31 21:00:00', 0),
(82, '+7(917) 688-59-44', 'dolgin1968@yandex.ru', '$2y$10$bqvwrKKJk7gCdzxZ3n.RT.k9/ncQWhHXTdFaEnHumM00iLZCwo5gy', '$2y$10$1jrldJYRYLSgUNpF4yS5ru8Vm3MMgSwmf72SkK27gRQyQNohx0gRe', '2018-10-16 20:20:08', '$2y$10$NsPlcqckG/Ic8GnKLj77BOaTLKLjRbMZxh32sJ8UZPSmyqi71scTi', 1, 'aaa', 'aaa', 'aaa', 'Элиста', '1', '1', '1', 'Республика Калмыкия', 358007, 2, 1, '2018-10-16 20:20:08', 1, 1, 1, '2018-09-08 18:33:22', '2018-09-08 18:31:59', 1),
(83, '+7(915) 460-97-79', 'mr.ariec2014@mail.ru', '$2y$10$NEC11WJR2mqsj9QyHe2Jt.U/wdkVrpaQAagQNxyHur7fbPcVLiJE.', '$2y$10$2m75iBp4hVevJGSJIuei2.7mQb5/OA4FkuHqlGJ2FQzB6pQnTBtOG', '2018-09-10 09:56:32', '$2y$10$nxZo50wpNnKnRs19WrT86uWJ93XpvPJcBFRA/FiijlyuRX3/5THwe', 1, 'aaa', 'aaa', 'aaa', NULL, '1', '1', '1', NULL, NULL, 2, 1, '2018-09-10 09:57:14', 1, 1, 2, '1999-12-31 21:00:00', '1999-12-31 21:00:00', 0),
(84, '+7(913) 921-26-60', 'AKANVI@gmail.com', '$2y$10$UViAwitEugYW/jRadEY84etaNxrVhzs.3XovL4EtVnUBgApkbIup.', '$2y$10$I.rqVBOfeFGRaW4Zn52f0eZwDdlJ8EkGFqpAH/84MDeafBLOyr09.', '2018-09-16 05:47:40', '$2y$10$PQXL525Z5M2OfJlC6hkPJefkyk7GyRM0HKt8CPI/MkeF4Pk.oeB9e', 1, 'aaa', 'aaa', 'aaa', 'Новосибирск', '1', '1', '1', 'Новосибирская', 630057, 2, 2, '2018-09-16 05:48:11', 1, 1, 2, '1999-12-31 21:00:00', '1999-12-31 21:00:00', 0),
(85, '+7(911) 028-12-50', 'ibykachev@mail.ru', '$2y$10$ZqGYT1Z1tHDA1YJc8Xr2Ru/t7Off4VOmVb1Ck/AteUM5Ts5oU4Z6q', '$2y$10$XpW53t1IF8WDb8TYxMq46OehRxJgyG1tzDlQqjs3xkGKWpSnkpQyK', '2019-01-08 18:21:48', '$2y$10$Z7CNXeTr197Xo71EWVzegu5O.ND16muIri0Vb3tHoRk6vxjkGcnUm', 1, 'aaa', 'aaa', 'aaa', 'Вознесенье', '1', '1', '1', 'Ленинградская область', 187750, 2, 1, '2019-01-08 18:21:55', 1, 1, 1, '2018-10-10 16:48:08', '2018-10-10 16:47:39', 2),
(86, '+7(927) 219-53-63', 'volga71@bk.ru', '$2y$10$6wwmnyzgi6APrT1l3ZkV2e.ti6Iupo1MAEp1M9ol4zhSYO.v5QDWO', '$2y$10$MGCbQKiIWi5s7ehL0Iwh9.iLKrQ17zn6O1nbESsOFdnAJFf/k90aC', '2018-11-16 17:15:36', '$2y$10$qTljvekIgJEBctLuv1JayOfk/PR4Y8u5BklyQjGnZA9Ij5Wlj3v7S', 1, 'aaa', 'aaa', 'aaa', 'Сызрань', '1', '1', '1', 'Самарская', 446001, 2, 2, '2018-11-16 17:16:11', 1, 1, 2, '1999-12-31 21:00:00', '1999-12-31 21:00:00', 0),
(87, '+7(444) 444-44-44', 'test@test.ru', '$2y$10$MyvqvGLgdODlWBtmkB6NV.YJ0R0r.kBBUR766nj.zgijB4p948B4q', '$2y$10$a4vRy8RjvQG9MZ8KK0VSxuqawBa01Um4ffTZoHC4dIjq3X.YR9XK.', '2018-10-01 12:37:27', '$2y$10$5MELKK6GIxkFQ5G0yrf8zeph8O4w6O8g6m14EvGnyucN4TV11gA3q', 1, 'aaa', 'aaa', 'aaa', 'Test', '1', '1', '1', 'Test', 222222, 2, 1, '2018-10-01 12:37:41', 2, 1, 2, '1999-12-31 21:00:00', '1999-12-31 21:00:00', 0),
(88, '+7(343) 434-44-44', 'test@test.ru', '$2y$10$0Pf8wigU2hXj7PVbh/ns7.UA5knwrxe/Fr8vDtvwm5uFPWlmbq5SO', NULL, '1999-12-31 21:00:00', NULL, 1, 'aaa', 'aaa', 'aaa', 'D', '1', '1', '1', 'D', 333333, 2, 1, '1999-12-31 21:00:00', 1, 1, 2, '1999-12-31 21:00:00', '1999-12-31 21:00:00', 0),
(89, '+7(367) 978-98-97', 'test@test.ru', '$2y$10$kBceHW1vl/7QqLsVZRLebepW2zeI29.t/sTStxSSvjqBNHpDFlkFO', '$2y$10$Qgc/RxnKwpDekCfi7/rE4.RF7SmnHcHPu7vp9ple2ndu3SOg0X6e.', '2018-10-03 07:52:22', '$2y$10$RHn3dCkMLsTr9dIk1tLAPOtY23TuPQrz2bsfjpzphFZcDLg5wuzDi', 1, 'aaa', 'aaa', 'aaa', 'D', '1', '1', '1', 'Sd', 333333, 2, 1, '2018-10-03 07:52:38', 2, 1, 2, '1999-12-31 21:00:00', '1999-12-31 21:00:00', 0),
(90, '+7(343) 444-42-33', 'test@test.ru', '$2y$10$ZWtKs0zNIvczp7ugqC0xRut7mSWB6k8pW4EEkH6kV2bwjD7.k3JC2', '$2y$10$9xLpkWsbLNVo8MMicSzmFO/IM9XWpJTBWHhZii/EplMLKli6hA2uS', '1999-12-31 21:00:00', '$2y$10$dxw2N.qLCB1qdbrMpzJw8OsJuRzra5WYc3bPlLgf8J4qbs7avcDwu', 1, 'aaa', 'aaa', 'aaa', 'S', '1', '1', '1', 'S', 333333, 2, 1, '1999-12-31 21:00:00', 2, 1, 2, '1999-12-31 21:00:00', '1999-12-31 21:00:00', 0),
(91, '+7(203) 020-30-00', 'test@tesr.tu', '$2y$10$kIxy8wZmAAhSYj3ekBwr6u.ckyQRo63UlDduxxsEsEPTKOIZq2i.i', NULL, '1999-12-31 21:00:00', NULL, 1, 'aaa', 'aaa', 'aaa', 'D', '1', '1', '1', 'D', 333333, 2, 1, '1999-12-31 21:00:00', 1, 1, 2, '1999-12-31 21:00:00', '1999-12-31 21:00:00', 0),
(92, '+7(099) 939-48-34', 'jh@tes.ti', '$2y$10$I9FhW8ShXpKExEySK2m3JOOS8fEYmpEKAMZaxfv.RP4igNbzs5Y6O', NULL, '1999-12-31 21:00:00', NULL, 1, 'aaa', 'aaa', 'aaa', 'D', '1', '1', '1', 'D', 333333, 2, 2, '1999-12-31 21:00:00', 1, 1, 2, '1999-12-31 21:00:00', '1999-12-31 21:00:00', 0),
(93, '+7(915) 489-60-09', 'Som190284@mail.ru', '$2y$10$K44lg3zPyb5l0JTsuKsRu.Z8aQQVJimsxk1wea0EWePM75UbIq6CO', NULL, '1999-12-31 21:00:00', NULL, 1, 'aaa', 'aaa', 'aaa', 'Фряново', '1', '1', '1', 'Московская', 141146, 2, 1, '1999-12-31 21:00:00', 1, 1, 2, '1999-12-31 21:00:00', '1999-12-31 21:00:00', 0),
(94, '+7(030) 034-03-22', 'test@test.ru', '$2y$10$AuoZZvJDvCp05NaT7hdIL.B5aUJJpoI.6XOOA1GrK9Gj8pztUoI5e', '$2y$10$oJ9ElMDeviUm2Ag4i79eie4ELFp7BKCBsEnH.7yZUk993DVHr1kN6', '2018-10-11 05:20:43', '$2y$10$3SkuMOQuMJJw79.s8XeM8OHX3aVpRA9ouxJBW9rGYgFStH.BTnQNy', 1, 'aaa', 'aaa', 'aaa', 'S', '1', '1', '1', 'S', 222222, 2, 1, '2018-10-11 05:20:58', 2, 1, 2, '1999-12-31 21:00:00', '1999-12-31 21:00:00', 0),
(95, '+7(911) 782-87-21', 'Nil-alex@yandex.ru', '$2y$10$N34Kaof0MVjci9qfvKsBuOkArHY1y4JhiWBrLro6YfHsyIZ.DuPg.', '$2y$10$SFsH/rHw0NXyv9o9RI4AvedlSX5MxMyMTdm/qzC.CrG9U/BZ6mfJm', '2018-10-12 22:22:47', '$2y$10$0elCv.lk.51nbAiQlGlhK../rp0/Et4Bw.UNUAuMPBtSQBe7BUZc6', 1, 'aaa', 'aaa', 'aaa', 'Санкт-Петербург', '1', '1', '1', 'Санкт-Петербург', 193079, 2, 1, '2018-10-12 22:23:42', 1, 1, 2, '1999-12-31 21:00:00', '1999-12-31 21:00:00', 0),
(96, '+7(039) 490-90-00', 'ttt@t.ru', '$2y$10$aDht1qyD1dPDI8gHM/tOpOg3ui0RNuo/QulCjhFYBHLbkRT4rWQsS', '$2y$10$CWCENx8BXZVkcrlZvw.3weebB.osVMv.9S3F4.ihOU2YoUnXThDbq', '2018-10-12 06:43:03', '$2y$10$Q24McjfWOGWY8p3CVnkM3O7NshGahsJhFVmJc.l7Y0wIaGB234Jni', 1, 'aaa', 'aaa', 'aaa', 'D', '1', '1', '1', 'D', 333333, 2, 1, '2018-10-12 06:43:03', 1, 1, 2, '1999-12-31 21:00:00', '1999-12-31 21:00:00', 0),
(97, '+7(030) 499-49-99', 'jh@m.ru', '$2y$10$30LmVZTH6UhJiTG/yb/pMO9kVaqSbK.LhlxedMjA0/0hgmHdB4neu', '$2y$10$NP3quFvVfL1Sk.NY5NOvHeQoSbMcqE7OtfQ8haTIDqwJHO8bPN8XG', '2018-10-12 06:48:18', '$2y$10$9.JA2q4FU3o1yGhp3sT2cu/LjeYKZUh8YP5IA1EzpAi5PmV9/JS9e', 1, 'aaa', 'aaa', 'aaa', 'Df', '1', '1', '1', 'Df', 333333, 2, 1, '2018-10-12 06:48:41', 2, 1, 2, '1999-12-31 21:00:00', '1999-12-31 21:00:00', 0),
(98, '+7(912) 858-37-37', 'maksimber@ya.ru', '$2y$10$3XH4QcEnoEWOKCgy5HHA/usrjKuBGmcE10wCEKjLUzU2sks3/Cmm.', '$2y$10$gCsGe20NAS/uw2ppBLchMeFEe0mTU/qmFVYms3NbIJnwIg2r8/4Ai', '2018-11-09 15:47:40', '$2y$10$C1NIrahueTJUQZIt8WCGuuA53iNFGw33Gd0RRPTU72Q91lGiF0oAi', 1, 'aaa', 'aaa', 'aaa', 'Ижевск', '1', '1', '1', '-', 426065, 2, 1, '2018-11-09 15:48:01', 1, 1, 2, '1999-12-31 21:00:00', '1999-12-31 21:00:00', 0),
(99, '+7(962) 051-11-90', 'Mr.suzinovich@inbox.ru', '$2y$10$0sdTeUbSOYylQ6Rg.Hbfo.qgpvF/GnJeeJpX1bvRFii.IOkhv2PRq', '$2y$10$MXZSvH1pagKAroIpPJtS6.qQYDD3d1wmh20wIQyYnwPB6XquIcqK.', '2018-10-13 10:46:08', NULL, 1, 'aaa', 'aaa', 'aaa', NULL, '1', '1', '1', NULL, NULL, 2, 2, '1999-12-31 21:00:00', 1, 1, 1, '2018-10-13 11:16:19', '1999-12-31 21:00:00', 0),
(100, '+7(203) 023-99-20', 'test@tesr.ru', '$2y$10$41YB4XFHZvNADt3hHXISeenySwYeUT/6RZbp51CTJggqaGpUkeaUa', '$2y$10$WMewPmP9o8TvIr8B2CC3xeVtNOxKC0eFjiOsNjkRR1Vz0opmHVMma', '2018-10-14 05:53:42', '$2y$10$2aIKsKEn01gi3jeS/Uilx.D03cTGkoVgShOz1vn7TuVH/QIhysHVG', 1, 'aaa', 'aaa', 'aaa', 'S', '1', '1', '1', 'Ds', 333333, 2, 1, '2018-10-14 05:54:40', 2, 1, 2, '1999-12-31 21:00:00', '1999-12-31 21:00:00', 0),
(101, '+7(082) 827-27-77', 'hj@mail.ru', '$2y$10$Y0.ZrDcXTwjd9LUlJ5l3pOmw4HqOegPlr6LtL2W.DmKUyztPYcSTy', NULL, '1999-12-31 21:00:00', NULL, 1, 'aaa', 'aaa', 'aaa', 'S', '1', '1', '1', 'S', 222222, 2, 1, '1999-12-31 21:00:00', 1, 1, 2, '1999-12-31 21:00:00', '1999-12-31 21:00:00', 0),
(102, '+7(999) 999-99-99', 'dd@dd.yyu', '$2y$10$UFfqCGAV/2eTQFD6slHKreqsdK8LInI5/HwJjUZmHfE096Y.tKZ3i', '$2y$10$AFDSBLsitYQNRXXizPYDo.bhNc4vGzrBOVKgUCrbOHHpV20P3aB66', '1999-12-31 21:00:00', '$2y$10$8QMkwJq0smgUXT29xY26QOOIwVIbnfhhhJRpkkyDV9sKBM6JO1drq', 1, 'aaa', 'aaa', 'aaa', 'Yerevan', '1', '1', '1', 'Erevan', 123456, 2, 1, '1999-12-31 21:00:00', 2, 1, 2, '1999-12-31 21:00:00', '1999-12-31 21:00:00', 0),
(103, '+7(928) 343-73-59', 'sayer666@mail.ru', '$2y$10$aOVe6.Xgcj0WcMrAvcS5s.drvwADkHqSjJfPyog.MnKYZI87oyW1C', '$2y$10$AlB1ggmhsDYsptkX9N.Y/OqXksO3QuXphGTrNvWo4Cw5JDF16PoFe', '2018-10-15 09:41:32', '$2y$10$GtQ/JZKrZwgO8qsskaD5Ju5KIDblUYC2r32gJJrmNxkscEoZAwkgC', 1, 'aaa', 'aaa', 'aaa', 'Ударный', '1', '1', '1', 'Карачаево-Черкесская Республика', 369114, 2, 1, '2018-10-15 09:41:56', 1, 1, 2, '1999-12-31 21:00:00', '1999-12-31 21:00:00', 0),
(104, '+7(892) 114-97-47', 'moskvin-aa@mail.ru', '$2y$10$Dubqwh6TLAkuOr24m.HDn.jgAp7T0CebIFkkdm0JP7a.HuKbRNWKO', '$2y$10$.nD9cB0JT44HS/IE9Qfnlu7h.4ZhXtXoIngBJ5ko8QxkttFrILwLa', '2018-11-12 07:33:15', '$2y$10$4R5mCFaX4SRWZ0SsLArEdOlOss19AOwfQdfPvCHthijCMB0nMqNU6', 1, 'aaa', 'aaa', 'aaa', 'Кадуй', '1', '1', '1', 'Вологодская область', 162510, 2, 1, '2018-11-12 07:33:24', 1, 1, 2, '1999-12-31 21:00:00', '1999-12-31 21:00:00', 0),
(105, '+7(985) 138-51-31', 'mmichalkov115@gmail.ru', '$2y$10$X44qBbWeZHoGLrMmkAgN7eKYCgI1wu0rZbXiWeeBAdEiHz4dYEQJe', '$2y$10$yMtoiffHnemmMl32yJF.k.Z8b56jLzc2C5zH0T3C4UbEOLBQDwqJ2', '1999-12-31 21:00:00', '$2y$10$PLLdMhWJOBYKCDMJWAo6IOBexGZC6jDJ9dbKcafdWM1POgCnmI2GG', 1, 'aaa', 'aaa', 'aaa', 'Москва', '1', '1', '1', 'Москва', 119663, 2, 1, '1999-12-31 21:00:00', 2, 1, 2, '1999-12-31 21:00:00', '1999-12-31 21:00:00', 0),
(106, '+7(928) 328-99-35', 'pilgunes@mail.ru', '$2y$10$B72PcXrAoocJAm3wgsslaulnfQK7xBnOaKe3XVzLrnYRx5JFU.NjG', '$2y$10$z3FebgPoSyeFSuwPXqCMDO7JeSjk2ZWaGc4LOB0GUQ8XOGN/9iyUu', '2018-12-13 07:17:38', '$2y$10$GF88FlGIwqJ.SAOusEA4A.RMUj5fAmsZV5mIRmISXEts9tKugwWga', 1, 'aaa', 'aaa', 'aaa', 'Минеральные воды', '1', '1', '1', 'Ставропольский', 357207, 2, 1, '2018-12-13 07:18:19', 1, 1, 1, '2018-10-25 03:59:12', '2018-12-13 07:17:14', 5),
(107, '+7(965) 310-65-65', 'platon@nakulishkah.ru', '$2y$10$MWBeD/jYQsZHfjhdaF30BuvVEvbiFHot7mcOQSrUWwjuYAbUx7x/m', '$2y$10$AhD2mPB8kFk/lM/MqON8j.0X/jCbQffvpr4gtu8LDKDxE0u2JMbhC', '2018-11-15 19:04:14', '$2y$10$bqf.l/J53iJNOCzzytMVcOLqjVbe3FHxP/trYeTQVbAv.u5tNxoB2', 1, 'aaa', 'aaa', 'aaa', 'Москва', '1', '1', '1', 'Москва', 115093, 2, 1, '2018-11-15 19:04:35', 1, 1, 2, '1999-12-31 21:00:00', '1999-12-31 21:00:00', 0),
(108, '+7(999) 199-17-49', 'idniko@yandex.ru', '$2y$10$0kMlDL4u.uN9TZCIsBa80eClwWue3MLMaIXasui5I5BaMDyvzkvmu', '$2y$10$pPywKVVBQ1UPln8YaMk2oeiePevenKqm2aM3rwSVxvsyRFArvqbF.', '2019-06-08 15:33:13', '$2y$10$cdkmH9DUVd7EIM8fjbmQ0eIDize/X5nF8mas.O56xCPKqCPryCRWu', 1, 'aaa', 'aaa', 'aaa', 'Новочебоксарск', '1', '1', '1', 'Чувашская Республика', 429960, 2, 1, '2019-06-08 15:34:03', 1, 1, 2, '1999-12-31 21:00:00', '1999-12-31 21:00:00', 0),
(109, '+7(985) 337-66-16', 'Danilkuznetsov4775@gmail.com', '$2y$10$5h8qfPty2hNdRXC9u8XaW.kEPmCxJfi8Uvu/vDMJu/wV4DKSmqRnW', '$2y$10$kuoeNOxiDlx.1.nCHwp3dOtdcOJBd63u6U0NAmP1VEGyZWwlBRzXS', '2018-11-29 16:51:08', '$2y$10$3IRGprfzO3dGKfCzGOlScuPF89.ESeAWDIrFvdnDxSj3BbBz.mPUW', 1, 'aaa', 'aaa', 'aaa', 'Деревня Новодарьино', '1', '1', '1', 'Московская', 143522, 2, 1, '2018-11-29 16:51:15', 1, 1, 2, '1999-12-31 21:00:00', '1999-12-31 21:00:00', 0),
(110, '+7(913) 217-01-70', 'Evgeniy.ver.park@gmail.com', '$2y$10$r2LEMGax8SstX3G6FpVyeOlKeCzrO/.96M5zDY6ussb9EjkmK4PlW', '$2y$10$iBskmEE17xXNQXTGWyVvH.ercMJP/vE1W50/2hf7Src3O7C7RzIAe', '2019-02-18 09:32:06', '$2y$10$JojShKozRT7kf07B1inA0Op9H33JcDcwQoNZGL5e1HlJ66XFKNlyG', 1, 'aaa', 'aaa', 'aaa', 'Барнаул', '1', '1', '1', 'Алтайский край', 656016, 2, 2, '2019-02-18 09:32:11', 1, 1, 2, '1999-12-31 21:00:00', '1999-12-31 21:00:00', 0),
(111, '+7(555) 555-55-55', 'hjnk@sfdsf.ru', '$2y$10$oadRHPHLFD.eBQKAeB2nTOUKay4v31VAW9s7XP46cX/HOkRxedr4q', '$2y$10$3mwV/kzTPAPNtmIFeLPQ9Oqo84dwE8L1mPuj8kXJRkeXiP8.H370O', '2018-12-04 17:50:51', '$2y$10$uF1MlNgcTtVN7gN21G5Lf.I5.UK6X3IV/ra1crTlq3eF4pRzrJYre', 1, 'aaa', 'aaa', 'aaa', 'FD', '1', '1', '1', 'DFD', 333333, 2, 1, '2018-12-04 17:51:09', 2, 1, 2, '1999-12-31 21:00:00', '1999-12-31 21:00:00', 0),
(112, '+7(444) 555-22-22', 'fgrdf@mail.ri', '$2y$10$LmrjJEWSyjsKbNoNXmTFr.9rX1JSn6Lx5jzh9Qg5JmqUE7pK8zivK', '$2y$10$.51r6arJ33iX668kJpyXbemnSOgAOFXJOufYC12QcU30zewtqm3hO', '2018-12-16 05:13:30', '$2y$10$RwMKpg5wUGmw8VEKR9bmguUJTJXF5i.K0cYHSpShmI7Mn7jp1YUDm', 1, 'aaa', 'aaa', 'aaa', 'G', '1', '1', '1', 'H', 225841, 2, 2, '2018-12-16 05:13:37', 1, 1, 2, '1999-12-31 21:00:00', '1999-12-31 21:00:00', 0),
(113, '+7(200) 000-00-00', 'test@tast.ru', '$2y$10$h9uqs2mD2zdKrUp/w/A1BOrhvRelznQe3zdpyJHP6GBy4Tz2p1sW6', '$2y$10$zoDgPezVdMWoqrLpdC8/PeF9HsnEBkqP6c/hEigSMQlA2IEPKi6qG', '2018-12-27 12:53:32', '$2y$10$wGeyPYBZuIagxCrQi.9IkuNiVw0tsJ3wVU8kWdW0z12bv.ioK1M06', 1, 'aaa', 'aaa', 'aaa', 'Asd', '1', '1', '1', 'D', 222222, 2, 1, '2018-12-27 12:54:22', 1, 1, 2, '1999-12-31 21:00:00', '1999-12-31 21:00:00', 0),
(114, '+7(567) 876-88-79', 'test@hjk.ru', '$2y$10$aO0II85QI55quwxsKUJRMuryYeDTiQYR155WFLz1QBeu.r1bQoy.a', '$2y$10$OaOGrQrNEmgZVmjagZRIwe04RR88oRf6emR.jpFWnzdrvOXMGvHtG', '2018-12-27 13:23:31', '$2y$10$4opx69CQlS3KdeZ7IDdOJOIPyrfqBZlOZk7X.0bw8KSI8x9vjmXtC', 1, 'aaa', 'aaa', 'aaa', 'Выа', '1', '1', '1', 'А', 333333, 2, 1, '2018-12-27 13:23:48', 1, 1, 2, '1999-12-31 21:00:00', '1999-12-31 21:00:00', 0),
(115, '+7(977) 613-84-42', 'jenya.minchaloff@yandex.ru', '$2y$10$f3aSxLg2mJ5QoJN3Cfpviuksq5w2jkaTuaf0Yaa06iR0hrcKFnSzm', '$2y$10$xZ/EtjDC8NGg7iH6D.02KOlM.eIO4LVz2MM4HdVGCcYtFD/z4zJv2', '2019-03-09 14:32:10', '$2y$10$5L1yNq7riduQfeKM7EKzDe2X9PFzPzFGqHX5wwwN/X1FljH34Qit.', 1, 'aaa', 'aaa', 'aaa', 'Пески коломенская обл', '1', '1', '1', 'Коломенская обл', 140477, 2, 1, '2019-03-09 14:32:42', 1, 1, 2, '1999-12-31 21:00:00', '1999-12-31 21:00:00', 0),
(116, '+7(968) 796-53-46', 'shpagin-1978@mail.ru', '$2y$10$Mzb/NGLHxRwuS9t7aCnEVeu8ynPrF6TVZ0CrmfxtS9ddYr7Tf2IUC', '$2y$10$gna5G8g7WGPQyftRUL5.7OsTqjOXMyX7jrcgWlKRys19SMdjN4I.6', '2019-01-11 04:39:10', '$2y$10$TdzunSiEUBZ739cals/ZcuQhMIl3YLU4qEfJTMjWGZCU3RVOrjYt.', 1, 'aaa', 'aaa', 'aaa', NULL, '1', '1', '1', NULL, NULL, 2, 1, '2019-01-11 04:39:22', 1, 1, 2, '1999-12-31 21:00:00', '1999-12-31 21:00:00', 0),
(117, '+7(916) 745-47-32', 'aklochkova@mail.ru', '$2y$10$2b5/rUe140Q635KFKc1LGe8QrxBSiGR6wiSEm/UOxZu4.dVdooFn.', '$2y$10$WRSwt7RvL8yssl0ah3//EeRkb23L3/dgr9PnOnh49juYzt3oSKPsG', '2019-02-28 18:21:49', '$2y$10$v.X7wT6P9u5J0ADlHZ2S0OWgBSfftkUUuB2BD9ZmEvwp.1CW5YPYO', 1, 'aaa', 'aaa', 'aaa', 'Красногорск', '1', '1', '1', 'Московская', 143401, 2, 1, '2019-02-28 18:22:19', 1, 1, 2, '1999-12-31 21:00:00', '1999-12-31 21:00:00', 0),
(118, '+7(983) 141-22-49', 'paw.tka4enko@yandex.ru', '$2y$10$mERyFSm/pc7P4/esCem49OM8EB7cTXcPxOqHr27cK8Qku3S1v.aYy', '$2y$10$HSkJzM0lMANoiFJpvFleUeJRWvRIEdNIyGQ75vMhuvHpDn21vstWO', '2019-02-27 04:54:02', '$2y$10$8k/bPX9kronkUbaQ3TiQNOjpmEaI0uybKbDhnwUFodGbbFTsm1/t.', 1, 'aaa', 'aaa', 'aaa', 'Новосибирск', '1', '1', '1', 'Новосибирская область', 630090, 2, 2, '2019-02-27 04:54:02', 1, 1, 2, '1999-12-31 21:00:00', '1999-12-31 21:00:00', 0),
(119, '+7(000) 000-00-11', 'rezovgg@gmail.ru', '$2y$10$avJr1VqYEw6pD4D/LTcpkuSBLCMM0TqINqVf9MXOtDJXumdJc5/Qi', '$2y$10$H161mlb6rrjiRUCX6r6TROTo65mo5masUxV8ZTtz1YXr9RJMfbc5a', '2019-01-29 08:36:24', '$2y$10$fIq23dGnVeoxHgE6WBA/XOSjnqHYtLRkRbvEeemB2jwBnz5.oXlMS', 1, 'aaa', 'aaa', 'aaa', 'H', '1', '1', '1', 'H', 655555, 2, 1, '2019-01-29 08:36:43', 1, 1, 2, '1999-12-31 21:00:00', '1999-12-31 21:00:00', 0),
(120, '+7(915) 979-34-60', 'anukaotvitalki@mail.ru', '$2y$10$qkLcHv5ETbBMNfmXWHzK4OzeJ/ADanyhKZGzQE4PDDKWliYjaYGOm', '$2y$10$PN31Dsj1w3j4QjruYkFV.elN9vcfsunEyMUeyFgEi6kji/F7PDB1q', '2019-02-06 06:43:40', '$2y$10$lEC2h806bwAeGOHhZOjRM.N.zHP3Sao5LfFNxc1jb.QpVTZYRRKeG', 1, 'aaa', 'aaa', 'aaa', 'Переславль-Залесский.', '1', '1', '1', 'Ярославская область', 152025, 2, 1, '2019-02-06 06:44:28', 2, 1, 2, '1999-12-31 21:00:00', '1999-12-31 21:00:00', 0),
(121, '+7(555) 554-54-44', 'hjnk@sfdsf.ru', '$2y$10$POQYlr6tppLghuemYVppGO2F5CMrEzJOKgSvLAmBuy/S8FAcF7cgC', '$2y$10$cpJ8OTX.XZrYA/9xpqTFouWXABe8qh2/UntOjnB6v85QjyNEhR8J2', '2019-02-05 18:40:27', '$2y$10$drtQapejFrUnPfLjpzqCQ.4GZyyuzIX0tIjh9YEytGsvpd2KeK/AG', 1, 'aaa', 'aaa', 'aaa', 'D', '1', '1', '1', 'Sdsd', 343434, 2, 1, '2019-02-05 18:40:34', 1, 1, 2, '1999-12-31 21:00:00', '1999-12-31 21:00:00', 0),
(122, '+7(890) 006-14-47', 'dimagavkgfo@gmail.com', '$2y$10$ZTBxulwNj5ogZb1rrKigkedytBmFxdtignnJkOXjRaFS.DmT2gXfC', '$2y$10$iE31adF0lKIOH5Pno3W1NeC/9M6t4wsgaJ67tzqIsX7NNSUQ5DTaS', '2019-02-08 17:38:32', '$2y$10$Pu16rOvpwqMhSEZFyyiO4eO.D36lreCSez.XOBhvWVPsx.jwDBi2G', 1, 'aaa', 'aaa', 'aaa', 'Южноуральск', '1', '1', '1', 'Челябинская область', 457040, 2, 2, '2019-02-08 17:38:52', 1, 1, 2, '1999-12-31 21:00:00', '1999-12-31 21:00:00', 0),
(123, '+7(916) 911-68-88', 'pomorko@gmail.com', '$2y$10$S6BM8CTHyIkduTvPWKz/teOLP2I7ZQ1fE3ZwD3uHFgsBZ.Epw0pri', '$2y$10$I2r4Pk/5vCREY.qmewD6P.EUygfh5ppmSsB97dYlzZR.3CQiD.vFi', '2019-02-10 06:55:02', '$2y$10$dvlh/HI2yWk1JYjXexIee.h1GdJi2yyVqOh.mJOClOPItvjaNaRKK', 1, 'aaa', 'aaa', 'aaa', 'Москва', '1', '1', '1', 'Москва', 125130, 2, 1, '2019-02-10 06:55:12', 1, 1, 2, '1999-12-31 21:00:00', '1999-12-31 21:00:00', 0),
(124, '+7(905) 701-20-27', 'sao181@yandex.ru', '$2y$10$DdrZzWbC8s1NgDFcFxVu1e.aMChose5r0otcPk7Tl97QsSJh6wY46', '$2y$10$6f3XFW.fbGHtavuitGHeOumFiBGn.mzrZYeYCpKjnrnwKKdUXhSFq', '2019-07-29 16:47:28', '$2y$10$0mZucCN8TSqSSeBm2xJrD.V.jWuyLG742idiu7l//JKDL24Z7uZKS', 1, 'aaa', 'aaa', 'aaa', 'Москва', '1', '1', '1', 'Москва', 127591, 2, 1, '2019-07-29 16:47:30', 1, 1, 1, '2019-02-13 12:03:51', '1999-12-31 21:00:00', 0),
(125, '+7(983) 586-47-92', 'virtual-0@yandex.ru', '$2y$10$j0y6RKV5sdYGEx7.Zh0Do.TFNxEfXYdbNf9ajOxzbXGGfxl9.NkLW', '$2y$10$YwaOYdKXdo4DyY.bbXmnPO992kZvGmFn1nBZhLjg4iRbIWn/lfl8q', '2019-05-20 15:04:25', '$2y$10$MjI2Rkd0lLtaJ6jYpralRODYa02bQ1bFS8BwL/cQfi06F4FrMBBza', 1, 'aaa', 'aaa', 'aaa', 'Старый Оскол', '1', '1', '1', 'Белгородская область', 309502, 2, 2, '2019-05-20 15:04:39', 1, 1, 2, '1999-12-31 21:00:00', '2019-03-11 09:54:23', 2),
(126, '+7(926) 372-93-98', 'ilya.nestrov.83@bk.ru', '$2y$10$Wm9Qe/6vr0V0NPo8fcxUUuBiQXqZ4ILB77dtyDpW0pHMys6u.rglu', '$2y$10$5Ake6NWFxeqJ0p7QWUkB4Oiz9xi0BFYuj8F3FG34MGLZHPvVkY.Wa', '2019-04-01 16:16:02', '$2y$10$ibbR3XZiJvdlsEMiHZlq3up2sXZzc2RvhRveQYjJra9QDCxTyx1aS', 1, 'aaa', 'aaa', 'aaa', 'Москва', '1', '1', '1', 'Московская', 111126, 2, 1, '2019-04-01 16:16:11', 1, 1, 1, '2019-03-05 15:13:43', '2019-03-22 06:30:46', 5),
(127, '+7(913) 825-31-07', 'fox24@rambler.ru', '$2y$10$SCbq7gJxnvBLRk7lVATJ2uFRQLYZEazZrLwooEj9TBJCW8aCffBRK', '$2y$10$afU3fpcXeSaArMdObn1nAeC3FidokhAfTd3gBtPWO1fLx1CNs3pCe', '2019-09-03 18:02:48', '$2y$10$mnZKtVkHqc0leS9gVPrw8udU09SC13TR17LLUwv.Kb94krbZQFtKO', 1, 'aaa', 'aaa', 'aaa', 'Стрежевой', '1', '1', '1', 'Томская', 636785, 2, 3, '2019-09-03 18:02:48', 1, 1, 2, '1999-12-31 21:00:00', '1999-12-31 21:00:00', 0),
(128, '+7(924) 000-75-74', 'serg777.1992@icloud.com', '$2y$10$EbZoWuJf9olQzlKnTEj7He3Ae0uBG0cGsEd2i7V6fDa00wD/5P2XG', '$2y$10$we8nbG5zzQgPzyCCrFGBzOY4iEquoXxNFqTZJRR0AhH8qsXALp.ua', '2019-05-15 09:55:50', '$2y$10$x4cUqVywovf5MIhR/yt.TuCRmrkN4lbY.guU61zKzQ42pBS5WtSTm', 1, 'aaa', 'aaa', 'aaa', 'Владивосток', '1', '1', '1', 'Приморский край', 690022, 2, 3, '2019-05-15 09:56:13', 1, 1, 2, '1999-12-31 21:00:00', '1999-12-31 21:00:00', 0),
(129, '+7(010) 222-22-22', 'efdcsdas@mail.ru', '$2y$10$RIPE/b/R4zOfrvXZqkxWFeYeVjSDq3Q9ebzHwMl2zOg7Qwp6NQLwG', '$2y$10$4Uzn4qYXE5hpYa4DWnGAguDJ8f1ljPGmHyDRWZMEZ0Lgbe1Pc1aym', '2019-03-27 20:00:35', '$2y$10$XRdc/7kV4JS6RsRXqH.IZ.ZH8uJB9/hiHteylw4PK2TcMM/TRp9ni', 1, 'aaa', 'aaa', 'aaa', 'D', '1', '1', '1', 'D', 222222, 2, 1, '2019-03-27 20:01:03', 1, 1, 2, '1999-12-31 21:00:00', '1999-12-31 21:00:00', 0),
(130, '+7(968) 006-03-33', '6455547@mail.ru', '$2y$10$OcVtJ3cjShiPYQ9DYeS.eOYtm450TY5KEKVVAHMVZXjhI78UmF86i', '$2y$10$Nc206ZTcEktewBM29WsNPuirERcmEa8iAFNVfIiqcltpKDeILOblq', '2019-07-03 09:28:43', '$2y$10$6fM0FNo9ocU2b7pNAm87s.fLVpRCIUB3Ib59ctK6furLuO6xur7OG', 1, 'aaa', 'aaa', 'aaa', 'Москва', '1', '1', '1', 'Московская', 104017, 2, 1, '2019-07-03 09:28:43', 1, 1, 2, '1999-12-31 21:00:00', '1999-12-31 21:00:00', 0),
(131, '+7(915) 377-13-38', 'Mixcooll@mail.ru', '$2y$10$z66R5fC5J.2vm30Hl3NIW.5o4n5HJPLlm1qzI0vPPpzOacpjwHVX2', '$2y$10$JSp7Gz07OW9mETWcK9OQM.9LKvnyGCwJFVYNxl0lGb/m6LhX9QyPm', '2019-04-27 20:45:32', '$2y$10$fk34zK6cbP.wZGNTcI3Gs.E0rVCs1FoTEYu6GjqUuhuuM4uJeFGDS', 1, 'aaa', 'aaa', 'aaa', 'Москва', '1', '1', '1', 'Москва', 105264, 2, 1, '2019-04-27 20:46:02', 1, 1, 2, '1999-12-31 21:00:00', '1999-12-31 21:00:00', 0),
(132, '+7(938) 430-94-30', 'test@tesy.ri', '$2y$10$kgoVqfW8mgjsRwB5j9BIYOUdcW2t5eFTlh5H2EFbZyDxC.j1vlPWu', '$2y$10$kUP7LWHOHjWys/6pbyzB9u9FjbISQO3g.36u3SQ2Hba7q00Z0tdHW', '2019-05-25 14:34:36', '$2y$10$rx7Q/MhoqrkNt4AyO36vL.nx79macBEu2jm.Yax47w2EwZVdyv.Uy', 1, 'aaa', 'aaa', 'aaa', 'S', '1', '1', '1', 'F', 333333, 2, 1, '2019-05-25 14:34:54', 2, 1, 2, '1999-12-31 21:00:00', '1999-12-31 21:00:00', 0),
(133, '+7(930) 882-85-51', 'alryt678@yandex.ru', '$2y$10$VBlD6ni0NUSdgHX/MkX0KOTHv6NXWWc/ElkKQcL.Z.jb.1QDtjJce', NULL, '1999-12-31 21:00:00', NULL, 1, 'aaa', 'aaa', 'aaa', 'Михайлов', '1', '1', '1', 'Рязанская', 390085, 2, 2, '1999-12-31 21:00:00', 1, 1, 2, '1999-12-31 21:00:00', '1999-12-31 21:00:00', 0),
(134, '+7(911) 797-43-31', '9117974331@mail.ru', '$2y$10$oBzv1zvb5FXd1ix/CiLvSukkLKc5/yo/N4YFNeWWxlL5qq0CETjFa', '$2y$10$A48k3TxLiJ//KmhFqzFvt.croO7yReDhh5egSnwY6zuzCuGM9CDLO', '2019-12-25 18:52:31', '$2y$10$Dp81oIenVtbkQHXmD6g9w.SUPIc9Fhn1MctoI6jA8lKz5SEHGkHoS', 1, 'aaa', 'aaa', 'aaa', 'Рощино', '1', '1', '1', 'Ленинградская', 188820, 2, 1, '2019-12-25 18:52:37', 1, 1, 1, '2019-12-24 19:29:17', '1999-12-31 21:00:00', 0),
(135, '+7(906) 301-48-69', 'remboboy46@mail.ru', '$2y$10$H8vWx6QU0U2jKmPNYSOEqeLTB1CKwNS29PbIPdMRCAoE2DJtvaIv2', '$2y$10$n8LqfjHCXRqqX8.C0e80kuATPmCE0o1l0r8CzQuD7HwsgdqzYhkei', '2019-12-26 06:38:37', '$2y$10$Ev2uxnnXWp730dMUAr3lXuceuIXvCUiykMQi/K1qjlHNEeIa7o3g.', 1, 'aaa', 'aaa', 'aaa', 'Вольск', '1', '1', '1', 'Саратовская', 412903, 2, 1, '2019-12-26 06:38:38', 1, 1, 2, '1999-12-31 21:00:00', '1999-12-31 21:00:00', 0),
(136, '+7(965) 360-57-33', 'm.prytkov12@gmail.com', '$2y$10$wMObXCxRCM0mA6GohNsl1eG1VH9vVmKvW21nR3eRG2//ERkf11wHK', '$2y$10$4jiHox0WYUqslHIIOPpdHuF0PjbQ27nXuD9xcuY0enNa.PA.oK51C', '2019-12-17 17:50:56', '$2y$10$Z4g8YHjgS12yaBW/.H6EteAB4NJvpFeqX6ogQEFsUaAkB/78aSnIi', 1, 'aaa', 'aaa', 'aaa', 'Железнодорожный', '1', '1', '1', 'Московская', 143986, 2, 1, '2019-12-17 17:51:00', 1, 1, 2, '1999-12-31 21:00:00', '1999-12-31 21:00:00', 0),
(137, '+7(920) 907-73-57', 'classic_kovrov@mail.ru', '$2y$10$Qp50gEw2MIyF.5DbF1Zg9OR/EAaZDJ4CayagX/fHl8.D3yJ0WrAae', '$2y$10$MaGHANQcNEYdCPYwhVF.T..Tef1IxNfb/G4W3X916fH5c8C6xdDzu', '2019-12-18 07:52:26', '$2y$10$yUgORu2PsOLiXUMiSX2dv.68mQkC9cm6tuWfLFwG3mcEoa7BABlNu', 1, 'aaa', 'aaa', 'aaa', 'Ковров', '1', '1', '1', 'Владимирская', 601911, 2, 1, '2019-12-18 07:53:09', 1, 1, 2, '1999-12-31 21:00:00', '1999-12-31 21:00:00', 0),
(138, '+7(920) 933-33-33', 'rezovgg@gmail.com', '$2y$10$iux3TNoT8CkKjrcumkm1dOGlDb0ldD0rgKOc/rYQPkikfQE34Up2O', '$2y$10$eNAHowMsdiL7TpE.d3vNYeAscTApcEPLa2pGHxUtVaVby649wGBAq', '2020-01-14 19:40:20', '$2y$10$0Hiz1PuF.yBWcMMWcA.aM.xEcQcL5LSpdpRkuc8KJnilzvcxaIBhS', 1, 'aaa', 'aaa', 'aaa', 'D', '1', '1', '1', 'D', 232323, 2, 1, '2020-01-14 19:40:26', 1, 1, 100, '2020-01-07 19:40:32', '1999-12-31 21:00:00', 0);

-- --------------------------------------------------------

--
-- Структура таблицы `user_of_device`
--

CREATE TABLE `user_of_device` (
  `id` bigint(20) UNSIGNED NOT NULL,
  `uuid` text CHARACTER SET utf8 COLLATE utf8_unicode_ci NOT NULL,
  `user_agent` text CHARACTER SET utf8 COLLATE utf8_unicode_ci NOT NULL,
  `last_visit` timestamp NOT NULL DEFAULT CURRENT_TIMESTAMP,
  `count_visit` int(11) NOT NULL DEFAULT '0'
) ENGINE=InnoDB DEFAULT CHARSET=utf8 COLLATE=utf8_unicode_ci;

--
-- Дамп данных таблицы `user_of_device`
--

INSERT INTO `user_of_device` (`id`, `uuid`, `user_agent`, `count_visit`) VALUES
(1, '210dffd6-f619-4d15-8f28-8ccd05ae0a40', 'Mozilla/5.0 (Windows NT 6.1; Win64; x64) AppleWebKit/537.36 (KHTML, like Gecko) Chrome/75.0.3770.142 Safari/537.36', 1),
(2, '81127946-3732-4c2c-83cd-26ffc31f8912', 'Mozilla/5.0 (Linux; Android 8.1.0; Redmi Note 5) AppleWebKit/537.36 (KHTML, like Gecko) Chrome/75.0.3770.143 Mobile Safari/537.36', 1),
(3, '245ac186-4a37-444b-9727-7aef5300052c', 'Mozilla/5.0 (Windows NT 6.1; Win64; x64) AppleWebKit/537.36 (KHTML, like Gecko) Chrome/75.0.3770.142 Safari/537.36', 9),
(4, '41dc0948-9c20-4873-b91a-9d9547c41e75', 'Mozilla/5.0 (Macintosh; Intel Mac OS X 10_14_5) AppleWebKit/537.36 (KHTML, like Gecko) Chrome/75.0.3770.142 Safari/537.36', 1),
(5, 'c84ac6e4-9d9c-446b-9262-229916d88f19', 'Mozilla/5.0 (Linux; Android 8.1.0; Redmi Note 5) AppleWebKit/537.36 (KHTML, like Gecko) Chrome/75.0.3770.143 Mobile Safari/537.36', 1),
(6, '02c6dfcb-4ed4-422e-9ea1-2d923c504af5', 'Mozilla/5.0 (Macintosh; Intel Mac OS X 10_14_0) AppleWebKit/537.36 (KHTML, like Gecko) Chrome/75.0.3770.142 Safari/537.36', 1),
(7, 'de03e896-7614-41b7-89ed-72d4321b5a6a', 'Mozilla/5.0 (iPhone; CPU iPhone OS 12_3_1 like Mac OS X) AppleWebKit/605.1.15 (KHTML, like Gecko) Version/12.1.1 Mobile/15E148 Safari/604.1', 1),
(8, 'fb520591-5543-44d1-a0ab-a48a83d8d440', 'Mozilla/5.0 (Linux; Android 9; SM-G950F Build/PPR1.180610.011; wv) AppleWebKit/537.36 (KHTML, like Gecko) Version/4.0 Chrome/75.0.3770.143 Mobile Safari/537.36', 1),
(9, 'b25ba979-2984-4d2e-846a-ebd2f19167d7', 'Mozilla/5.0 (Linux; Android 9; SM-G950F) AppleWebKit/537.36 (KHTML, like Gecko) Chrome/75.0.3770.143 Mobile Safari/537.36', 3);

-- --------------------------------------------------------

--
-- Структура таблицы `user_statuses`
--

CREATE TABLE `user_statuses` (
  `id` int(11) NOT NULL,
  `meaning` char(30) NOT NULL,
  `name` char(30) NOT NULL
) ENGINE=InnoDB DEFAULT CHARSET=utf8;

--
-- Дамп данных таблицы `user_statuses`
--

INSERT INTO `user_statuses` (`id`, `meaning`, `name`) VALUES
(1, 'покупатель', ''),
(2, 'мастер', 'мастер'),
(3, 'главный мастер', 'мастер'),
(4, 'оператор', 'оператор'),
(5, 'главный оператор', 'оператор'),
(9, 'администратор', 'администратор');

-- --------------------------------------------------------

--
-- Структура таблицы `viewable`
--

CREATE TABLE `viewable` (
  `id` int(11) NOT NULL,
  `name` char(30) NOT NULL
) ENGINE=InnoDB DEFAULT CHARSET=utf8;

--
-- Дамп данных таблицы `viewable`
--

INSERT INTO `viewable` (`id`, `name`) VALUES
(1, 'виден'),
(2, 'не виден');

-- --------------------------------------------------------

--
-- Структура таблицы `viewed`
--

CREATE TABLE `viewed` (
  `id` int(11) NOT NULL,
  `name` char(20) NOT NULL
) ENGINE=InnoDB DEFAULT CHARSET=utf8;

--
-- Дамп данных таблицы `viewed`
--

INSERT INTO `viewed` (`id`, `name`) VALUES
(1, 'непросмотрен'),
(2, 'просмотрен');

--
-- Индексы сохранённых таблиц
--

--
-- Индексы таблицы `account_statuses`
--
ALTER TABLE `account_statuses`
  ADD PRIMARY KEY (`id`);

--
-- Индексы таблицы `additioninorder`
--
ALTER TABLE `additioninorder`
  ADD PRIMARY KEY (`id`),
  ADD KEY `FK_id_of_addition` (`id_addition`),
  ADD KEY `FK_id_of_order_of_addition` (`id_order`);

--
-- Индексы таблицы `additionofblade`
--
ALTER TABLE `additionofblade`
  ADD PRIMARY KEY (`id`),
  ADD KEY `FK_id_damask` (`damask`),
  ADD KEY `FK_viewable_1` (`viewable`);

--
-- Индексы таблицы `areas`
--
ALTER TABLE `areas`
  ADD PRIMARY KEY (`id`);

--
-- Индексы таблицы `bent`
--
ALTER TABLE `bent`
  ADD PRIMARY KEY (`id`);

--
-- Индексы таблицы `checkchanges`
--
ALTER TABLE `checkchanges`
  ADD PRIMARY KEY (`id`);

--
-- Индексы таблицы `damask`
--
ALTER TABLE `damask`
  ADD PRIMARY KEY (`id`);

--
-- Индексы таблицы `device_information`
--
ALTER TABLE `device_information`
  ADD PRIMARY KEY (`id`);

--
-- Индексы таблицы `events`
--
ALTER TABLE `events`
  ADD PRIMARY KEY (`id`),
  ADD KEY `FK_id_status_event` (`id_status`),
  ADD KEY `FK_id_of_order_event` (`id_order`),
  ADD KEY `FK_id_of_individual_event` (`id_individual`);

--
-- Индексы таблицы `free`
--
ALTER TABLE `free`
  ADD PRIMARY KEY (`id`);

--
-- Индексы таблицы `hardness`
--
ALTER TABLE `hardness`
  ADD PRIMARY KEY (`id`);

--
-- Индексы таблицы `heighthandle`
--
ALTER TABLE `heighthandle`
  ADD PRIMARY KEY (`id`);

--
-- Индексы таблицы `individual_order`
--
ALTER TABLE `individual_order`
  ADD PRIMARY KEY (`id`),
  ADD KEY `FK_id_user_for_individual` (`id_user`),
  ADD KEY `FK_id_viewed_individual` (`id_viewed`),
  ADD KEY `FK_id_viewed_individual_master` (`id_viewed_master`),
  ADD KEY `FK_id_status_individual` (`id_status`),
  ADD KEY `FK_id_payment_individual` (`id_payment`),
  ADD KEY `FK_id_payed_individual` (`id_payed`),
  ADD KEY `FK_id_type_order_ind` (`id_type_order`),
  ADD KEY `FK_id_master_individ` (`id_master`),
  ADD KEY `FK_id_typeOfSend1` (`id_type_send`);

--
-- Индексы таблицы `knifes`
--
ALTER TABLE `knifes`
  ADD PRIMARY KEY (`id`),
  ADD KEY `FK_id_status_product` (`id_status`),
  ADD KEY `FK_id_typestellproduct` (`id_steel`);

--
-- Индексы таблицы `knife_images`
--
ALTER TABLE `knife_images`
  ADD PRIMARY KEY (`id`),
  ADD KEY `FK_id_knifeForImage` (`id_knife`);

--
-- Индексы таблицы `knife_images_serial`
--
ALTER TABLE `knife_images_serial`
  ADD PRIMARY KEY (`id`),
  ADD KEY `FK_id_knifeForImageSerial` (`id_knife`);

--
-- Индексы таблицы `knife_properties_in_order`
--
ALTER TABLE `knife_properties_in_order`
  ADD PRIMARY KEY (`id`),
  ADD KEY `FK_id_typeOfSteel` (`id_typeOfSteel`),
  ADD KEY `FK_id_typeOfBlade` (`id_typeOfBlade`),
  ADD KEY `FK_id_typeOfBolster` (`id_typeOfBolster`),
  ADD KEY `FK_id_typeOfHandle` (`id_typeOfHandle`),
  ADD KEY `FK_id_typeOfHandleMaterial` (`id_typeOfHandleMaterial`),
  ADD KEY `FK_id_order_for_knife_properites` (`id_order`);

--
-- Индексы таблицы `messages`
--
ALTER TABLE `messages`
  ADD PRIMARY KEY (`id`),
  ADD KEY `FK_id_of_order` (`id_order`),
  ADD KEY `FK_id_of_sender` (`id_sender`),
  ADD KEY `FK_id_of_recipient` (`id_recipient`),
  ADD KEY `FK_id_of_individual_` (`id_individual`),
  ADD KEY `FK_id_type_message` (`id_message_type`);

--
-- Индексы таблицы `message_type`
--
ALTER TABLE `message_type`
  ADD PRIMARY KEY (`id`);

--
-- Индексы таблицы `onlines`
--
ALTER TABLE `onlines`
  ADD PRIMARY KEY (`id`);

--
-- Индексы таблицы `orderpaynowtoken`
--
ALTER TABLE `orderpaynowtoken`
  ADD PRIMARY KEY (`id`),
  ADD KEY `FK_id_order_for_pay_now` (`id_order`);

--
-- Индексы таблицы `orders`
--
ALTER TABLE `orders`
  ADD PRIMARY KEY (`id`),
  ADD KEY `FK_id_user_for_order` (`id_user`),
  ADD KEY `FK_id_viewed_order` (`id_viewed`),
  ADD KEY `FK_id_viewed_order_master` (`id_viewed_master`),
  ADD KEY `FK_id_status_order` (`id_status`),
  ADD KEY `FK_id_payment` (`id_payment`),
  ADD KEY `FK_id_payed` (`id_payed`),
  ADD KEY `FK_id_type_order` (`id_type_order`),
  ADD KEY `FK_id_master_order` (`id_master`),
  ADD KEY `FK_id_typeOfSend2` (`id_type_send`);

--
-- Индексы таблицы `order_statuses`
--
ALTER TABLE `order_statuses`
  ADD PRIMARY KEY (`id`);

--
-- Индексы таблицы `order_statuses_for_type_users`
--
ALTER TABLE `order_statuses_for_type_users`
  ADD PRIMARY KEY (`id`),
  ADD KEY `FK_id_ord` (`id_order_status`),
  ADD KEY `FK_id_user_type` (`id_user_type`);

--
-- Индексы таблицы `outersfromorder`
--
ALTER TABLE `outersfromorder`
  ADD PRIMARY KEY (`id`),
  ADD KEY `FK_id_of_order_out` (`id_order`),
  ADD KEY `FK_id_user_out` (`id_user`),
  ADD KEY `FK_id_of_individual_out` (`id_individual`),
  ADD KEY `FK_id_online` (`online`);

--
-- Индексы таблицы `password_add`
--
ALTER TABLE `password_add`
  ADD PRIMARY KEY (`id`),
  ADD KEY `FK_id_user_for_add_password` (`id_user`);

--
-- Индексы таблицы `password_recovery`
--
ALTER TABLE `password_recovery`
  ADD PRIMARY KEY (`id`),
  ADD KEY `FK_id_user_for_recovery` (`id_user`);

--
-- Индексы таблицы `payed`
--
ALTER TABLE `payed`
  ADD PRIMARY KEY (`id`);

--
-- Индексы таблицы `permissions`
--
ALTER TABLE `permissions`
  ADD PRIMARY KEY (`id`);

--
-- Индексы таблицы `products_in_order`
--
ALTER TABLE `products_in_order`
  ADD PRIMARY KEY (`id`),
  ADD KEY `FK_id_order` (`id_order`),
  ADD KEY `FK_id_product` (`id_product`);

--
-- Индексы таблицы `products_serial_in_order`
--
ALTER TABLE `products_serial_in_order`
  ADD PRIMARY KEY (`id`),
  ADD KEY `FK_id_order_for_serial` (`id_order`),
  ADD KEY `FK_id_product_serial` (`id_product`);

--
-- Индексы таблицы `product_statuses`
--
ALTER TABLE `product_statuses`
  ADD PRIMARY KEY (`id`);

--
-- Индексы таблицы `restricts`
--
ALTER TABLE `restricts`
  ADD PRIMARY KEY (`id`);

--
-- Индексы таблицы `serial_knifes`
--
ALTER TABLE `serial_knifes`
  ADD PRIMARY KEY (`id`),
  ADD KEY `FK_id_knifes_serial_steel` (`id_steel`);

--
-- Индексы таблицы `sessions`
--
ALTER TABLE `sessions`
  ADD UNIQUE KEY `sessions_id_unique` (`id`);

--
-- Индексы таблицы `sms_alert`
--
ALTER TABLE `sms_alert`
  ADD PRIMARY KEY (`id`);

--
-- Индексы таблицы `spuski`
--
ALTER TABLE `spuski`
  ADD PRIMARY KEY (`id`),
  ADD KEY `Fk_view_spusk` (`viewable`);

--
-- Индексы таблицы `spuskinorder`
--
ALTER TABLE `spuskinorder`
  ADD PRIMARY KEY (`id`),
  ADD KEY `FK_id_of_spusk` (`id_spusk`),
  ADD KEY `FK_id_of_order_of_spusk` (`id_order`);

--
-- Индексы таблицы `typeofblade`
--
ALTER TABLE `typeofblade`
  ADD PRIMARY KEY (`id`),
  ADD KEY `FK_id_of_free` (`free`),
  ADD KEY `FK_id_of_bent` (`bent`),
  ADD KEY `FK_id_of_k_hardness_blade` (`hardness`);

--
-- Индексы таблицы `typeofbolster`
--
ALTER TABLE `typeofbolster`
  ADD PRIMARY KEY (`id`),
  ADD KEY `FK_id_of_restrict_bolster` (`restricted`);

--
-- Индексы таблицы `typeofhandle`
--
ALTER TABLE `typeofhandle`
  ADD PRIMARY KEY (`id`),
  ADD KEY `FK_id_of_restrict` (`restricted`),
  ADD KEY `FK_id_typeHandleHeigh` (`heightHandle`),
  ADD KEY `FK_id_of_k_hardness_handle` (`hardness`);

--
-- Индексы таблицы `typeofhandlematerial`
--
ALTER TABLE `typeofhandlematerial`
  ADD PRIMARY KEY (`id`);

--
-- Индексы таблицы `typeofsend`
--
ALTER TABLE `typeofsend`
  ADD PRIMARY KEY (`id`);

--
-- Индексы таблицы `typeofsteel`
--
ALTER TABLE `typeofsteel`
  ADD PRIMARY KEY (`id`),
  ADD KEY `DamaskFk` (`damask`);

--
-- Индексы таблицы `types_of_order`
--
ALTER TABLE `types_of_order`
  ADD PRIMARY KEY (`id`);

--
-- Индексы таблицы `types_of_payment`
--
ALTER TABLE `types_of_payment`
  ADD PRIMARY KEY (`id`);

--
-- Индексы таблицы `users`
--
ALTER TABLE `users`
  ADD PRIMARY KEY (`id`),
  ADD KEY `FK_id_status_of_user` (`status`),
  ADD KEY `FK_id_status_of_account` (`account_status_id`),
  ADD KEY `FK_id_sms_alert` (`sms_alert_id`),
  ADD KEY `FK_id_area` (`id_area`),
  ADD KEY `FK_id_operator` (`id_operator`);

--
-- Индексы таблицы `user_of_device`
--
ALTER TABLE `user_of_device`
  ADD PRIMARY KEY (`id`);

--
-- Индексы таблицы `user_statuses`
--
ALTER TABLE `user_statuses`
  ADD PRIMARY KEY (`id`);

--
-- Индексы таблицы `viewable`
--
ALTER TABLE `viewable`
  ADD PRIMARY KEY (`id`);

--
-- Индексы таблицы `viewed`
--
ALTER TABLE `viewed`
  ADD PRIMARY KEY (`id`);

--
-- AUTO_INCREMENT для сохранённых таблиц
--

--
-- AUTO_INCREMENT для таблицы `account_statuses`
--
ALTER TABLE `account_statuses`
  MODIFY `id` int(11) NOT NULL AUTO_INCREMENT, AUTO_INCREMENT=3;

--
-- AUTO_INCREMENT для таблицы `additioninorder`
--
ALTER TABLE `additioninorder`
  MODIFY `id` int(11) NOT NULL AUTO_INCREMENT, AUTO_INCREMENT=69;

--
-- AUTO_INCREMENT для таблицы `additionofblade`
--
ALTER TABLE `additionofblade`
  MODIFY `id` int(11) NOT NULL AUTO_INCREMENT, AUTO_INCREMENT=4;

--
-- AUTO_INCREMENT для таблицы `areas`
--
ALTER TABLE `areas`
  MODIFY `id` int(11) NOT NULL AUTO_INCREMENT, AUTO_INCREMENT=4;

--
-- AUTO_INCREMENT для таблицы `checkchanges`
--
ALTER TABLE `checkchanges`
  MODIFY `id` int(11) NOT NULL AUTO_INCREMENT, AUTO_INCREMENT=5;

--
-- AUTO_INCREMENT для таблицы `device_information`
--
ALTER TABLE `device_information`
  MODIFY `id` bigint(20) UNSIGNED NOT NULL AUTO_INCREMENT, AUTO_INCREMENT=3022;

--
-- AUTO_INCREMENT для таблицы `events`
--
ALTER TABLE `events`
  MODIFY `id` int(11) NOT NULL AUTO_INCREMENT;

--
-- AUTO_INCREMENT для таблицы `hardness`
--
ALTER TABLE `hardness`
  MODIFY `id` int(11) NOT NULL AUTO_INCREMENT, AUTO_INCREMENT=6;

--
-- AUTO_INCREMENT для таблицы `individual_order`
--
ALTER TABLE `individual_order`
  MODIFY `id` int(11) NOT NULL AUTO_INCREMENT, AUTO_INCREMENT=12;

--
-- AUTO_INCREMENT для таблицы `knifes`
--
ALTER TABLE `knifes`
  MODIFY `id` int(11) NOT NULL AUTO_INCREMENT;

--
-- AUTO_INCREMENT для таблицы `knife_images`
--
ALTER TABLE `knife_images`
  MODIFY `id` int(11) NOT NULL AUTO_INCREMENT;

--
-- AUTO_INCREMENT для таблицы `knife_images_serial`
--
ALTER TABLE `knife_images_serial`
  MODIFY `id` int(11) NOT NULL AUTO_INCREMENT, AUTO_INCREMENT=39;

--
-- AUTO_INCREMENT для таблицы `knife_properties_in_order`
--
ALTER TABLE `knife_properties_in_order`
  MODIFY `id` int(11) NOT NULL AUTO_INCREMENT, AUTO_INCREMENT=129;

--
-- AUTO_INCREMENT для таблицы `messages`
--
ALTER TABLE `messages`
  MODIFY `id` int(11) NOT NULL AUTO_INCREMENT, AUTO_INCREMENT=1448;

--
-- AUTO_INCREMENT для таблицы `orderpaynowtoken`
--
ALTER TABLE `orderpaynowtoken`
  MODIFY `id` int(11) NOT NULL AUTO_INCREMENT;

--
-- AUTO_INCREMENT для таблицы `orders`
--
ALTER TABLE `orders`
  MODIFY `id` int(11) NOT NULL AUTO_INCREMENT, AUTO_INCREMENT=134;

--
-- AUTO_INCREMENT для таблицы `order_statuses_for_type_users`
--
ALTER TABLE `order_statuses_for_type_users`
  MODIFY `id` int(11) NOT NULL AUTO_INCREMENT, AUTO_INCREMENT=67;

--
-- AUTO_INCREMENT для таблицы `outersfromorder`
--
ALTER TABLE `outersfromorder`
  MODIFY `id` int(11) NOT NULL AUTO_INCREMENT, AUTO_INCREMENT=716;

--
-- AUTO_INCREMENT для таблицы `password_add`
--
ALTER TABLE `password_add`
  MODIFY `id` int(11) NOT NULL AUTO_INCREMENT, AUTO_INCREMENT=68;

--
-- AUTO_INCREMENT для таблицы `password_recovery`
--
ALTER TABLE `password_recovery`
  MODIFY `id` int(11) NOT NULL AUTO_INCREMENT, AUTO_INCREMENT=20;

--
-- AUTO_INCREMENT для таблицы `products_in_order`
--
ALTER TABLE `products_in_order`
  MODIFY `id` int(11) NOT NULL AUTO_INCREMENT;

--
-- AUTO_INCREMENT для таблицы `products_serial_in_order`
--
ALTER TABLE `products_serial_in_order`
  MODIFY `id` int(11) NOT NULL AUTO_INCREMENT, AUTO_INCREMENT=5;

--
-- AUTO_INCREMENT для таблицы `serial_knifes`
--
ALTER TABLE `serial_knifes`
  MODIFY `id` int(11) NOT NULL AUTO_INCREMENT, AUTO_INCREMENT=11;

--
-- AUTO_INCREMENT для таблицы `sms_alert`
--
ALTER TABLE `sms_alert`
  MODIFY `id` int(11) NOT NULL AUTO_INCREMENT, AUTO_INCREMENT=3;

--
-- AUTO_INCREMENT для таблицы `spuski`
--
ALTER TABLE `spuski`
  MODIFY `id` int(11) NOT NULL AUTO_INCREMENT, AUTO_INCREMENT=4;

--
-- AUTO_INCREMENT для таблицы `spuskinorder`
--
ALTER TABLE `spuskinorder`
  MODIFY `id` int(11) NOT NULL AUTO_INCREMENT, AUTO_INCREMENT=129;

--
-- AUTO_INCREMENT для таблицы `typeofblade`
--
ALTER TABLE `typeofblade`
  MODIFY `id` int(11) NOT NULL AUTO_INCREMENT, AUTO_INCREMENT=48;

--
-- AUTO_INCREMENT для таблицы `typeofbolster`
--
ALTER TABLE `typeofbolster`
  MODIFY `id` int(11) NOT NULL AUTO_INCREMENT, AUTO_INCREMENT=16;

--
-- AUTO_INCREMENT для таблицы `typeofhandle`
--
ALTER TABLE `typeofhandle`
  MODIFY `id` int(11) NOT NULL AUTO_INCREMENT, AUTO_INCREMENT=37;

--
-- AUTO_INCREMENT для таблицы `typeofhandlematerial`
--
ALTER TABLE `typeofhandlematerial`
  MODIFY `id` int(11) NOT NULL AUTO_INCREMENT, AUTO_INCREMENT=15;

--
-- AUTO_INCREMENT для таблицы `typeofsend`
--
ALTER TABLE `typeofsend`
  MODIFY `id` int(11) NOT NULL AUTO_INCREMENT, AUTO_INCREMENT=5;

--
-- AUTO_INCREMENT для таблицы `typeofsteel`
--
ALTER TABLE `typeofsteel`
  MODIFY `id` int(11) NOT NULL AUTO_INCREMENT, AUTO_INCREMENT=20;

--
-- AUTO_INCREMENT для таблицы `users`
--
ALTER TABLE `users`
  MODIFY `id` int(11) NOT NULL AUTO_INCREMENT, AUTO_INCREMENT=139;

--
-- AUTO_INCREMENT для таблицы `user_of_device`
--
ALTER TABLE `user_of_device`
  MODIFY `id` bigint(20) UNSIGNED NOT NULL AUTO_INCREMENT, AUTO_INCREMENT=10;

--
-- Ограничения внешнего ключа сохраненных таблиц
--

--
-- Ограничения внешнего ключа таблицы `additioninorder`
--
ALTER TABLE `additioninorder`
  ADD CONSTRAINT `FK_id_of_addition` FOREIGN KEY (`id_addition`) REFERENCES `additionofblade` (`id`),
  ADD CONSTRAINT `FK_id_of_order_of_addition` FOREIGN KEY (`id_order`) REFERENCES `orders` (`id`);

--
-- Ограничения внешнего ключа таблицы `additionofblade`
--
ALTER TABLE `additionofblade`
  ADD CONSTRAINT `FK_id_damask` FOREIGN KEY (`damask`) REFERENCES `damask` (`id`),
  ADD CONSTRAINT `FK_viewable_1` FOREIGN KEY (`viewable`) REFERENCES `viewable` (`id`);

--
-- Ограничения внешнего ключа таблицы `events`
--
ALTER TABLE `events`
  ADD CONSTRAINT `FK_id_of_individual_event` FOREIGN KEY (`id_individual`) REFERENCES `individual_order` (`id`),
  ADD CONSTRAINT `FK_id_of_order_event` FOREIGN KEY (`id_order`) REFERENCES `orders` (`id`),
  ADD CONSTRAINT `FK_id_status_event` FOREIGN KEY (`id_status`) REFERENCES `order_statuses` (`id`);

--
-- Ограничения внешнего ключа таблицы `individual_order`
--
ALTER TABLE `individual_order`
  ADD CONSTRAINT `FK_id_master_individ` FOREIGN KEY (`id_master`) REFERENCES `users` (`id`),
  ADD CONSTRAINT `FK_id_payed_individual` FOREIGN KEY (`id_payed`) REFERENCES `payed` (`id`),
  ADD CONSTRAINT `FK_id_payment_individual` FOREIGN KEY (`id_payment`) REFERENCES `types_of_payment` (`id`),
  ADD CONSTRAINT `FK_id_status_individual` FOREIGN KEY (`id_status`) REFERENCES `order_statuses` (`id`),
  ADD CONSTRAINT `FK_id_typeOfSend1` FOREIGN KEY (`id_type_send`) REFERENCES `typeofsend` (`id`),
  ADD CONSTRAINT `FK_id_type_order_ind` FOREIGN KEY (`id_type_order`) REFERENCES `types_of_order` (`id`),
  ADD CONSTRAINT `FK_id_user_for_individual` FOREIGN KEY (`id_user`) REFERENCES `users` (`id`),
  ADD CONSTRAINT `FK_id_viewed_individual` FOREIGN KEY (`id_viewed`) REFERENCES `viewed` (`id`),
  ADD CONSTRAINT `FK_id_viewed_individual_master` FOREIGN KEY (`id_viewed_master`) REFERENCES `viewed` (`id`);

--
-- Ограничения внешнего ключа таблицы `knifes`
--
ALTER TABLE `knifes`
  ADD CONSTRAINT `FK_id_status_product` FOREIGN KEY (`id_status`) REFERENCES `product_statuses` (`id`),
  ADD CONSTRAINT `FK_id_typestellproduct` FOREIGN KEY (`id_steel`) REFERENCES `typeofsteel` (`id`);

--
-- Ограничения внешнего ключа таблицы `knife_images`
--
ALTER TABLE `knife_images`
  ADD CONSTRAINT `FK_id_knifeForImage` FOREIGN KEY (`id_knife`) REFERENCES `knifes` (`id`);

--
-- Ограничения внешнего ключа таблицы `knife_images_serial`
--
ALTER TABLE `knife_images_serial`
  ADD CONSTRAINT `FK_id_knifeForImageSerial` FOREIGN KEY (`id_knife`) REFERENCES `serial_knifes` (`id`);

--
-- Ограничения внешнего ключа таблицы `knife_properties_in_order`
--
ALTER TABLE `knife_properties_in_order`
  ADD CONSTRAINT `FK_id_order_for_knife_properites` FOREIGN KEY (`id_order`) REFERENCES `orders` (`id`),
  ADD CONSTRAINT `FK_id_typeOfBlade` FOREIGN KEY (`id_typeOfBlade`) REFERENCES `typeofblade` (`id`),
  ADD CONSTRAINT `FK_id_typeOfBolster` FOREIGN KEY (`id_typeOfBolster`) REFERENCES `typeofbolster` (`id`),
  ADD CONSTRAINT `FK_id_typeOfHandle` FOREIGN KEY (`id_typeOfHandle`) REFERENCES `typeofhandle` (`id`),
  ADD CONSTRAINT `FK_id_typeOfHandleMaterial` FOREIGN KEY (`id_typeOfHandleMaterial`) REFERENCES `typeofhandlematerial` (`id`),
  ADD CONSTRAINT `FK_id_typeOfSteel` FOREIGN KEY (`id_typeOfSteel`) REFERENCES `typeofsteel` (`id`);

--
-- Ограничения внешнего ключа таблицы `messages`
--
ALTER TABLE `messages`
  ADD CONSTRAINT `FK_id_of_individual_` FOREIGN KEY (`id_individual`) REFERENCES `individual_order` (`id`),
  ADD CONSTRAINT `FK_id_of_order` FOREIGN KEY (`id_order`) REFERENCES `orders` (`id`),
  ADD CONSTRAINT `FK_id_of_recipient` FOREIGN KEY (`id_recipient`) REFERENCES `users` (`id`),
  ADD CONSTRAINT `FK_id_of_sender` FOREIGN KEY (`id_sender`) REFERENCES `users` (`id`),
  ADD CONSTRAINT `FK_id_type_message` FOREIGN KEY (`id_message_type`) REFERENCES `message_type` (`id`);

--
-- Ограничения внешнего ключа таблицы `orderpaynowtoken`
--
ALTER TABLE `orderpaynowtoken`
  ADD CONSTRAINT `FK_id_order_for_pay_now` FOREIGN KEY (`id_order`) REFERENCES `orders` (`id`);

--
-- Ограничения внешнего ключа таблицы `orders`
--
ALTER TABLE `orders`
  ADD CONSTRAINT `FK_id_master_order` FOREIGN KEY (`id_master`) REFERENCES `users` (`id`),
  ADD CONSTRAINT `FK_id_payed` FOREIGN KEY (`id_payed`) REFERENCES `payed` (`id`),
  ADD CONSTRAINT `FK_id_payment` FOREIGN KEY (`id_payment`) REFERENCES `types_of_payment` (`id`),
  ADD CONSTRAINT `FK_id_status_order` FOREIGN KEY (`id_status`) REFERENCES `order_statuses` (`id`),
  ADD CONSTRAINT `FK_id_typeOfSend2` FOREIGN KEY (`id_type_send`) REFERENCES `typeofsend` (`id`),
  ADD CONSTRAINT `FK_id_type_order` FOREIGN KEY (`id_type_order`) REFERENCES `types_of_order` (`id`),
  ADD CONSTRAINT `FK_id_user_for_order` FOREIGN KEY (`id_user`) REFERENCES `users` (`id`),
  ADD CONSTRAINT `FK_id_viewed_order` FOREIGN KEY (`id_viewed`) REFERENCES `viewed` (`id`),
  ADD CONSTRAINT `FK_id_viewed_order_master` FOREIGN KEY (`id_viewed_master`) REFERENCES `viewed` (`id`);

--
-- Ограничения внешнего ключа таблицы `order_statuses_for_type_users`
--
ALTER TABLE `order_statuses_for_type_users`
  ADD CONSTRAINT `FK_id_ord` FOREIGN KEY (`id_order_status`) REFERENCES `order_statuses` (`id`),
  ADD CONSTRAINT `FK_id_user_type` FOREIGN KEY (`id_user_type`) REFERENCES `user_statuses` (`id`);

--
-- Ограничения внешнего ключа таблицы `outersfromorder`
--
ALTER TABLE `outersfromorder`
  ADD CONSTRAINT `FK_id_of_individual_out` FOREIGN KEY (`id_individual`) REFERENCES `individual_order` (`id`),
  ADD CONSTRAINT `FK_id_of_order_out` FOREIGN KEY (`id_order`) REFERENCES `orders` (`id`),
  ADD CONSTRAINT `FK_id_online` FOREIGN KEY (`online`) REFERENCES `onlines` (`id`),
  ADD CONSTRAINT `FK_id_user_out` FOREIGN KEY (`id_user`) REFERENCES `users` (`id`);

--
-- Ограничения внешнего ключа таблицы `password_add`
--
ALTER TABLE `password_add`
  ADD CONSTRAINT `FK_id_user_for_add_password` FOREIGN KEY (`id_user`) REFERENCES `users` (`id`);

--
-- Ограничения внешнего ключа таблицы `password_recovery`
--
ALTER TABLE `password_recovery`
  ADD CONSTRAINT `FK_id_user_for_recovery` FOREIGN KEY (`id_user`) REFERENCES `users` (`id`);

--
-- Ограничения внешнего ключа таблицы `products_in_order`
--
ALTER TABLE `products_in_order`
  ADD CONSTRAINT `FK_id_order` FOREIGN KEY (`id_order`) REFERENCES `orders` (`id`),
  ADD CONSTRAINT `FK_id_product` FOREIGN KEY (`id_product`) REFERENCES `knifes` (`id`);

--
-- Ограничения внешнего ключа таблицы `products_serial_in_order`
--
ALTER TABLE `products_serial_in_order`
  ADD CONSTRAINT `FK_id_order_for_serial` FOREIGN KEY (`id_order`) REFERENCES `orders` (`id`),
  ADD CONSTRAINT `FK_id_product_serial` FOREIGN KEY (`id_product`) REFERENCES `serial_knifes` (`id`);

--
-- Ограничения внешнего ключа таблицы `serial_knifes`
--
ALTER TABLE `serial_knifes`
  ADD CONSTRAINT `FK_id_knifes_serial_steel` FOREIGN KEY (`id_steel`) REFERENCES `typeofsteel` (`id`);

--
-- Ограничения внешнего ключа таблицы `spuski`
--
ALTER TABLE `spuski`
  ADD CONSTRAINT `Fk_view_spusk` FOREIGN KEY (`viewable`) REFERENCES `viewable` (`id`);

--
-- Ограничения внешнего ключа таблицы `spuskinorder`
--
ALTER TABLE `spuskinorder`
  ADD CONSTRAINT `FK_id_of_order_of_spusk` FOREIGN KEY (`id_order`) REFERENCES `orders` (`id`),
  ADD CONSTRAINT `FK_id_of_spusk` FOREIGN KEY (`id_spusk`) REFERENCES `spuski` (`id`);

--
-- Ограничения внешнего ключа таблицы `typeofblade`
--
ALTER TABLE `typeofblade`
  ADD CONSTRAINT `FK_id_of_bent` FOREIGN KEY (`bent`) REFERENCES `bent` (`id`),
  ADD CONSTRAINT `FK_id_of_free` FOREIGN KEY (`free`) REFERENCES `free` (`id`),
  ADD CONSTRAINT `FK_id_of_k_hardness_blade` FOREIGN KEY (`hardness`) REFERENCES `hardness` (`id`);

--
-- Ограничения внешнего ключа таблицы `typeofbolster`
--
ALTER TABLE `typeofbolster`
  ADD CONSTRAINT `FK_id_of_restrict_bolster` FOREIGN KEY (`restricted`) REFERENCES `restricts` (`id`);

--
-- Ограничения внешнего ключа таблицы `typeofhandle`
--
ALTER TABLE `typeofhandle`
  ADD CONSTRAINT `FK_id_of_k_hardness_handle` FOREIGN KEY (`hardness`) REFERENCES `hardness` (`id`),
  ADD CONSTRAINT `FK_id_of_restrict` FOREIGN KEY (`restricted`) REFERENCES `restricts` (`id`),
  ADD CONSTRAINT `FK_id_typeHandleHeigh` FOREIGN KEY (`heightHandle`) REFERENCES `heighthandle` (`id`);

--
-- Ограничения внешнего ключа таблицы `typeofsteel`
--
ALTER TABLE `typeofsteel`
  ADD CONSTRAINT `DamaskFk` FOREIGN KEY (`damask`) REFERENCES `damask` (`id`);

--
-- Ограничения внешнего ключа таблицы `users`
--
ALTER TABLE `users`
  ADD CONSTRAINT `FK_id_area` FOREIGN KEY (`id_area`) REFERENCES `areas` (`id`),
  ADD CONSTRAINT `FK_id_operator` FOREIGN KEY (`id_operator`) REFERENCES `users` (`id`),
  ADD CONSTRAINT `FK_id_sms_alert` FOREIGN KEY (`sms_alert_id`) REFERENCES `sms_alert` (`id`),
  ADD CONSTRAINT `FK_id_status_of_account` FOREIGN KEY (`account_status_id`) REFERENCES `account_statuses` (`id`),
  ADD CONSTRAINT `FK_id_status_of_user` FOREIGN KEY (`status`) REFERENCES `user_statuses` (`id`);
COMMIT;

/*!40101 SET CHARACTER_SET_CLIENT=@OLD_CHARACTER_SET_CLIENT */;
/*!40101 SET CHARACTER_SET_RESULTS=@OLD_CHARACTER_SET_RESULTS */;
/*!40101 SET COLLATION_CONNECTION=@OLD_COLLATION_CONNECTION */;
